MCV0,NE0,PLT10,RBC0,MPV0,MCH0,MOT0,BAT0,RDW0,NET0,EO0,HGB0,LY0,EOT0,WBC0,BA0,MCHC0,HCT0,LYT0,MO0,Severity,Age,Sex,patid,id,Dead,patdate
91.1,46.1,200.0,4.62,10.6,31.2,0.7,0.1,12.0,3.1,2.4,14.4,40.2,0.2,6.8,0.9,34.2,42.1,2.7,10.4,0,49,1,A00808,A00808_2020-02-16,0,2020-02-16
91.5,53.2,209.0,4.83,10.4,31.1,0.6,0.0,12.2,3.6,2.2,15.0,35.1,0.1,6.7,0.7,33.9,44.2,2.4,8.8,0,49,1,A00808,A00808_2020-02-18,0,2020-02-18
93.3,,152.0,4.35,9.9,32.9,,,11.6,,,14.3,,,9.5,,35.2,40.6,,,1,77,1,A00323,A00323_2020-02-23,0,2020-02-23
82.4,,231.0,3.905,10.65,25.2,,,22.1,,,9.85,,,20.45,,30.6,32.2,,,0,73,0,A01096,A01096_2020-02-23,0,2020-02-23
84.1,78.0,103.0,3.46,11.0,29.2,0.3,0.0,13.0,4.1,0.0,10.1,15.4,0.0,5.2,0.0,34.7,29.1,0.8,6.6,0,69,0,A00124,A00124_2020-02-23,0,2020-02-23
89.6,,176.0,4.99,11.2,31.1,,,12.3,,,15.5,,,10.9,,34.7,44.7,,,0,75,0,A01078,A01078_2020-02-24,0,2020-02-24
98.43333333333334,37.0,55.33333333333334,2.906666666666666,,31.76666666666667,0.1,0.0,19.5,0.4,8.5,9.233333333333334,44.0,0.1,1.0,0.5,32.3,28.6,0.5,10.0,0,79,1,A00417,A00417_2020-02-24,0,2020-02-24
58.1,,245.0,6.58,,19.0,,,19.5,,,12.5,,,10.1,,32.7,38.2,,,0,72,0,A00115,A00115_2020-02-24,0,2020-02-24
88.6,57.0,195.5,5.605,10.25,30.15,0.5,0.1,12.15,4.5,0.9,16.9,35.3,0.1,7.75,0.9,34.05,49.65,2.8,5.9,0,28,1,A00096,A00096_2020-02-24,0,2020-02-24
91.5,54.4,149.0,3.89,10.0,31.9,0.6,0.0,11.5,1.7,1.3,12.4,25.3,0.0,3.2,0.6,34.8,35.6,0.8,18.4,1,77,1,A00323,A00323_2020-02-24,0,2020-02-24
86.0,,181.0,4.21,11.8,25.7,,,14.6,,,10.8,,,8.5,,29.8,36.2,,,0,76,1,A01210,A01210_2020-02-24,0,2020-02-24
79.1,,193.0,4.25,10.6,24.0,,,18.7,,,10.2,,,5.4,,30.4,33.6,,,0,39,0,A00486,A00486_2020-02-24,0,2020-02-24
78.6,,317.0,5.18,9.3,26.1,,,13.2,,,13.5,,,9.2,,33.2,40.7,,,0,47,1,A01194,A01194_2020-02-24,0,2020-02-24
91.0,,140.0,3.98,11.6,29.4,,,13.9,,,11.7,,,7.4,,32.3,36.2,,,0,60,0,A01111,A01111_2020-02-24,0,2020-02-24
81.69999999999999,82.0,253.0,3.71,10.93333333333333,24.8,0.8,0.0,22.36666666666666,9.8,0.25,9.200000000000001,10.7,0.0,13.3,0.25,30.36666666666666,30.3,1.25,6.8,0,73,0,A01096,A01096_2020-02-24,0,2020-02-24
88.0,,164.0,4.01,9.4,28.2,,,18.0,,,11.3,,,5.9,,32.0,35.3,,,0,64,1,A00522,A00522_2020-02-25,0,2020-02-25
80.1,79.0,274.0,3.96,9.6,23.7,0.1,0.0,12.8,5.8,0.0,9.4,20.0,0.0,7.3,0.0,29.7,31.7,1.5,1.0,0,57,1,A00706,A00706_2020-02-25,0,2020-02-25
84.5,77.0,249.0,5.02,11.2,28.7,1.0,0.0,11.9,7.5,0.0,14.4,13.0,0.0,9.7,0.0,34.0,42.4,1.3,10.0,0,28,1,A00572,A00572_2020-02-26,0,2020-02-26
93.3,86.2,332.0,3.15,10.8,30.2,0.6,0.1,12.9,10.6,2.8,9.5,5.6,0.3,12.3,0.5,32.3,29.4,0.7,4.9,0,83,0,A01279,A01279_2020-02-26,0,2020-02-26
87.1,,211.0,5.28,12.0,29.5,,,11.3,,,15.6,,,8.2,,33.9,46.0,,,0,30,1,A00745,A00745_2020-02-26,0,2020-02-26
80.8,58.6,300.0,5.51,10.1,26.7,0.8,0.0,13.0,4.5,3.0,14.7,28.3,0.2,7.7,0.3,33.0,44.5,2.2,9.8,0,36,1,A00697,A00697_2020-02-26,0,2020-02-26
84.2,71.0,127.0,4.67,10.2,28.5,0.2,0.0,12.3,4.3,0.0,13.3,25.0,0.0,6.0,0.0,33.8,39.3,1.5,4.0,0,32,1,A01580,A01580_2020-02-26,0,2020-02-26
65.9,52.0,191.0,6.18,10.5,20.2,0.4,0.0,15.5,2.5,1.0,12.5,38.0,0.0,4.9,1.0,30.7,40.7,1.9,8.0,0,32,1,A00158,A00158_2020-02-26,0,2020-02-26
81.1,86.9,398.0,4.91,9.9,24.6,0.4,0.0,12.8,9.0,0.0,12.1,9.3,0.0,10.4,0.0,30.4,39.8,1.0,3.8,0,57,1,A00706,A00706_2020-02-26,0,2020-02-26
97.9,82.7,131.0,3.27,10.5,32.1,0.3,0.0,14.0,2.4,0.3,10.5,7.3,0.0,2.9,0.7,32.8,32.0,0.2,9.0,0,59,1,A00862,A00862_2020-02-26,0,2020-02-26
84.1,60.0,203.0,5.574999999999999,9.95,30.1,0.4,0.0,13.05,4.2,6.0,16.8,28.0,0.4,7.0,0.0,35.8,46.9,2.0,6.0,0,68,1,A01459,A01459_2020-02-26,0,2020-02-26
78.2,51.1,279.0,5.41,10.8,25.5,0.4,0.0,13.2,2.5,7.5,13.8,32.5,0.4,4.8,0.4,32.6,42.3,1.6,8.5,0,45,1,A00551,A00551_2020-02-26,0,2020-02-26
93.7,47.0,129.0,4.94,10.1,32.0,0.5,0.0,13.5,1.9,0.0,15.8,40.0,0.0,4.0,0.8,34.1,46.3,1.6,12.2,0,52,1,A01458,A01458_2020-02-27,0,2020-02-27
75.0,80.6,357.0,4.28,9.4,23.6,1.6,0.1,16.7,18.9,0.4,10.1,12.0,0.1,23.5,0.3,31.5,32.1,2.8,6.7,0,86,0,A01178,A01178_2020-02-27,0,2020-02-27
108.7,68.4,259.0,4.73,10.8,34.2,1.3,0.0,16.4,4.4,0.3,16.2,10.3,0.0,6.4,0.2,31.5,51.4,0.7,20.8,0,91,1,A00505,A00505_2020-02-27,0,2020-02-27
83.1,69.6,204.0,4.43,11.5,27.5,0.7,0.0,16.1,5.8,0.4,12.2,20.7,0.0,8.4,0.5,33.2,36.8,1.7,8.8,0,63,1,A00470,A00470_2020-02-27,0,2020-02-27
84.6,95.5,211.0,4.54,9.149999999999999,27.5,0.35,0.15,16.4,27.35,0.05,12.5,2.95,0.0,28.65,0.45,32.5,38.45,0.85,1.05,0,83,1,A01164,A01164_2020-02-27,0,2020-02-27
92.9,42.6,134.0,4.78,9.5,31.6,0.5,0.0,14.2,1.2,1.5,15.1,37.5,0.0,2.7,0.4,34.0,44.4,1.0,18.0,0,69,1,A00387,A00387_2020-02-27,0,2020-02-27
79.7,45.1,351.0,5.23,9.6,26.0,0.7,0.0,13.4,2.9,5.8,13.6,37.9,0.4,6.4,0.3,32.6,41.7,2.4,10.9,0,36,1,A00697,A00697_2020-02-27,0,2020-02-27
88.5,84.6,170.0,4.88,10.9,29.5,0.8,0.0,14.6,7.1,0.2,14.4,5.2,0.0,8.4,0.5,33.3,43.2,0.4,9.5,0,81,1,A00056,A00056_2020-02-27,0,2020-02-27
96.75,83.2,125.0,3.649999999999999,10.7,31.35,0.2,0.0,13.75,2.2,0.0,11.45,7.7,0.0,2.6,0.4,32.40000000000001,35.3,0.2,8.7,0,59,1,A00862,A00862_2020-02-27,0,2020-02-27
86.0,58.2,214.0,5.64,10.2,29.8,0.5,0.0,11.7,4.1,1.4,16.8,33.0,0.1,7.1,0.7,34.6,48.5,2.3,6.7,0,28,1,A00096,A00096_2020-02-27,0,2020-02-27
81.5,49.6,359.0,4.6,9.7,24.3,0.4,0.0,13.1,2.5,1.0,11.2,41.0,0.1,5.0,0.2,29.9,37.5,2.1,8.2,0,57,1,A00706,A00706_2020-02-27,0,2020-02-27
102.6,96.0,262.0,1.96,9.9,34.7,0.4,0.0,14.2,17.8,0.0,6.8,2.0,0.0,18.5,0.0,33.8,20.1,0.4,2.0,0,91,1,A01329,A01329_2020-02-27,0,2020-02-27
89.1,70.1,222.0,4.66,11.0,28.1,0.8,0.0,14.7,6.9,0.2,13.1,21.5,0.0,9.8,0.1,31.6,41.5,2.1,8.1,0,93,0,A00879,A00879_2020-02-28,0,2020-02-28
79.55,53.34999999999999,140.0,4.154999999999999,11.3,26.7,0.55,0.0,13.95,1.45,0.8,11.1,26.6,0.0,2.75,0.9,33.55,33.05,0.75,18.35,0,46,1,A01218,A01218_2020-02-28,0,2020-02-28
77.6,39.3,318.0,5.27,10.3,24.9,0.4,0.0,12.9,1.7,11.1,13.1,40.2,0.5,4.2,0.7,32.0,40.9,1.7,8.7,0,45,1,A00551,A00551_2020-02-28,0,2020-02-28
83.3,53.7,126.0,4.78,10.1,28.2,0.4,0.0,12.2,3.3,0.8,13.5,38.5,0.0,6.2,0.3,33.9,39.8,2.4,6.7,0,32,1,A01580,A01580_2020-02-28,0,2020-02-28
63.2,70.0,161.0,4.97,,19.7,0.5,0.0,16.6,6.1,2.0,9.8,22.0,0.2,8.7,0.0,31.2,31.4,1.9,6.0,0,37,0,A00899,A00899_2020-02-28,0,2020-02-28
92.3,,259.0,5.6,9.9,29.1,,,13.9,,,16.3,,,11.4,,31.5,51.7,,,0,76,1,A01372,A01372_2020-02-28,0,2020-02-28
84.8,86.6,166.0,5.13,10.4,26.5,0.2,0.0,14.7,6.7,0.0,13.6,10.2,0.0,7.7,0.0,31.3,43.5,0.8,3.2,0,84,1,A00164,A00164_2020-02-28,0,2020-02-28
91.8,84.1,148.0,4.16,10.7,32.2,0.1,0.0,16.8,3.5,0.0,13.4,11.8,0.0,4.2,0.7,35.1,38.2,0.5,3.4,0,75,1,A00197,A00197_2020-02-28,0,2020-02-28
78.8,61.0,151.0,5.19,9.9,28.9,0.4,0.0,12.3,2.1,0.0,15.0,26.4,0.0,3.5,0.3,36.7,40.9,0.9,12.3,0,55,1,A00011,A00011_2020-02-28,0,2020-02-28
83.8,31.0,295.0,4.13,9.5,29.3,0.3,0.0,12.1,0.9,3.0,12.1,56.0,0.1,2.8,0.0,35.0,34.6,1.6,10.0,0,34,0,A00210,A00210_2020-02-28,0,2020-02-28
92.5,,126.0,4.54,10.1,31.5,,,15.9,,,14.3,,,12.4,,34.0,42.0,,,0,61,1,A01318,A01318_2020-02-29,0,2020-02-29
85.9,89.5,160.0,4.6,9.4,30.7,0.6,0.0,13.3,9.8,0.1,14.1,4.9,0.0,10.9,0.4,35.7,39.5,0.5,5.1,0,70,1,A01189,A01189_2020-02-29,0,2020-02-29
83.1,79.9,157.0,5.15,11.9,28.3,0.3,0.0,12.5,5.3,0.0,14.6,15.2,0.0,6.6,0.3,34.1,42.8,1.0,4.6,1,41,1,A00367,A00367_2020-02-29,0,2020-02-29
88.6,,398.0,4.65,9.8,28.6,,,14.2,,,13.3,,,21.4,,32.3,41.2,,,0,83,1,A00740,A00740_2020-02-29,0,2020-02-29
99.3,70.9,137.0,4.36,12.4,33.5,0.2,0.0,12.5,3.7,0.2,14.6,24.0,0.0,5.2,0.2,33.7,43.3,1.2,4.7,0,74,1,A00588,A00588_2020-02-29,0,2020-02-29
104.1,62.5,38.0,2.95,11.6,37.3,0.1,0.0,14.9,1.8,0.0,11.0,33.1,0.0,2.8,0.4,35.8,30.7,0.9,4.0,0,78,1,A01444,A01444_2020-03-01,0,2020-03-01
91.6,86.0,222.0,3.44,10.5,28.8,0.4,0.0,14.9,6.0,0.1,9.9,8.3,0.0,7.0,0.3,31.4,31.5,0.6,5.3,0,88,0,A01087,A01087_2020-03-01,0,2020-03-01
95.6,,145.0,4.81,11.8,31.4,,,13.3,,,15.1,,,13.4,,32.8,46.0,,,0,80,0,A01203,A01203_2020-03-01,0,2020-03-01
89.3,67.4,162.0,3.09,,29.1,0.4,0.0,16.1,2.2,0.3,9.0,18.4,0.0,3.3,0.6,32.6,27.6,0.6,13.3,1,82,1,A00836,A00836_2020-03-01,0,2020-03-01
89.2,78.4,187.0,4.52,11.0,29.9,1.3,0.0,13.3,10.2,0.0,13.5,11.7,0.0,13.0,0.2,33.5,40.3,1.5,9.7,0,76,0,A00926,A00926_2020-03-01,0,2020-03-01
88.7,,266.0,4.68,10.6,26.3,,,14.9,,,12.3,,,22.4,,29.6,41.5,,,0,83,0,A00946,A00946_2020-03-01,0,2020-03-01
88.8,70.6,341.0,3.21,9.0,29.0,0.6,0.0,12.8,7.3,0.8,9.3,22.4,0.1,10.4,0.2,32.6,28.5,2.3,6.0,0,39,0,A01453,A01453_2020-03-01,0,2020-03-01
86.1,68.0,201.0,5.53,9.8,28.9,1.0,0.0,13.1,5.4,0.0,16.0,19.3,0.0,7.9,0.1,33.6,47.6,1.5,12.6,0,53,1,A00355,A00355_2020-03-01,0,2020-03-01
92.6,89.0,252.0,4.44,9.3,30.6,0.4,0.0,12.8,12.0,0.1,13.6,7.6,0.0,13.5,0.3,33.1,41.1,1.0,3.0,0,85,0,A00728,A00728_2020-03-01,0,2020-03-01
103.3,,82.0,1.81,10.7,33.7,,,18.9,,,6.1,,,5.0,,32.6,18.7,,,0,73,0,A01149,A01149_2020-03-01,0,2020-03-01
86.9,60.9,150.0,5.27,11.6,28.8,0.3,0.0,12.5,3.0,0.0,15.2,33.1,0.0,5.0,0.2,33.2,45.8,1.7,5.8,0,47,1,A00845,A00845_2020-03-01,0,2020-03-01
79.8,41.0,583.0,5.5,9.3,26.0,0.5,0.0,13.1,2.6,6.1,14.3,44.1,0.4,6.4,0.5,32.6,43.9,2.8,8.3,0,36,1,A00697,A00697_2020-03-01,0,2020-03-01
88.6,85.9,328.0,4.12,10.2,28.9,1.1,0.0,14.3,13.1,0.4,11.9,6.5,0.1,15.2,0.2,32.6,36.5,1.0,7.0,0,83,1,A00740,A00740_2020-03-01,0,2020-03-01
80.0,68.6,143.0,4.09,10.0,26.4,0.3,0.0,15.2,2.9,0.0,10.8,25.3,0.0,4.3,0.2,33.0,32.7,1.1,5.9,0,38,0,A00436,A00436_2020-03-01,0,2020-03-01
90.3,,158.0,3.82,11.3,29.1,,,19.2,,,11.1,,,19.7,,32.2,34.5,,,0,89,0,A00738,A00738_2020-03-01,0,2020-03-01
100.8,,89.0,3.58,9.3,33.8,,,19.1,,,12.1,,,4.7,,33.5,36.1,,,0,76,1,A00982,A00982_2020-03-01,0,2020-03-01
79.2,58.2,367.0,5.25,9.3,24.2,0.6,0.0,13.2,4.2,2.4,12.7,30.2,0.2,7.2,0.3,30.5,41.6,2.2,8.9,0,57,1,A00706,A00706_2020-03-01,0,2020-03-01
82.1,67.7,276.0,5.15,9.7,27.2,0.4,0.0,13.3,3.6,1.5,14.0,23.0,0.1,5.3,0.2,33.1,42.3,1.2,7.6,0,62,1,A01683,A01683_2020-03-01,0,2020-03-01
80.6,64.9,128.0,4.68,10.5,28.4,0.2,0.0,12.2,1.9,0.0,13.3,27.7,0.0,2.9,0.0,35.3,37.7,0.8,7.4,0,55,1,A00011,A00011_2020-03-01,0,2020-03-01
80.9,67.5,131.0,4.56,10.7,27.4,0.2,0.0,12.6,2.1,0.3,12.5,25.6,0.0,3.1,0.0,33.9,36.9,0.8,6.6,0,55,1,A00011,A00011_2020-03-02,0,2020-03-02
89.6,88.1,186.0,2.97,11.4,28.6,1.3,0.0,20.6,20.6,0.0,8.5,6.2,0.0,23.4,0.1,32.0,26.6,1.5,5.6,0,89,0,A00738,A00738_2020-03-02,0,2020-03-02
85.19999999999999,62.5,224.0,4.654999999999999,11.05,26.5,1.0,0.0,14.1,4.1,0.1,12.35,20.95,0.0,6.4,0.1,31.15,39.65,1.3,16.35,0,69,0,A00186,A00186_2020-03-02,0,2020-03-02
96.4,72.3,140.0,3.94,12.0,33.2,0.2,0.0,12.6,4.6,0.0,13.1,25.0,0.0,6.4,0.3,34.5,38.0,1.6,2.4,0,74,1,A00588,A00588_2020-03-02,0,2020-03-02
100.6,81.16666666666667,66.66666666666667,2.886666666666667,11.53333333333333,33.36666666666667,0.06666666666666667,0.0,18.96666666666667,1.666666666666667,0.3666666666666667,9.633333333333333,15.0,0.0,2.033333333333333,0.4,33.2,29.03333333333333,0.2666666666666667,3.066666666666666,0,76,1,A00982,A00982_2020-03-02,0,2020-03-02
81.0,76.7,187.0,5.42,11.5,28.2,0.3,0.0,12.4,4.5,0.0,15.3,18.4,0.0,5.9,0.2,34.9,43.9,1.1,4.7,1,41,1,A00367,A00367_2020-03-02,0,2020-03-02
83.8,84.75,99.5,2.865,9.3,27.25,0.2,0.05,14.4,5.35,0.4,7.8,10.4,0.0,6.35,1.0,32.5,24.0,0.6499999999999999,3.45,0,65,0,A01303,A01303_2020-03-02,0,2020-03-02
87.9,70.3,205.0,3.14,9.5,29.0,0.8,0.0,13.4,6.7,2.4,9.1,19.2,0.2,9.5,0.1,33.0,27.6,1.8,8.0,1,90,0,A00408,A00408_2020-03-02,0,2020-03-02
85.5,74.9,119.0,5.1,11.8,30.0,0.3,0.0,11.9,3.0,0.0,15.3,16.7,0.0,4.0,0.3,35.1,43.6,0.7,8.1,0,63,1,A00535,A00535_2020-03-02,0,2020-03-02
82.3,76.6,261.0,4.41,10.7,27.7,0.3,0.1,16.3,4.1,0.4,12.2,17.0,0.0,5.4,1.1,33.6,36.3,0.9,4.9,0,63,1,A00470,A00470_2020-03-02,0,2020-03-02
93.3,75.6,137.0,4.48,12.1,30.6,1.1,0.0,13.3,9.0,0.0,13.7,15.0,0.0,11.9,0.4,32.8,41.8,1.8,9.0,0,80,0,A01203,A01203_2020-03-02,0,2020-03-02
80.4,52.9,94.0,4.55,12.1,26.2,0.5,0.1,14.6,1.8,1.8,11.9,29.0,0.1,3.4,1.5,32.5,36.6,1.0,14.8,0,46,1,A01218,A01218_2020-03-02,0,2020-03-02
88.7,,156.0,4.68,9.9,30.1,,,13.3,,,14.1,,,8.2,,34.0,41.5,,,0,80,0,A01160,A01160_2020-03-02,0,2020-03-02
84.9,,258.0,2.79,10.7,27.6,,,15.7,,,7.7,,,6.4,,32.5,23.7,,,0,40,0,A01370,A01370_2020-03-02,0,2020-03-02
83.5,86.8,222.0,3.93,10.9,25.4,0.3,0.0,15.2,8.6,0.0,10.0,9.7,0.0,9.9,0.1,30.5,32.8,1.0,3.4,0,83,0,A00946,A00946_2020-03-02,0,2020-03-02
88.1,63.8,92.0,4.92,12.85,30.9,0.3,0.0,12.6,1.6,0.0,15.2,23.3,0.0,2.55,0.0,35.1,43.34999999999999,0.6,12.9,0,55,1,A01270,A01270_2020-03-02,0,2020-03-02
84.6,,117.0,5.0,12.4,29.0,,,13.1,,,14.5,,,5.2,,34.3,42.3,,,0,69,1,A01592,A01592_2020-03-02,0,2020-03-02
89.2,95.3,154.0,4.46,10.1,31.4,0.4,0.0,15.7,16.3,0.0,14.0,2.2,0.0,17.1,0.1,35.2,39.8,0.4,2.4,1,61,1,A01318,A01318_2020-03-02,0,2020-03-02
87.2,84.3,236.0,3.52,10.8,27.8,0.3,0.0,15.4,7.6,0.0,9.8,12.5,0.0,9.0,0.1,31.9,30.7,1.1,3.1,0,88,0,A01087,A01087_2020-03-02,0,2020-03-02
92.25,74.35,25.0,2.585,12.8,31.9,0.4,0.0,15.5,2.6,0.35,8.25,13.15,0.0,3.55,0.7,34.59999999999999,23.85,0.45,11.45,0,42,1,A01450,A01450_2020-03-02,0,2020-03-02
91.6,,185.0,5.09,9.8,30.8,,,13.6,,,15.7,,,7.9,,33.7,46.6,,,0,79,1,A00678,A00678_2020-03-02,0,2020-03-02
76.9,62.3,162.0,5.45,11.1,25.0,0.5,0.0,12.9,2.7,0.2,13.6,24.8,0.0,4.3,0.2,32.5,41.9,1.1,12.5,0,33,0,A01498,A01498_2020-03-02,0,2020-03-02
82.7,78.6,272.0,5.08,11.6,27.4,1.5,0.1,17.2,14.1,1.1,13.9,11.5,0.2,17.9,0.3,33.1,42.0,2.1,8.5,0,53,1,A00832,A00832_2020-03-03,0,2020-03-03
83.0,62.2,187.0,5.11,10.6,28.0,0.4,0.0,12.5,2.6,0.0,14.3,27.3,0.0,4.1,0.2,33.7,42.4,1.1,10.3,0,61,1,A00859,A00859_2020-03-03,0,2020-03-03
89.3,61.3,164.0,4.57,12.1,30.2,0.7,0.0,13.2,3.8,0.5,13.8,26.3,0.0,6.2,0.5,33.8,40.8,1.6,11.4,0,23,0,A00861,A00861_2020-03-03,0,2020-03-03
88.9,74.0,222.0,4.15,12.3,30.4,0.5,0.0,12.0,6.5,0.0,12.6,20.0,0.0,8.8,0.0,34.1,36.9,1.8,6.0,0,39,0,A01080,A01080_2020-03-03,0,2020-03-03
,,,,,,,,,,,,,,,,,,,,0,88,0,A01087,A01087_2020-03-03,0,2020-03-03
79.6,44.6,630.0,5.7,9.0,26.1,0.4,0.0,13.3,3.1,5.1,14.9,43.8,0.4,6.9,0.4,32.8,45.4,3.0,6.1,0,36,1,A00697,A00697_2020-03-03,0,2020-03-03
82.4,49.1,355.0,4.38,10.3,27.9,1.1,0.1,16.3,3.2,1.4,12.2,32.0,0.1,6.6,1.2,33.8,36.1,2.1,16.3,0,63,1,A00470,A00470_2020-03-03,0,2020-03-03
84.6,90.0,199.0,5.07,9.9,28.0,0.4,0.0,13.0,9.6,1.0,14.2,5.0,0.1,10.7,0.0,33.1,42.9,0.5,4.0,1,77,1,A00525,A00525_2020-03-03,0,2020-03-03
86.7,66.2,207.0,4.29,11.1,26.1,0.8,0.0,14.3,3.5,0.0,11.2,18.6,0.0,5.3,0.2,30.1,37.2,1.0,15.0,0,69,0,A00186,A00186_2020-03-03,0,2020-03-03
78.1,66.3,136.0,5.06,11.9,26.9,1.1,0.0,13.6,3.8,0.0,13.6,14.2,0.0,5.8,0.3,34.4,39.5,0.8,19.2,0,34,0,A01252,A01252_2020-03-03,0,2020-03-03
81.33333333333333,83.65,209.3333333333333,5.399999999999999,11.03333333333333,27.96666666666667,0.35,0.0,12.73333333333333,5.9,0.0,15.1,11.3,0.0,7.133333333333333,0.1,34.36666666666667,43.93333333333334,0.75,4.95,1,41,1,A00367,A00367_2020-03-03,0,2020-03-03
79.6,88.9,230.0,5.49,11.3,27.5,1.2,0.0,12.4,16.0,0.1,15.1,4.4,0.0,18.0,0.2,34.6,43.7,0.8,6.4,1,36,1,A01460,A01460_2020-03-03,0,2020-03-03
90.1,,234.0,3.73,10.4,29.8,,,14.4,,,11.1,,,11.3,,33.0,33.6,,,1,89,1,A01682,A01682_2020-03-03,0,2020-03-03
78.5,24.2,380.0,5.02,10.2,24.9,0.3,0.0,13.1,0.7,17.2,12.5,47.5,0.5,3.0,1.0,31.7,39.4,1.4,10.1,0,45,1,A00551,A00551_2020-03-03,0,2020-03-03
87.5,68.0,151.0,5.06,11.9,29.4,0.2,0.0,13.7,2.7,0.0,14.9,27.1,0.0,4.0,0.3,33.6,44.3,1.1,4.6,0,53,0,A00024,A00024_2020-03-03,0,2020-03-03
100.4,60.3,25.0,2.82,10.2,34.4,0.1,0.0,14.7,1.3,0.0,9.7,34.8,0.0,2.2,0.4,34.3,28.3,0.8,4.5,0,78,1,A01444,A01444_2020-03-03,0,2020-03-03
86.3,,265.0,4.02,10.0,27.6,,,15.1,,,11.1,,,7.9,,32.0,34.7,,,0,97,0,A01424,A01424_2020-03-03,0,2020-03-03
88.4,66.9,286.0,4.41,10.2,28.8,1.2,0.1,13.2,7.9,0.0,12.7,22.5,0.0,11.8,0.5,32.6,39.0,2.7,10.1,0,25,0,A00702,A00702_2020-03-04,0,2020-03-04
94.2,79.9,145.0,4.11,11.2,31.9,0.6,0.0,13.2,6.0,0.1,13.1,12.2,0.0,7.5,0.1,33.9,38.7,0.9,7.7,0,82,1,A01523,A01523_2020-03-04,0,2020-03-04
84.4,70.9,177.0,5.05,12.2,28.1,0.4,0.0,12.9,4.6,0.5,14.2,22.8,0.0,6.5,0.2,33.3,42.6,1.5,5.6,0,47,1,A00845,A00845_2020-03-04,0,2020-03-04
108.05,84.05,149.5,3.845,12.7,34.6,0.95,0.0,14.6,11.05,0.8500000000000001,13.3,8.200000000000001,0.1,13.1,0.3,32.0,41.55,1.0,6.6,0,81,1,A01248,A01248_2020-03-04,0,2020-03-04
87.5,63.3,75.0,4.65,12.8,29.9,0.2,0.0,12.8,1.7,0.0,13.9,27.5,0.0,2.7,0.4,34.2,40.7,0.7,8.8,0,55,1,A01270,A01270_2020-03-04,0,2020-03-04
85.5,58.0,175.0,4.34,10.6,28.6,0.1,0.0,12.3,1.9,0.0,12.4,39.0,0.0,3.3,1.0,33.4,37.1,1.3,2.0,0,61,0,A01328,A01328_2020-03-04,0,2020-03-04
98.2,,74.0,2.26,11.5,31.9,,,18.6,,,7.2,,,5.6,,32.4,22.2,,,0,82,0,A01668,A01668_2020-03-04,0,2020-03-04
87.1,89.3,123.0,4.8,11.8,31.0,0.2,0.0,12.0,6.8,0.0,14.9,8.5,0.0,7.6,0.1,35.6,41.8,0.6,2.1,0,63,1,A00535,A00535_2020-03-04,0,2020-03-04
92.5,73.4,255.0,4.68,11.7,31.0,0.4,0.0,13.9,3.9,0.0,14.5,18.9,0.0,5.3,0.4,33.5,43.3,1.0,7.3,0,81,0,A00471,A00471_2020-03-04,0,2020-03-04
97.7,65.15,187.5,3.065,11.1,32.15,0.6,0.0,15.05,3.3,0.95,9.85,22.5,0.0,5.05,0.5,32.9,29.95,1.15,10.9,0,74,1,A00102,A00102_2020-03-04,0,2020-03-04
97.8,75.8,21.0,2.75,,35.3,0.0,0.0,15.2,1.1,0.0,9.7,21.6,0.0,1.5,0.0,36.1,26.9,0.3,2.6,0,78,1,A01444,A01444_2020-03-04,0,2020-03-04
93.0,74.7,222.0,4.02,11.7,32.6,0.3,0.0,12.7,4.0,0.0,13.1,20.2,0.0,5.3,0.2,35.0,37.4,1.1,4.9,0,74,1,A00588,A00588_2020-03-04,0,2020-03-04
85.7,76.8,177.0,5.04,11.2,29.2,0.5,0.0,12.8,4.0,0.0,14.7,13.9,0.0,5.2,0.2,34.0,43.2,0.7,9.1,0,57,1,A00285,A00285_2020-03-04,0,2020-03-04
95.0,48.3,220.0,4.01,10.2,33.2,0.8,0.0,12.6,3.0,0.3,13.3,38.6,0.0,6.2,0.2,34.9,38.1,2.4,12.6,0,52,1,A00350,A00350_2020-03-04,0,2020-03-04
87.6,78.8,293.0,4.67,10.2,30.0,0.4,0.1,13.0,8.3,0.2,14.0,16.2,0.0,10.5,0.6,34.2,40.9,1.7,4.2,0,69,1,A01408,A01408_2020-03-04,0,2020-03-04
84.0,79.2,124.0,4.43,10.5,28.4,0.1,0.0,13.3,1.7,0.0,12.6,17.5,0.0,2.1,0.0,33.9,37.2,0.4,3.3,0,56,0,A00827,A00827_2020-03-04,0,2020-03-04
80.8,86.8,175.0,5.16,10.9,27.5,1.3,0.0,12.3,13.9,0.1,14.2,5.0,0.0,16.0,0.2,34.1,41.7,0.8,7.9,1,36,1,A01460,A01460_2020-03-04,0,2020-03-04
83.9,74.4,240.0,5.09,11.0,28.3,0.3,0.0,12.8,4.2,0.0,14.4,19.8,0.0,5.7,0.2,33.7,42.7,1.1,5.6,1,41,1,A00367,A00367_2020-03-04,0,2020-03-04
89.1,81.2,165.0,3.77,11.2,29.7,1.3,0.1,18.6,14.9,0.1,11.2,11.4,0.0,18.3,0.3,33.3,33.6,2.1,7.0,0,89,0,A00738,A00738_2020-03-04,0,2020-03-04
88.6,92.6,167.0,4.11,10.7,29.2,0.2,0.0,13.7,4.0,0.0,12.0,3.5,0.0,4.3,0.0,33.0,36.4,0.2,3.9,1,80,1,A00789,A00789_2020-03-04,0,2020-03-04
94.3,87.6,77.0,3.87,11.7,30.7,0.5,0.1,15.5,5.7,0.5,11.9,2.8,0.0,6.5,0.8,32.6,36.5,0.2,8.3,0,76,1,A00442,A00442_2020-03-04,0,2020-03-04
90.7,81.7,181.0,3.96,10.7,31.3,0.4,0.0,12.5,5.5,0.0,12.4,11.9,0.0,6.7,0.4,34.5,35.9,0.8,6.0,0,77,1,A01227,A01227_2020-03-04,0,2020-03-04
85.6,40.9,218.0,4.78,11.4,28.2,0.4,0.0,13.7,1.3,0.3,13.5,44.7,0.0,3.1,0.3,33.0,40.9,1.4,13.8,0,39,0,A01277,A01277_2020-03-04,0,2020-03-04
97.1,96.6,177.0,2.76,11.1,32.2,0.4,0.1,15.0,26.4,0.0,8.9,1.9,0.0,27.3,0.2,33.2,26.8,0.5,1.3,0,91,1,A00373,A00373_2020-03-04,0,2020-03-04
73.5,,419.0,4.91,11.8,22.6,,,18.5,,,11.1,,,17.5,,30.7,36.1,,,0,43,0,A01007,A01007_2020-03-04,0,2020-03-04
88.7,54.9,194.0,4.35,11.0,26.2,0.6,0.0,14.3,2.4,0.2,11.4,30.6,0.0,4.3,0.0,29.5,38.6,1.3,14.3,0,69,0,A00186,A00186_2020-03-04,0,2020-03-04
84.3,83.3,171.0,4.85,9.8,29.1,0.5,0.0,12.6,5.7,0.0,14.1,9.7,0.0,6.8,0.0,34.5,40.9,0.7,7.0,0,58,1,A00741,A00741_2020-03-04,0,2020-03-04
94.3,44.0,228.0,4.0,10.0,32.8,0.7,0.0,12.6,2.1,0.2,13.1,40.5,0.0,4.8,0.4,34.7,37.7,1.9,14.9,0,52,1,A00350,A00350_2020-03-05,0,2020-03-05
93.2,96.8,101.0,4.39,9.7,31.9,0.2,0.0,13.2,8.2,0.0,14.0,1.2,0.0,8.5,0.1,34.2,40.9,0.1,1.9,0,43,1,A00750,A00750_2020-03-05,0,2020-03-05
97.3,77.2,69.0,3.76,11.7,30.1,0.5,0.1,15.5,4.9,3.6,11.3,10.0,0.2,6.4,0.8,30.9,36.6,0.6,8.4,0,76,1,A00442,A00442_2020-03-05,0,2020-03-05
81.7,79.7,184.0,4.92,11.0,28.5,0.4,0.0,12.7,4.5,0.0,14.0,12.4,0.0,5.6,0.2,34.8,40.2,0.7,7.7,0,57,1,A00285,A00285_2020-03-05,0,2020-03-05
93.0,63.4,174.0,4.12,10.0,30.8,1.0,0.1,13.7,4.6,5.0,12.7,17.1,0.4,7.2,0.7,33.2,38.3,1.2,13.8,0,79,1,A00678,A00678_2020-03-05,0,2020-03-05
102.9,76.3,110.0,3.245,11.55,32.8,0.35,0.0,14.55,3.4,0.25,10.65,15.55,0.0,4.45,0.3,31.9,33.4,0.7,7.6,0,83,0,A01165,A01165_2020-03-05,0,2020-03-05
91.1,90.1,193.0,3.71,10.4,28.0,0.3,0.0,15.7,7.7,0.0,10.4,6.7,0.0,8.6,0.2,30.8,33.8,0.6,3.0,0,88,0,A01087,A01087_2020-03-05,0,2020-03-05
92.9,71.6,146.0,4.49,11.6,32.1,0.6,0.0,11.8,2.9,0.3,14.4,12.6,0.0,4.0,0.3,34.5,41.7,0.5,15.2,0,60,1,A01061,A01061_2020-03-05,0,2020-03-05
88.2,54.2,283.0,5.17,11.4,29.8,0.7,0.0,12.3,5.0,0.3,15.4,37.5,0.0,9.2,0.3,33.8,45.6,3.5,7.7,0,48,0,A00961,A00961_2020-03-05,0,2020-03-05
90.9,76.0,97.0,3.18,10.8,29.9,0.2,0.0,14.5,2.2,1.0,9.5,15.0,0.0,2.9,0.0,32.9,28.9,0.4,8.0,0,55,1,A01465,A01465_2020-03-05,0,2020-03-05
131.5,,220.0,1.81,12.4,45.9,,,15.7,,,8.3,,,10.8,,34.9,23.8,,,0,79,0,A00112,A00112_2020-03-05,0,2020-03-05
82.0,80.6,415.0,4.51,11.0,24.4,2.3,0.1,16.7,19.9,0.2,11.0,9.3,0.0,24.7,0.4,29.7,37.0,2.3,9.5,1,80,0,A01011,A01011_2020-03-05,0,2020-03-05
87.6,82.0,156.5,3.87,10.95,27.8,0.1,0.0,16.65,3.45,0.0,10.75,14.75,0.0,4.2,0.1,31.75,33.90000000000001,0.6,3.15,0,81,1,A00410,A00410_2020-03-05,0,2020-03-05
90.1,95.6,162.0,4.64,10.3,30.6,0.6,0.0,15.8,22.0,0.0,14.2,2.0,0.0,23.0,0.0,34.0,41.8,0.5,2.4,1,61,1,A01318,A01318_2020-03-05,0,2020-03-05
81.7,64.7,456.0,4.91,9.4,27.1,0.6,0.0,13.4,4.2,2.0,13.3,23.2,0.1,6.5,0.3,33.2,40.1,1.5,9.8,0,62,1,A01683,A01683_2020-03-05,0,2020-03-05
75.3,,231.0,4.94,9.8,24.1,,,14.6,,,11.9,,,7.4,,32.0,37.2,,,0,58,0,A01053,A01053_2020-03-05,0,2020-03-05
85.9,90.3,209.0,5.09,11.6,28.1,0.4,0.0,13.2,16.1,0.0,14.3,7.1,0.0,17.8,0.2,32.7,43.7,1.3,2.4,1,41,1,A00367,A00367_2020-03-05,0,2020-03-05
85.1,72.7,166.0,5.11,12.3,28.2,0.3,0.0,12.8,5.2,0.0,14.4,22.7,0.0,7.2,0.1,33.1,43.5,1.6,4.5,0,65,0,A01538,A01538_2020-03-05,0,2020-03-05
88.6,75.6,120.0,5.78,11.1,30.1,0.3,0.0,12.9,3.4,0.2,17.4,16.9,0.0,4.5,0.2,34.0,51.2,0.8,7.1,0,79,1,A00448,A00448_2020-03-05,0,2020-03-05
,,,,,,,,,,,,,,,,,,,,0,53,1,A00355,A00355_2020-03-05,0,2020-03-05
85.7,47.0,194.0,4.53,11.8,28.0,0.3,0.0,13.7,1.6,0.3,12.7,43.2,0.0,3.4,0.3,32.7,38.8,1.5,9.2,0,39,0,A01277,A01277_2020-03-05,0,2020-03-05
75.3,78.3,163.0,4.86,11.2,24.5,0.2,0.0,16.0,2.9,0.0,11.9,17.4,0.0,3.7,0.0,32.5,36.6,0.6,4.3,0,84,0,A00160,A00160_2020-03-05,0,2020-03-05
82.9,52.0,196.0,4.5,11.5,28.0,0.9,0.0,13.1,2.9,0.0,12.6,31.7,0.0,5.6,0.4,33.8,37.3,1.8,15.9,0,35,1,A00330,A00330_2020-03-05,0,2020-03-05
83.0,83.4,310.0,5.42,12.0,27.9,0.5,0.0,12.8,7.5,0.0,15.1,11.1,0.0,9.0,0.1,33.6,45.0,1.0,5.4,0,47,1,A00845,A00845_2020-03-05,0,2020-03-05
82.7,84.1,233.0,4.73,10.3,27.5,0.7,0.0,12.7,7.1,0.0,13.0,7.4,0.0,8.5,0.1,33.2,39.1,0.6,8.4,0,55,1,A00011,A00011_2020-03-05,0,2020-03-05
92.73333333333333,78.53333333333335,91.33333333333333,2.85,10.43333333333334,32.26666666666667,0.2,0.0,16.66666666666667,2.233333333333333,0.7999999999999999,9.200000000000001,13.13333333333333,0.0,2.866666666666667,0.7000000000000001,34.8,26.43333333333334,0.3666666666666667,6.833333333333333,0,75,1,A00197,A00197_2020-03-05,0,2020-03-05
84.3,75.5,268.0,5.41,11.0,27.7,0.3,0.0,12.5,3.2,0.0,15.0,16.0,0.0,4.2,0.2,32.9,45.6,0.7,8.3,0,61,1,A00859,A00859_2020-03-05,0,2020-03-05
89.7,78.0,157.0,5.13,10.6,31.6,0.5,0.0,13.4,4.5,0.0,16.2,13.0,0.0,5.8,0.0,35.2,46.0,0.8,9.0,0,76,1,A01584,A01584_2020-03-05,0,2020-03-05
82.3,78.3,147.0,4.69,10.9,28.4,0.1,0.0,13.9,1.7,0.0,13.3,17.1,0.0,2.2,0.5,34.5,38.6,0.4,4.1,0,56,0,A00827,A00827_2020-03-05,0,2020-03-05
86.1,84.4,175.0,5.11,11.3,29.4,0.1,0.0,13.6,5.3,0.0,15.0,13.5,0.0,6.3,0.2,34.1,44.0,0.9,1.9,0,53,0,A00024,A00024_2020-03-05,0,2020-03-05
84.75,52.9,255.0,4.065,9.350000000000001,28.7,0.5,0.0,12.15,2.3,3.9,11.65,30.2,0.2,4.949999999999999,0.7,33.8,34.45,1.3,12.3,0,40,0,A00810,A00810_2020-03-05,0,2020-03-05
85.3,65.9,135.0,4.35,10.1,28.5,0.3,0.0,12.8,2.2,0.0,12.4,23.7,0.0,3.4,0.3,33.4,37.1,0.8,10.1,0,77,0,A00685,A00685_2020-03-05,0,2020-03-05
92.6,53.0,118.0,3.77,12.0,30.0,0.9,0.0,14.7,3.4,0.2,11.3,32.9,0.0,6.4,0.5,32.4,34.9,2.1,13.4,0,70,1,A00621,A00621_2020-03-05,0,2020-03-05
91.94999999999999,84.2,414.5,4.535,10.9,31.3,0.9,0.0,12.55,11.3,0.1,14.2,8.7,0.0,12.65,0.2,34.05,41.7,1.2,6.8,0,39,1,A00391,A00391_2020-03-05,0,2020-03-05
92.1,81.4,229.0,3.41,10.7,30.5,0.6,0.0,14.1,7.3,1.4,10.4,9.8,0.1,9.0,0.3,33.1,31.4,0.9,7.1,1,89,1,A01682,A01682_2020-03-05,0,2020-03-05
85.6,70.0,195.0,5.33,10.4,28.7,0.4,0.0,12.8,3.2,0.0,15.3,22.0,0.0,4.6,0.0,33.6,45.6,1.0,8.0,0,62,1,A00403,A00403_2020-03-05,0,2020-03-05
93.2,88.6,208.0,4.54,11.6,31.5,0.2,0.0,13.2,5.7,0.0,14.3,8.6,0.0,6.4,0.2,33.8,42.3,0.6,2.6,0,77,1,A01227,A01227_2020-03-06,0,2020-03-06
92.9,56.4,271.0,4.23,11.9,31.0,0.6,0.0,14.0,4.5,0.0,13.1,36.1,0.0,8.0,0.4,33.3,39.3,2.9,7.1,0,81,0,A00471,A00471_2020-03-06,0,2020-03-06
83.8,77.5,345.0,5.2,10.4,28.7,1.2,0.0,13.2,8.1,1.1,14.9,9.9,0.1,10.4,0.2,34.2,43.6,1.0,11.3,0,53,1,A00355,A00355_2020-03-06,0,2020-03-06
84.6,58.5,188.0,4.21,10.6,29.2,0.4,0.0,12.7,2.2,0.0,12.3,31.3,0.0,3.7,0.3,34.6,35.6,1.2,9.9,0,61,0,A01328,A01328_2020-03-06,0,2020-03-06
83.0,56.1,122.0,4.87,11.1,28.3,0.2,0.0,12.7,1.6,0.0,13.8,36.5,0.0,2.9,0.4,34.2,40.4,1.1,7.0,0,70,0,A00874,A00874_2020-03-06,0,2020-03-06
81.5,77.6,175.0,3.99,10.9,26.6,0.6,0.0,16.0,6.8,1.0,10.6,14.8,0.1,8.7,0.2,32.6,32.5,1.3,6.4,1,83,1,A01164,A01164_2020-03-06,0,2020-03-06
91.9,63.3,170.0,3.85,10.9,30.9,0.5,0.0,13.3,2.8,0.5,11.9,24.5,0.0,4.4,0.0,33.6,35.4,1.1,11.7,0,82,1,A01523,A01523_2020-03-06,0,2020-03-06
89.5,59.2,149.0,4.38,11.8,29.5,0.4,0.0,13.2,2.3,0.0,12.9,31.0,0.0,3.9,0.3,32.9,39.2,1.2,9.5,0,74,0,A00655,A00655_2020-03-06,0,2020-03-06
85.7,78.9,160.0,6.71,11.3,29.4,0.1,0.0,12.8,2.8,0.0,19.7,18.3,0.0,3.5,0.3,34.3,57.5,0.6,2.5,0,79,1,A00448,A00448_2020-03-06,0,2020-03-06
85.2,,227.0,5.01,9.5,28.7,,,13.0,,,14.4,,,9.9,,33.7,42.7,,,1,61,1,A00900,A00900_2020-03-06,0,2020-03-06
85.1,84.6,253.0,5.03,11.6,29.0,0.5,0.1,13.3,10.3,0.2,14.6,10.3,0.0,12.2,0.7,34.1,42.8,1.3,4.2,1,41,1,A00367,A00367_2020-03-06,0,2020-03-06
83.9,73.3,193.0,4.96,12.4,27.8,0.3,0.0,13.2,4.0,0.0,13.8,20.9,0.0,5.5,0.2,33.2,41.6,1.1,5.6,0,69,1,A01592,A01592_2020-03-06,0,2020-03-06
67.2,,303.0,5.24,11.7,20.8,,,16.7,,,10.9,,,10.7,,31.0,35.2,,,0,68,1,A01657,A01657_2020-03-06,0,2020-03-06
91.4,75.0,228.0,5.12,11.6,29.1,2.0,0.0,15.7,10.8,1.0,14.9,10.0,0.1,14.4,0.0,31.8,46.8,1.4,14.0,0,84,0,A00704,A00704_2020-03-06,0,2020-03-06
81.7,94.9,142.0,5.29,11.3,27.0,0.5,0.0,14.5,14.9,0.0,14.3,1.7,0.0,15.7,0.1,33.1,43.2,0.3,3.3,0,84,1,A00164,A00164_2020-03-06,0,2020-03-06
82.8,,177.0,2.62,9.6,24.8,,,17.0,,,6.5,,,5.5,,30.0,21.7,,,0,66,1,A00531,A00531_2020-03-06,0,2020-03-06
88.0,76.7,254.0,4.6,9.9,30.9,0.9,0.0,13.2,7.2,0.5,14.2,12.6,0.0,9.4,0.2,35.1,40.5,1.2,10.0,0,74,1,A00578,A00578_2020-03-06,0,2020-03-06
95.2,78.1,156.0,3.12,11.2,30.8,0.5,0.0,15.0,4.0,0.0,9.6,12.3,0.0,5.1,0.2,32.3,29.7,0.6,9.4,0,74,1,A00102,A00102_2020-03-06,0,2020-03-06
85.6,80.3,153.0,4.87,10.5,30.2,0.3,0.0,12.4,4.8,0.0,14.7,14.8,0.0,6.0,0.2,35.3,41.7,0.9,4.7,0,57,1,A00581,A00581_2020-03-06,0,2020-03-06
86.65,81.6,150.0,4.975,10.05,30.45,0.5,0.0,12.5,4.1,0.0,15.15,8.6,0.0,4.9,0.2,35.15000000000001,43.09999999999999,0.4,9.6,1,49,1,A00764,A00764_2020-03-06,0,2020-03-06
97.0,55.0,238.0,2.32,10.4,33.6,0.3,0.0,13.7,4.0,1.0,7.8,40.0,0.1,7.3,0.0,34.7,22.5,2.9,4.0,0,41,1,A00087,A00087_2020-03-06,0,2020-03-06
84.5,69.1,146.0,5.3,11.6,30.2,0.7,0.0,12.4,3.8,0.9,16.0,17.2,0.0,5.5,0.2,35.7,44.8,0.9,12.6,0,54,1,A01046,A01046_2020-03-06,0,2020-03-06
77.6,87.1,174.0,5.13,11.2,26.7,0.5,0.0,12.2,7.7,0.1,13.7,6.8,0.0,8.8,0.3,34.4,39.8,0.6,5.7,1,36,1,A01460,A01460_2020-03-06,0,2020-03-06
89.4,,107.0,5.19,10.9,29.7,,,12.9,,,15.4,,,3.5,,33.2,46.4,,,0,53,1,A00734,A00734_2020-03-06,0,2020-03-06
82.4,80.2,172.5,4.779999999999999,10.75,28.45,0.1,0.0,13.6,2.1,0.0,13.6,15.5,0.0,2.55,0.4,34.5,39.40000000000001,0.4,3.9,1,56,0,A00827,A00827_2020-03-06,0,2020-03-06
73.7,76.2,405.0,5.33,11.4,23.5,1.5,0.1,18.7,14.4,0.1,12.5,15.5,0.0,18.9,0.4,31.8,39.3,2.9,7.8,0,43,0,A01007,A01007_2020-03-06,0,2020-03-06
91.1,70.8,149.0,4.93,11.4,31.8,0.6,0.0,12.1,2.6,0.3,15.7,12.7,0.0,3.7,0.3,35.0,44.9,0.5,15.9,0,60,1,A01061,A01061_2020-03-06,0,2020-03-06
87.9,68.2,178.0,4.86,10.0,31.1,0.3,0.0,12.3,2.5,0.0,15.1,24.2,0.0,3.7,0.3,35.4,42.7,0.9,7.3,0,59,1,A01531,A01531_2020-03-06,0,2020-03-06
86.7,67.4,162.0,5.5,10.3,29.1,0.5,0.0,12.7,2.7,0.3,16.0,18.0,0.0,4.0,0.8,33.5,47.7,0.7,13.5,0,70,1,A00576,A00576_2020-03-06,0,2020-03-06
88.2,91.9,175.0,4.58,11.9,30.6,0.1,0.0,12.7,10.0,0.0,14.0,6.6,0.0,10.9,0.2,34.7,40.4,0.7,1.3,0,63,1,A00535,A00535_2020-03-06,0,2020-03-06
89.4,86.7,184.0,4.8,10.4,31.7,0.8,0.0,12.1,9.7,0.0,15.2,5.5,0.0,11.2,0.4,35.4,42.9,0.6,7.4,1,18,1,A00298,A00298_2020-03-06,0,2020-03-06
107.8,57.6,96.0,3.34,12.4,34.4,1.4,0.0,14.9,3.5,2.3,11.5,16.9,0.1,6.0,0.5,31.9,36.0,1.0,22.7,0,81,1,A01248,A01248_2020-03-06,0,2020-03-06
97.4,65.9,130.0,4.31,10.7,32.7,0.4,0.0,12.1,2.7,0.2,14.1,23.2,0.0,4.1,0.2,33.6,42.0,1.0,10.5,0,76,1,A01049,A01049_2020-03-06,0,2020-03-06
89.2,82.1,98.0,4.65,13.5,30.3,0.7,0.0,12.7,5.3,0.0,14.1,7.8,0.0,6.5,0.0,34.0,41.5,0.5,10.1,0,55,1,A01270,A01270_2020-03-06,0,2020-03-06
85.6,87.9,183.0,4.17,10.4,29.7,0.2,0.0,13.5,6.4,0.0,12.4,9.0,0.0,7.3,0.1,34.7,35.7,0.7,3.0,1,53,0,A00024,A00024_2020-03-06,0,2020-03-06
85.0,67.8,394.0,5.27,10.6,28.7,1.2,0.0,13.0,6.4,1.8,15.1,17.9,0.2,9.5,0.3,33.7,44.8,1.7,12.2,0,53,1,A00355,A00355_2020-03-07,0,2020-03-07
83.3,82.2,302.0,3.48,9.1,25.6,0.5,0.0,23.3,7.8,0.7,8.9,11.8,0.1,9.5,0.2,30.7,29.0,1.1,5.1,0,50,0,A00602,A00602_2020-03-07,0,2020-03-07
88.1,84.9,183.0,4.81,10.0,29.9,0.2,0.0,12.2,5.7,0.0,14.4,12.3,0.0,6.7,0.2,34.0,42.4,0.8,2.6,0,52,1,A00169,A00169_2020-03-07,0,2020-03-07
83.0,86.4,307.0,4.71,10.4,27.4,0.6,0.0,12.7,7.3,0.0,12.9,6.7,0.0,8.5,0.1,33.0,39.1,0.6,6.8,0,55,1,A00011,A00011_2020-03-07,0,2020-03-07
94.0,60.0,182.0,3.83,11.1,31.1,0.4,0.0,13.3,2.8,1.9,11.9,29.4,0.1,4.7,0.2,33.1,36.0,1.4,8.5,0,82,1,A01523,A01523_2020-03-07,0,2020-03-07
77.7,,356.0,4.97,9.6,24.1,,,19.7,,,12.0,,,15.7,,31.1,38.6,,,0,43,0,A00812,A00812_2020-03-07,0,2020-03-07
85.4,87.7,380.0,5.15,10.6,28.3,0.6,0.0,12.9,9.6,0.0,14.6,6.5,0.0,11.0,0.1,33.2,44.0,0.7,5.7,0,61,1,A00859,A00859_2020-03-07,0,2020-03-07
87.6,81.5,108.0,3.46,10.8,29.8,0.2,0.0,14.5,2.5,0.0,10.3,10.5,0.0,3.1,0.0,34.0,30.3,0.3,8.0,0,55,1,A01465,A01465_2020-03-07,0,2020-03-07
91.6,,313.0,4.77,11.5,29.6,,,13.6,,,14.1,,,21.7,,32.3,43.7,,,0,48,0,A00554,A00554_2020-03-07,0,2020-03-07
66.6,79.2,253.0,5.9,10.0,22.5,0.5,0.0,15.4,5.9,0.3,13.3,13.7,0.0,7.5,0.1,33.8,39.3,1.0,6.7,1,68,1,A00916,A00916_2020-03-07,0,2020-03-07
80.5,66.0,186.0,4.83,9.7,28.4,0.6,0.0,11.9,3.6,1.0,13.7,22.0,0.1,5.5,0.0,35.2,38.9,1.2,11.0,0,52,1,A00277,A00277_2020-03-07,0,2020-03-07
88.5,,105.0,4.1,9.4,31.0,,,13.2,,,12.7,,,7.1,,35.0,36.3,,,0,84,1,A01187,A01187_2020-03-07,0,2020-03-07
85.7,78.2,226.0,5.09,10.8,29.7,0.5,0.0,13.0,6.3,0.0,15.1,15.0,0.0,8.1,0.1,34.6,43.6,1.2,6.7,0,42,1,A00784,A00784_2020-03-07,0,2020-03-07
73.6,44.6,295.0,4.93,10.1,23.7,0.5,0.0,14.7,2.5,0.2,11.7,46.9,0.0,5.7,0.3,32.2,36.3,2.7,8.0,0,58,0,A01053,A01053_2020-03-07,0,2020-03-07
86.5,74.9,280.0,4.97,11.8,28.6,0.2,0.0,13.2,4.6,0.5,14.2,21.1,0.0,6.1,0.5,33.0,43.0,1.3,3.0,0,69,1,A01592,A01592_2020-03-07,0,2020-03-07
74.9,81.3,192.0,4.51,10.9,24.8,0.3,0.0,16.5,4.2,0.0,11.2,12.3,0.0,5.2,0.2,33.1,33.8,0.6,6.2,0,84,0,A00160,A00160_2020-03-07,0,2020-03-07
87.4,87.4,149.0,5.72,11.3,29.9,0.3,0.0,12.9,7.1,0.0,17.1,9.0,0.0,8.1,0.1,34.2,50.0,0.7,3.5,0,79,1,A00448,A00448_2020-03-07,0,2020-03-07
65.7,87.1,287.0,5.75,10.6,21.0,0.7,0.1,17.2,12.2,0.0,12.1,7.0,0.0,14.0,0.6,32.0,37.8,1.0,5.3,0,68,1,A00894,A00894_2020-03-07,0,2020-03-07
89.4,91.9,150.0,4.23,11.1,28.4,0.1,0.0,16.3,3.2,0.0,12.0,5.5,0.0,3.5,0.0,31.7,37.8,0.2,2.6,0,81,1,A00410,A00410_2020-03-07,0,2020-03-07
87.1,89.1,250.0,4.26,11.2,29.8,0.3,0.0,14.3,7.5,0.0,12.7,7.4,0.0,8.4,0.1,34.2,37.1,0.6,3.4,1,53,0,A00024,A00024_2020-03-07,0,2020-03-07
90.6,,205.0,4.17,12.7,29.5,,,17.1,,,12.3,,,11.7,,32.5,37.8,,,1,65,1,A01332,A01332_2020-03-07,0,2020-03-07
86.1,87.8,333.0,4.82,10.9,28.6,0.5,0.1,14.0,10.4,0.3,13.8,7.0,0.0,11.9,0.6,33.3,41.5,0.8,4.3,1,41,1,A00367,A00367_2020-03-07,0,2020-03-07
82.9,81.1,200.0,4.9,10.6,27.8,0.2,0.0,13.9,2.5,0.0,13.6,13.5,0.0,3.1,0.3,33.5,40.6,0.4,5.1,1,56,0,A00827,A00827_2020-03-07,0,2020-03-07
89.9,,456.0,3.75,10.8,31.5,,,11.7,,,11.8,,,21.7,,35.0,33.7,,,1,61,1,A01084,A01084_2020-03-07,0,2020-03-07
84.2,69.9,100.0,4.42,11.8,27.8,0.4,0.0,12.8,2.7,0.0,12.3,20.3,0.0,3.8,0.3,33.1,37.2,0.8,9.5,0,69,0,A01068,A01068_2020-03-08,0,2020-03-08
92.6,73.4,273.0,4.33,11.4,31.2,0.9,0.1,12.8,11.0,0.6,13.5,19.2,0.1,15.0,0.6,33.7,40.1,2.9,6.2,1,41,1,A00037,A00037_2020-03-08,0,2020-03-08
88.3,,261.0,4.62,11.0,29.7,,,14.6,,,13.7,,,7.6,,33.6,40.8,,,1,53,0,A00024,A00024_2020-03-08,0,2020-03-08
85.5,82.9,165.0,4.63,9.5,31.1,0.4,0.0,12.7,4.9,0.0,14.4,9.5,0.0,5.9,0.2,36.4,39.6,0.6,7.4,1,49,1,A00764,A00764_2020-03-08,0,2020-03-08
88.5,88.5,223.0,4.19,12.1,30.5,0.2,0.0,12.9,6.0,0.1,12.8,8.6,0.0,6.8,0.1,34.5,37.1,0.6,2.7,0,63,1,A00535,A00535_2020-03-08,0,2020-03-08
86.9,81.8,162.0,4.43,11.1,28.4,0.3,0.0,12.9,3.4,0.0,12.6,11.7,0.0,4.2,0.0,32.7,38.5,0.5,6.5,0,77,0,A00685,A00685_2020-03-08,0,2020-03-08
86.4,74.4,187.5,4.26,10.75,26.65,0.4,0.0,13.75,3.9,0.3,11.35,17.25,0.0,5.25,0.2,30.8,36.8,0.9,7.85,0,69,0,A00186,A00186_2020-03-08,0,2020-03-08
87.3,92.8,178.0,5.9,10.9,30.5,0.4,0.0,12.5,14.6,0.0,18.0,4.6,0.0,15.7,0.2,35.0,51.5,0.7,2.4,0,79,1,A00448,A00448_2020-03-08,0,2020-03-08
85.6,82.2,350.0,5.07,11.8,28.4,1.0,0.0,12.8,10.0,0.0,14.4,9.1,0.0,12.2,0.2,33.2,43.4,1.1,8.5,0,47,1,A00845,A00845_2020-03-08,0,2020-03-08
86.6,80.0,152.0,3.8,11.3,28.9,0.3,0.0,14.3,3.5,0.2,11.0,12.0,0.0,4.4,0.2,33.4,32.9,0.5,7.6,0,74,0,A00856,A00856_2020-03-08,0,2020-03-08
74.7,84.3,214.0,4.78,10.3,24.5,0.4,0.0,16.6,4.4,0.0,11.7,8.7,0.0,5.2,0.2,32.8,35.7,0.5,6.8,0,84,0,A00160,A00160_2020-03-08,0,2020-03-08
89.4,,158.0,3.59,12.3,28.1,,,23.2,,,10.1,,,8.0,,31.5,32.1,,,0,76,0,A00927,A00927_2020-03-08,0,2020-03-08
89.2,62.0,164.0,5.09,10.2,30.1,0.5,0.0,12.8,2.9,0.0,15.3,28.0,0.0,4.6,0.0,33.7,45.4,1.3,10.0,0,62,1,A01466,A01466_2020-03-08,0,2020-03-08
87.1,93.8,225.0,3.8,11.8,28.7,0.3,0.0,16.6,6.8,0.0,10.9,2.5,0.0,7.2,0.1,32.9,33.1,0.2,3.6,0,81,1,A00410,A00410_2020-03-08,0,2020-03-08
91.85,68.05,136.0,4.48,10.55,30.45,0.55,0.0,13.6,2.55,0.4,13.65,17.3,0.0,3.75,0.25,33.2,41.15,0.6499999999999999,14.0,0,79,1,A00678,A00678_2020-03-08,0,2020-03-08
85.5,64.2,332.0,4.98,10.0,28.3,0.9,0.0,12.6,4.7,0.1,14.1,22.9,0.0,7.3,0.4,33.1,42.6,1.7,12.4,0,55,1,A00011,A00011_2020-03-08,0,2020-03-08
87.9,89.8,187.0,4.56,10.3,29.4,0.2,0.0,12.1,8.8,0.0,13.4,7.9,0.0,9.8,0.2,33.4,40.1,0.8,2.1,0,52,1,A00169,A00169_2020-03-08,0,2020-03-08
83.6,63.8,439.0,5.19,9.8,27.4,0.8,0.1,13.4,4.8,1.9,14.2,23.1,0.1,7.5,0.7,32.7,43.4,1.7,10.5,0,62,1,A01683,A01683_2020-03-08,0,2020-03-08
87.44999999999999,82.55,408.5,3.035,9.9,28.0,0.5,0.0,14.4,6.75,0.0,8.5,10.95,0.0,8.149999999999999,0.2,32.0,26.55,0.85,6.300000000000001,0,73,1,A01269,A01269_2020-03-08,0,2020-03-08
90.1,80.4,128.0,4.25,10.5,31.3,0.4,0.0,13.4,3.9,0.0,13.3,11.8,0.0,4.8,0.0,34.7,38.3,0.6,7.8,0,76,1,A01079,A01079_2020-03-08,0,2020-03-08
95.7,56.3,230.0,4.42,9.4,32.1,0.3,0.0,13.5,2.7,0.0,14.2,37.0,0.0,4.8,0.4,33.6,42.3,1.8,6.3,0,63,0,A01400,A01400_2020-03-08,0,2020-03-08
82.0,,224.0,4.78,11.7,27.2,,,13.2,,,13.0,,,6.8,,33.2,39.2,,,1,36,1,A01460,A01460_2020-03-08,0,2020-03-08
82.7,,224.0,5.37,10.4,28.7,,,13.0,,,15.4,,,5.4,,34.7,44.4,,,0,75,1,A01604,A01604_2020-03-08,0,2020-03-08
92.1,78.3,219.0,5.59,10.4,31.5,0.7,0.0,13.2,6.2,0.0,17.6,13.0,0.0,7.9,0.1,34.2,51.5,1.0,8.6,0,76,1,A01584,A01584_2020-03-08,0,2020-03-08
91.4,84.2,254.0,4.4,10.4,31.6,0.3,0.0,12.9,9.4,0.0,13.9,12.3,0.0,11.2,0.4,34.6,40.2,1.4,3.1,1,64,0,A00628,A00628_2020-03-08,0,2020-03-08
87.9,90.8,239.0,4.31,10.6,28.8,0.4,0.0,13.2,5.6,0.0,12.4,3.3,0.0,6.2,0.2,32.7,37.9,0.2,5.7,1,80,1,A00789,A00789_2020-03-08,0,2020-03-08
94.25,76.6,116.0,2.955,10.65,32.0,0.2,0.0,15.9,2.25,0.5,9.45,15.65,0.0,2.9,0.35,33.95,27.85,0.45,6.9,0,75,1,A00197,A00197_2020-03-08,0,2020-03-08
84.1,74.95,259.0,4.994999999999999,11.0,29.15,0.7,0.0,12.6,4.65,0.15,14.55,13.65,0.0,6.25,0.4,34.65000000000001,42.0,0.8500000000000001,10.85,0,57,1,A00285,A00285_2020-03-08,0,2020-03-08
86.2,88.1,235.0,4.42,9.4,29.2,0.3,0.0,13.5,7.8,0.1,12.9,8.6,0.0,8.9,0.2,33.9,38.1,0.8,3.0,1,61,1,A00900,A00900_2020-03-08,0,2020-03-08
88.1,,329.0,4.53,10.6,28.5,,,14.6,,,12.9,,,8.8,,32.3,39.9,,,1,41,1,A00367,A00367_2020-03-08,0,2020-03-08
84.6,,214.0,4.8,10.9,28.5,,,14.0,,,13.7,,,3.7,,33.7,40.6,,,1,56,0,A00827,A00827_2020-03-08,0,2020-03-08
84.9,75.6,188.0,4.24,10.3,28.1,0.4,0.0,14.4,4.2,0.2,11.9,16.5,0.0,5.5,0.2,33.1,36.0,0.9,7.5,0,74,0,A00856,A00856_2020-03-09,0,2020-03-09
90.1,91.6,298.0,4.33,11.6,30.9,0.1,0.0,13.0,7.5,0.0,13.4,6.7,0.0,8.2,0.1,34.4,39.0,0.5,1.6,0,77,1,A01227,A01227_2020-03-09,0,2020-03-09
89.45,72.5,242.0,4.539999999999999,11.05,28.85,0.2,0.0,15.1,4.1,0.4,13.1,22.8,0.0,5.6,0.2,32.25,40.59999999999999,1.3,4.1,1,53,0,A00024,A00024_2020-03-09,0,2020-03-09
90.7,81.0,178.0,4.41,11.5,30.8,0.6,0.0,13.0,4.9,0.2,13.6,8.5,0.0,6.0,0.3,34.0,40.0,0.5,10.0,1,55,1,A01270,A01270_2020-03-09,0,2020-03-09
102.9,88.0,99.0,2.78,10.6,33.1,0.2,0.0,16.8,6.2,0.3,9.2,8.6,0.0,7.1,0.1,32.2,28.6,0.6,3.0,1,76,1,A00982,A00982_2020-03-09,0,2020-03-09
86.6,74.2,184.0,5.22,10.1,30.1,0.5,0.0,12.2,3.6,0.0,15.7,14.9,0.0,4.8,0.2,34.7,45.2,0.7,10.7,0,65,1,A00618,A00618_2020-03-09,0,2020-03-09
84.6,85.2,256.0,5.33,9.5,28.0,0.3,0.0,14.0,4.9,0.0,14.9,10.1,0.0,5.8,0.2,33.0,45.1,0.6,4.5,0,55,1,A01518,A01518_2020-03-09,0,2020-03-09
85.2,87.6,184.0,4.73,11.2,29.4,0.1,0.0,12.5,5.1,0.0,13.9,10.2,0.0,5.8,0.0,34.5,40.3,0.6,2.2,0,57,1,A00581,A00581_2020-03-09,0,2020-03-09
85.9,91.8,382.0,5.25,11.0,28.8,1.4,0.1,14.3,24.3,0.0,15.1,2.8,0.0,26.5,0.2,33.5,45.1,0.7,5.2,1,67,1,A00497,A00497_2020-03-09,0,2020-03-09
86.6,73.3,172.0,5.06,9.8,29.2,0.6,0.0,12.2,4.2,0.0,14.8,16.4,0.0,5.7,0.2,33.8,43.8,0.9,10.1,0,49,1,A01634,A01634_2020-03-09,0,2020-03-09
92.9,61.7,220.0,3.8,11.2,31.6,0.6,0.0,13.1,3.5,1.4,12.0,25.9,0.1,5.7,0.4,34.0,35.3,1.5,10.6,0,82,1,A01523,A01523_2020-03-09,0,2020-03-09
80.9,66.7,111.0,4.66,12.2,26.4,0.6,0.0,16.1,3.1,1.5,12.3,18.3,0.1,4.6,0.9,32.6,37.7,0.8,12.6,0,46,1,A01218,A01218_2020-03-09,0,2020-03-09
69.0,92.9,275.0,5.32,10.2,22.2,0.3,0.0,15.8,12.3,0.1,11.8,4.6,0.0,13.2,0.1,32.2,36.7,0.6,2.3,1,68,1,A00916,A00916_2020-03-09,0,2020-03-09
86.0,94.1,215.0,6.36,10.6,29.7,0.4,0.0,13.1,15.4,0.0,18.9,3.4,0.0,16.4,0.1,34.6,54.7,0.6,2.4,0,79,1,A00448,A00448_2020-03-09,0,2020-03-09
89.1,91.4,306.0,4.3,11.7,29.3,0.5,0.0,14.4,13.5,0.0,12.6,4.7,0.0,14.8,0.2,32.9,38.3,0.7,3.7,1,75,1,A00839,A00839_2020-03-09,0,2020-03-09
93.44999999999999,69.85,132.0,4.025,12.25,30.85,0.8,0.0,18.15,3.75,1.45,12.4,13.15,0.1,5.4,0.45,33.0,37.59999999999999,0.7,15.1,0,76,0,A01416,A01416_2020-03-09,0,2020-03-09
80.5,72.2,239.0,4.82,9.7,26.1,0.9,0.0,14.1,5.3,0.0,12.6,16.2,0.0,7.4,0.1,32.5,38.8,1.2,11.5,0,74,0,A00141,A00141_2020-03-09,0,2020-03-09
86.8,79.6,357.0,5.08,12.2,28.3,0.4,0.0,13.2,6.1,0.1,14.4,14.3,0.0,7.7,0.4,32.7,44.1,1.1,5.6,0,69,1,A01592,A01592_2020-03-09,0,2020-03-09
89.15,82.3,389.0,4.76,10.9,28.05,0.7,0.0,14.6,8.5,2.6,13.35,8.2,0.3,10.15,0.2,31.45,42.45,0.8,6.7,1,41,1,A00367,A00367_2020-03-09,0,2020-03-09
84.4,85.0,73.0,5.0,11.1,29.2,0.1,0.0,13.5,3.1,0.0,14.6,12.0,0.0,3.6,0.0,34.6,42.2,0.4,3.0,0,73,1,A00512,A00512_2020-03-09,0,2020-03-09
83.0,86.6,123.0,4.77,11.3,27.9,0.7,0.0,16.1,10.0,0.0,13.3,7.2,0.0,11.6,0.3,33.6,39.6,0.8,5.9,1,75,1,A00147,A00147_2020-03-09,0,2020-03-09
87.8,75.6,130.0,5.33,10.3,30.2,0.4,0.0,11.6,3.5,0.0,16.1,15.4,0.0,4.6,0.2,34.4,46.8,0.7,8.8,1,57,1,A01443,A01443_2020-03-09,0,2020-03-09
85.7,58.3,170.0,5.3,10.0,28.5,0.7,0.0,14.0,2.8,0.0,15.1,26.4,0.0,4.8,0.2,33.3,45.4,1.3,15.1,0,74,1,A00949,A00949_2020-03-09,0,2020-03-09
83.3,67.8,162.0,4.66,10.1,27.7,0.5,0.0,13.2,3.7,2.6,12.9,19.4,0.1,5.4,0.4,33.2,38.8,1.0,9.8,0,56,1,A01351,A01351_2020-03-09,0,2020-03-09
93.23333333333335,89.4,232.0,4.296666666666667,11.16666666666667,32.1,0.5,0.1,13.53333333333333,11.2,0.2,13.8,5.8,0.0,11.63333333333333,0.5,34.43333333333333,40.06666666666666,0.7,4.1,1,18,1,A00298,A00298_2020-03-09,0,2020-03-09
87.5,69.1,213.0,5.53,10.3,28.9,0.7,0.0,12.6,4.3,0.2,16.0,19.8,0.0,6.2,0.3,33.1,48.4,1.2,10.6,0,62,1,A01466,A01466_2020-03-09,0,2020-03-09
90.6,72.9,200.0,4.67,10.8,31.7,0.8,0.0,11.9,4.0,3.5,14.8,9.5,0.2,5.5,0.2,35.0,42.3,0.5,13.9,0,60,1,A01061,A01061_2020-03-09,0,2020-03-09
87.2,81.0,145.0,4.53,11.1,29.4,0.3,0.0,13.3,4.0,0.0,13.3,13.3,0.0,4.9,0.2,33.7,39.5,0.7,5.5,1,70,0,A01393,A01393_2020-03-09,0,2020-03-09
85.6,66.0,464.0,5.14,10.1,29.0,1.1,0.0,12.9,5.9,1.9,14.9,19.4,0.2,8.9,0.2,33.9,44.0,1.7,12.5,0,53,1,A00355,A00355_2020-03-09,0,2020-03-09
81.80000000000001,67.4,252.5,5.13,11.8,27.6,0.5,0.1,13.1,4.7,4.2,14.15,19.8,0.3,6.85,1.4,33.75,41.95,1.4,7.2,1,36,1,A01460,A01460_2020-03-09,0,2020-03-09
86.4,88.9,169.0,4.4,9.6,30.5,0.4,0.0,12.9,5.8,0.0,13.4,5.1,0.0,6.5,0.2,35.3,38.0,0.3,5.8,1,49,1,A00764,A00764_2020-03-09,0,2020-03-09
107.3,73.2,184.0,3.16,11.3,32.6,0.6,0.0,14.5,6.8,1.6,10.3,18.0,0.1,9.3,0.5,30.4,33.9,1.7,6.7,0,83,1,A01355,A01355_2020-03-09,0,2020-03-09
86.4,91.4,264.0,4.56,10.7,28.3,0.4,0.0,13.2,7.1,0.0,12.9,3.1,0.0,7.8,0.1,32.7,39.4,0.2,5.4,1,80,1,A00789,A00789_2020-03-09,0,2020-03-09
85.6,92.4,217.0,5.01,11.1,28.9,0.3,0.0,12.9,11.3,0.0,14.5,5.3,0.0,12.2,0.2,33.8,42.9,0.6,2.1,0,76,1,A01310,A01310_2020-03-09,0,2020-03-09
80.7,66.4,212.0,3.94,10.5,26.6,0.4,0.0,16.1,3.5,1.4,10.5,24.8,0.1,5.2,0.4,33.0,31.8,1.3,7.0,0,83,1,A01164,A01164_2020-03-09,0,2020-03-09
83.4,91.4,238.0,5.0,10.7,27.2,0.6,0.0,15.0,10.0,0.0,13.6,2.9,0.0,10.9,0.1,32.6,41.7,0.3,5.6,0,84,1,A00164,A00164_2020-03-09,0,2020-03-09
93.0,81.9,216.0,5.27,10.5,30.9,0.5,0.0,13.3,6.1,0.1,16.3,11.0,0.0,7.5,0.1,33.3,49.0,0.8,6.9,0,76,1,A01584,A01584_2020-03-09,0,2020-03-09
91.1,54.0,156.0,4.96,12.2,31.3,0.8,0.0,12.2,2.4,0.7,15.5,26.8,0.0,4.4,0.7,34.3,45.2,1.2,17.8,0,54,1,A00454,A00454_2020-03-09,0,2020-03-09
90.4,65.1,288.0,4.48,8.8,28.1,0.5,0.0,13.4,4.2,0.2,12.6,26.8,0.0,6.5,0.5,31.1,40.5,1.7,7.4,0,49,0,A00562,A00562_2020-03-09,0,2020-03-09
85.7,75.3,177.0,4.05,9.7,29.9,0.4,0.0,12.8,3.4,0.0,12.1,16.7,0.0,4.5,0.2,34.9,34.7,0.8,7.8,0,66,1,A01489,A01489_2020-03-09,0,2020-03-09
87.7,70.2,145.0,5.03,11.5,29.6,0.3,0.0,12.7,2.7,0.0,14.9,21.0,0.0,3.9,0.5,33.8,44.1,0.8,8.3,0,53,1,A00734,A00734_2020-03-09,0,2020-03-09
93.0,69.2,142.0,4.59,10.4,32.5,0.4,0.0,12.5,3.9,0.0,14.9,23.8,0.0,5.6,0.2,34.9,42.7,1.3,6.8,0,74,1,A01167,A01167_2020-03-09,0,2020-03-09
97.4,60.6,252.0,4.16,10.6,33.9,0.6,0.0,12.0,4.8,1.6,14.1,29.3,0.1,8.0,0.5,34.8,40.5,2.3,8.0,0,49,0,A00135,A00135_2020-03-09,0,2020-03-09
87.44999999999999,82.4,251.5,4.585,10.95,27.5,0.3,0.0,14.15,3.8,0.4,12.6,9.8,0.0,4.65,0.4,31.4,40.09999999999999,0.5,7.0,1,56,0,A00827,A00827_2020-03-09,0,2020-03-09
65.66666666666667,93.96666666666665,140.0,4.989999999999999,,20.56666666666667,0.4666666666666666,0.06666666666666667,16.23333333333333,19.7,0.0,10.26666666666667,3.5,0.0,20.86666666666667,0.2,31.3,32.76666666666667,0.6666666666666666,2.333333333333333,0,68,1,A00894,A00894_2020-03-09,0,2020-03-09
85.6,52.1,296.0,5.57,9.8,29.3,0.8,0.1,12.2,5.8,3.7,16.3,37.0,0.4,11.2,0.5,34.2,47.7,4.1,6.7,0,29,1,A00388,A00388_2020-03-09,0,2020-03-09
88.5,75.0,97.0,5.03,11.1,30.8,0.2,0.0,11.9,3.3,0.0,15.5,21.0,0.0,4.4,0.0,34.8,44.5,0.9,4.0,0,54,1,A01553,A01553_2020-03-09,0,2020-03-09
96.9,86.9,559.0,3.22,10.5,32.0,1.2,0.1,12.5,15.9,0.1,10.3,5.9,0.0,18.3,0.8,33.0,31.2,1.1,6.3,1,61,1,A01084,A01084_2020-03-09,0,2020-03-09
90.1,,151.0,4.15,10.6,30.4,,,11.9,,,12.6,,,11.3,,33.7,37.4,,,0,73,1,A00644,A00644_2020-03-09,0,2020-03-09
113.2,73.23333333333333,151.3333333333333,2.08,9.466666666666667,34.76666666666667,0.7999999999999999,0.0,16.13333333333333,4.399999999999999,0.5333333333333333,7.233333333333333,11.46666666666667,0.0,5.933333333333334,0.4666666666666666,30.7,23.53333333333333,0.6666666666666666,14.3,0,79,0,A00369,A00369_2020-03-10,0,2020-03-10
85.9,75.0,176.0,5.09,11.3,30.1,1.0,0.0,13.2,4.5,0.0,15.3,8.0,0.0,6.0,0.0,35.0,43.7,0.5,17.0,0,78,1,A01146,A01146_2020-03-10,0,2020-03-10
68.3,,305.0,5.39,10.3,22.1,,,15.5,,,11.9,,,13.2,,32.3,36.8,,,1,68,1,A00916,A00916_2020-03-10,0,2020-03-10
93.7,79.7,162.0,3.33,10.3,30.9,0.3,0.0,13.9,3.0,0.5,10.3,10.4,0.0,3.8,0.8,33.0,31.2,0.4,8.6,0,59,1,A00862,A00862_2020-03-10,0,2020-03-10
84.8,78.5,320.0,5.14,11.1,28.2,1.6,0.1,14.3,10.7,0.1,14.5,8.9,0.0,13.6,0.4,33.3,43.6,1.2,12.1,1,67,1,A00497,A00497_2020-03-10,0,2020-03-10
87.2,87.0,318.0,4.37,11.1,27.7,0.3,0.0,14.4,6.0,1.3,12.1,6.8,0.1,6.9,0.4,31.8,38.1,0.5,4.5,1,56,0,A00827,A00827_2020-03-10,0,2020-03-10
99.6,,560.0,2.84,10.3,31.7,,,13.0,,,9.0,,,16.1,,31.8,28.3,,,1,61,1,A01084,A01084_2020-03-10,0,2020-03-10
85.5,61.6,382.0,4.77,9.3,28.1,0.8,0.0,12.6,4.7,2.6,13.4,25.0,0.2,7.6,0.4,32.8,40.8,1.9,10.4,0,58,1,A00741,A00741_2020-03-10,0,2020-03-10
104.3,85.9,150.0,2.77,12.0,32.1,0.3,0.0,14.4,8.2,0.0,8.9,11.2,0.0,9.5,0.1,30.8,28.9,1.1,2.8,0,83,1,A01355,A01355_2020-03-10,0,2020-03-10
91.1,94.8,307.0,4.4,11.4,30.5,0.1,0.0,13.2,9.5,0.0,13.4,3.9,0.0,10.0,0.2,33.4,40.1,0.4,1.1,0,77,1,A01227,A01227_2020-03-10,0,2020-03-10
91.5,,234.0,4.47,10.7,31.1,,,13.2,,,13.9,,,7.3,,34.0,40.9,,,1,64,0,A00628,A00628_2020-03-10,0,2020-03-10
92.3,,112.0,4.16,11.1,30.8,,,18.2,,,12.8,,,5.6,,33.3,38.4,,,0,71,1,A00222,A00222_2020-03-10,0,2020-03-10
84.1,78.3,261.0,5.41,11.1,29.2,0.6,0.0,12.5,5.6,0.0,15.8,12.7,0.0,7.1,0.3,34.7,45.5,0.9,8.7,0,51,1,A00570,A00570_2020-03-10,0,2020-03-10
83.4,56.8,323.0,5.23,10.8,28.5,0.5,0.0,12.5,1.9,1.5,14.9,25.9,0.0,3.3,1.2,34.2,43.6,0.9,14.6,0,57,1,A00285,A00285_2020-03-10,0,2020-03-10
86.5,71.6,267.0,4.95,10.2,29.1,0.6,0.0,13.8,4.7,0.0,14.4,18.4,0.0,6.5,0.3,33.6,42.8,1.2,9.7,0,48,1,A00243,A00243_2020-03-10,0,2020-03-10
89.1,64.8,264.0,4.94,10.7,30.8,0.8,0.1,11.9,7.1,2.2,15.2,24.7,0.2,10.9,0.7,34.5,44.0,2.7,7.6,0,49,1,A00432,A00432_2020-03-10,0,2020-03-10
90.5,75.5,229.0,4.63,11.1,31.5,1.0,0.0,11.9,5.8,2.5,14.6,8.6,0.2,7.7,0.1,34.8,41.9,0.7,13.3,0,60,1,A01061,A01061_2020-03-10,0,2020-03-10
82.5,,305.0,5.5,12.1,27.1,,,13.2,,,14.9,,,8.0,,32.8,45.4,,,1,36,1,A01460,A01460_2020-03-10,0,2020-03-10
88.0,76.7,302.0,4.0,11.6,29.5,0.2,0.0,12.9,3.8,1.8,11.8,16.3,0.1,5.0,0.6,33.5,35.2,0.8,4.6,0,63,1,A00535,A00535_2020-03-10,0,2020-03-10
83.3,88.7,238.0,4.54,9.5,28.4,0.4,0.0,13.7,8.3,0.0,12.9,6.5,0.0,9.4,0.3,34.1,37.8,0.6,4.5,1,61,1,A00900,A00900_2020-03-10,0,2020-03-10
82.9,63.0,253.0,6.13,12.1,27.2,1.3,0.1,12.8,6.6,0.4,16.7,23.7,0.0,10.5,0.9,32.9,50.8,2.5,12.0,0,24,1,A00846,A00846_2020-03-10,0,2020-03-10
89.4,,347.0,4.25,10.8,28.2,,,14.9,,,12.0,,,7.9,,31.6,38.0,,,1,41,1,A00367,A00367_2020-03-10,0,2020-03-10
91.6,73.3,263.0,4.53,9.0,32.0,1.0,0.0,13.5,6.2,0.1,14.5,14.6,0.0,8.5,0.1,34.9,41.5,1.2,11.9,0,63,1,A00689,A00689_2020-03-10,0,2020-03-10
83.3,84.1,267.0,4.97,10.5,28.4,0.3,0.0,12.9,5.3,0.0,14.1,11.1,0.0,6.3,0.2,34.1,41.4,0.7,4.6,0,62,0,A00954,A00954_2020-03-10,0,2020-03-10
99.3,81.3,122.0,4.16,10.6,35.8,0.5,0.0,11.7,6.9,0.0,14.9,12.8,0.0,8.5,0.1,36.1,41.3,1.1,5.8,0,61,1,A00869,A00869_2020-03-10,0,2020-03-10
83.3,57.2,367.0,5.16,10.0,27.5,1.0,0.0,12.1,4.1,0.7,14.2,28.2,0.1,7.2,0.6,33.0,43.0,2.0,13.3,0,55,1,A00011,A00011_2020-03-10,0,2020-03-10
82.19999999999999,71.1,227.5,4.775,10.35,28.1,0.8,0.0,12.9,5.1,1.2,13.4,17.1,0.1,6.65,0.1,34.15000000000001,39.25,1.2,10.5,0,75,1,A01604,A01604_2020-03-10,0,2020-03-10
83.9,80.9,391.0,5.17,10.6,27.5,1.0,0.0,12.0,9.4,0.1,14.2,10.4,0.0,11.6,0.1,32.7,43.4,1.2,8.5,0,61,1,A00859,A00859_2020-03-10,0,2020-03-10
91.3,76.1,386.0,3.45,8.8,30.1,1.1,0.1,17.2,8.4,1.5,10.4,12.1,0.2,11.0,0.6,33.0,31.5,1.3,9.7,0,69,1,A01174,A01174_2020-03-10,0,2020-03-10
88.8,92.5,156.0,3.39,9.9,29.2,0.4,0.0,18.3,9.8,0.0,9.9,3.0,0.0,10.6,0.3,32.9,30.1,0.3,4.2,0,67,1,A01617,A01617_2020-03-10,0,2020-03-10
87.8,67.9,185.0,4.26,11.0,26.1,0.4,0.0,14.1,3.1,0.7,11.1,21.9,0.0,4.5,0.2,29.7,37.4,1.0,9.3,0,69,0,A00186,A00186_2020-03-10,0,2020-03-10
88.6,86.6,199.0,4.93,10.4,29.6,0.6,0.0,13.0,9.2,0.0,14.6,7.4,0.0,10.6,0.0,33.4,43.7,0.8,6.0,0,80,0,A00971,A00971_2020-03-10,0,2020-03-10
73.7,45.2,408.0,5.06,10.0,23.3,0.6,0.0,14.6,2.6,1.5,11.8,42.5,0.1,5.8,0.5,31.6,37.3,2.5,10.3,0,58,0,A01053,A01053_2020-03-10,0,2020-03-10
87.4,,303.0,4.27,9.3,29.3,,,13.1,,,12.5,,,7.1,,33.5,37.3,,,0,76,0,A01036,A01036_2020-03-10,0,2020-03-10
86.0,86.7,156.0,4.64,10.5,30.8,0.4,0.0,12.1,7.5,0.0,14.3,9.1,0.0,8.6,0.1,35.8,39.9,0.8,4.1,0,58,1,A00889,A00889_2020-03-10,0,2020-03-10
89.5,82.6,269.0,4.68,11.5,29.1,0.3,0.0,15.1,4.7,0.0,13.6,12.1,0.0,5.7,0.2,32.5,41.9,0.7,5.1,1,53,0,A00024,A00024_2020-03-10,0,2020-03-10
95.0,,252.0,4.56,10.9,31.6,,,13.8,,,14.4,,,8.6,,33.3,43.3,,,1,18,1,A00298,A00298_2020-03-10,0,2020-03-10
75.55000000000001,64.5,270.0,4.460000000000001,12.35,23.1,0.9,0.0,18.45,5.9,2.1,10.3,23.4,0.2,10.05,0.4,30.6,33.7,2.2,9.6,0,43,0,A01007,A01007_2020-03-10,0,2020-03-10
85.7,,212.0,4.48,10.4,29.7,,,13.2,,,13.3,,,6.8,,34.6,38.4,,,1,49,1,A00764,A00764_2020-03-10,0,2020-03-10
86.6,94.6,278.0,3.81,11.7,27.6,0.2,0.0,16.9,5.5,0.0,10.5,1.4,0.0,5.8,0.2,31.8,33.0,0.1,3.8,0,81,1,A00410,A00410_2020-03-11,0,2020-03-11
88.7,78.1,337.0,3.79,9.6,28.8,0.7,0.0,14.6,6.7,0.8,10.9,13.0,0.1,8.6,0.3,32.4,33.6,1.1,7.8,0,66,0,A01297,A01297_2020-03-11,0,2020-03-11
95.6,89.6,499.0,2.495,10.4,31.55,1.0,0.1,12.85,19.2,1.2,7.85,3.9,0.3,18.75,0.7,33.05,23.85,0.8,4.6,1,61,1,A01084,A01084_2020-03-11,0,2020-03-11
86.2,87.2,182.0,4.49,10.2,29.4,0.2,0.0,13.6,6.4,0.0,13.2,9.4,0.0,7.3,0.4,34.1,38.7,0.7,3.0,1,70,0,A01393,A01393_2020-03-11,0,2020-03-11
86.2,76.0,93.0,4.36,11.0,29.8,0.5,0.0,12.8,4.0,1.0,13.0,14.0,0.1,5.3,0.0,34.6,37.6,0.7,9.0,0,82,1,A00104,A00104_2020-03-11,0,2020-03-11
86.9,73.9,221.0,5.115,8.8,31.65,0.3,0.0,11.85,3.7,0.0,16.2,19.7,0.0,5.0,0.2,36.45,44.45,1.0,6.2,0,54,1,A00541,A00541_2020-03-11,0,2020-03-11
83.4,61.5,254.0,4.77,10.0,28.1,0.4,0.0,13.6,4.2,0.3,13.4,31.9,0.0,6.9,0.1,33.7,39.8,2.2,6.2,0,36,0,A00231,A00231_2020-03-11,0,2020-03-11
66.2,82.4,320.0,5.45,10.2,21.5,0.7,0.0,15.0,10.0,1.5,11.7,10.3,0.2,12.1,0.2,32.4,36.1,1.2,5.6,1,68,1,A00916,A00916_2020-03-11,0,2020-03-11
79.4,68.6,342.0,4.94,11.3,24.9,1.1,0.1,16.5,7.9,0.9,12.3,19.8,0.1,11.5,0.9,31.4,39.2,2.3,9.8,1,47,1,A00558,A00558_2020-03-11,0,2020-03-11
85.0,59.4,493.0,5.06,10.1,28.3,1.1,0.0,12.9,4.9,1.3,14.3,25.1,0.1,8.3,0.5,33.3,43.0,2.1,13.7,0,53,1,A00355,A00355_2020-03-11,0,2020-03-11
86.5,85.0,261.0,5.25,11.6,28.8,0.9,0.1,12.4,12.3,0.0,15.1,8.2,0.0,14.5,0.6,33.3,45.4,1.2,6.2,0,47,1,A00845,A00845_2020-03-11,0,2020-03-11
86.0,76.0,234.0,4.58,10.0,29.9,0.4,0.0,13.2,3.9,3.3,13.7,12.7,0.2,5.1,0.2,34.8,39.4,0.6,7.8,1,49,1,A00764,A00764_2020-03-11,0,2020-03-11
84.8,61.3,227.0,5.51,12.6,28.9,0.6,0.1,13.1,5.1,1.2,15.9,29.8,0.1,8.3,0.7,34.0,46.7,2.5,7.0,0,55,0,A00573,A00573_2020-03-11,0,2020-03-11
88.5,57.0,318.0,4.19,9.6,30.1,0.7,0.0,11.1,3.7,5.0,12.6,27.0,0.3,6.5,0.0,34.0,37.1,1.8,11.0,1,39,0,A00513,A00513_2020-03-11,0,2020-03-11
84.8,93.0,204.0,4.61,11.6,28.2,0.3,0.0,13.4,18.7,0.2,13.0,5.2,0.0,20.1,0.1,33.2,39.1,1.0,1.5,0,76,1,A01310,A01310_2020-03-11,0,2020-03-11
87.1,68.1,201.0,4.04,10.8,26.0,0.5,0.0,13.9,3.5,1.6,10.5,20.2,0.1,5.1,0.4,29.8,35.2,1.0,9.7,0,69,0,A00186,A00186_2020-03-11,0,2020-03-11
82.8,77.9,476.0,4.78,8.9,26.8,1.0,0.0,13.2,9.6,0.8,12.8,12.5,0.1,12.3,0.3,32.3,39.6,1.5,8.5,0,42,1,A00458,A00458_2020-03-11,0,2020-03-11
86.8,77.7,214.0,4.85,10.5,30.3,0.5,0.0,12.2,5.2,0.3,14.7,14.1,0.0,6.7,0.3,34.9,42.1,0.9,7.6,0,58,1,A00889,A00889_2020-03-11,0,2020-03-11
91.2,61.0,114.0,4.43,11.1,31.6,0.4,0.0,13.0,2.1,0.0,14.0,29.0,0.0,3.5,0.0,34.7,40.4,1.0,10.0,0,71,1,A00039,A00039_2020-03-11,0,2020-03-11
83.75,56.6,409.5,4.925000000000001,10.1,28.05,1.0,0.0,12.1,4.35,1.0,13.8,28.5,0.1,7.75,0.4,33.45,41.25,2.2,13.5,0,55,1,A00011,A00011_2020-03-11,0,2020-03-11
89.3,72.1,144.0,4.67,11.1,29.8,0.1,0.0,13.4,1.5,0.0,13.9,22.7,0.0,2.1,0.0,33.3,41.7,0.5,5.2,0,79,1,A00678,A00678_2020-03-11,0,2020-03-11
88.9,,223.0,4.13,12.1,27.8,,,14.5,,,11.5,,,7.4,,31.3,36.7,,,0,91,1,A00476,A00476_2020-03-11,0,2020-03-11
98.6,70.0,66.0,2.89,10.4,32.2,0.6,0.1,15.1,7.6,0.0,9.3,14.0,0.0,10.8,1.0,32.6,28.5,1.5,6.0,0,85,1,A01671,A01671_2020-03-11,0,2020-03-11
92.2,83.55,65.5,2.6025,,29.9,1.9,0.0,21.475,14.45,0.05,7.775,5.15,0.0,13.8,0.1,32.475,23.95,0.85,11.15,0,79,1,A00840,A00840_2020-03-11,0,2020-03-11
94.8,77.7,167.0,3.25,11.5,31.4,0.2,0.0,15.0,4.2,0.0,10.2,18.6,0.0,5.4,0.2,33.1,30.8,1.0,3.5,0,74,1,A00102,A00102_2020-03-11,0,2020-03-11
86.4,44.9,339.0,4.93,10.1,30.0,0.5,0.0,11.6,2.6,0.2,14.8,45.2,0.0,5.8,0.3,34.7,42.6,2.6,9.4,0,31,0,A01401,A01401_2020-03-11,0,2020-03-11
84.5,,334.0,4.45,9.9,28.3,,,12.0,,,12.6,,,5.9,,33.5,37.6,,,0,64,0,A00208,A00208_2020-03-11,0,2020-03-11
79.4,84.2,170.0,5.63,11.7,27.2,0.5,0.0,13.9,5.7,0.0,15.3,7.7,0.0,6.8,0.1,34.2,44.7,0.5,8.0,0,60,1,A00400,A00400_2020-03-11,0,2020-03-11
83.7,82.4,195.0,5.59,10.8,29.2,0.9,0.0,12.6,9.1,0.0,16.3,9.2,0.0,11.1,0.2,34.8,46.8,1.0,8.2,0,61,1,A01257,A01257_2020-03-11,0,2020-03-11
82.3,81.9,334.0,5.99,12.2,27.5,0.4,0.1,13.4,10.2,7.2,16.5,7.3,0.9,12.4,0.5,33.5,49.3,0.9,3.1,1,36,1,A01460,A01460_2020-03-11,0,2020-03-11
83.2,63.4,407.0,5.31,10.9,28.1,0.5,0.0,12.4,2.6,2.0,14.9,21.0,0.1,4.1,0.7,33.7,44.2,0.9,12.9,0,57,1,A00285,A00285_2020-03-11,0,2020-03-11
79.9,60.1,244.0,6.01,9.8,27.8,0.7,0.0,12.8,3.7,0.5,16.7,27.1,0.0,6.2,0.3,34.8,48.0,1.7,12.0,0,31,1,A01597,A01597_2020-03-11,0,2020-03-11
86.8,90.7,349.0,4.54,11.1,28.4,0.3,0.0,14.4,7.5,1.2,12.9,4.6,0.1,8.3,0.4,32.7,39.4,0.4,3.1,1,56,0,A00827,A00827_2020-03-11,0,2020-03-11
85.2,74.6,376.0,4.74,9.2,28.3,0.6,0.0,14.3,4.8,0.0,13.4,16.7,0.0,6.5,0.2,33.2,40.4,1.1,8.5,0,55,1,A01518,A01518_2020-03-11,0,2020-03-11
94.4,85.8,206.0,4.3,10.4,31.6,0.3,0.1,14.1,7.0,2.3,13.6,6.9,0.2,8.2,1.0,33.5,40.6,0.6,4.0,1,18,1,A00298,A00298_2020-03-11,0,2020-03-11
85.4,54.0,192.0,4.86,10.5,28.0,0.4,0.0,12.9,2.1,1.0,13.6,33.0,0.0,3.9,1.0,32.8,41.5,1.3,11.0,0,30,0,A00072,A00072_2020-03-11,0,2020-03-11
83.2,,114.0,4.83,9.7,29.6,,,14.3,,,14.3,,,10.2,,35.6,40.2,,,0,71,1,A01516,A01516_2020-03-11,0,2020-03-11
55.6,70.0,148.0,4.01,,15.0,0.9,0.0,23.0,3.2,0.0,6.0,9.0,0.0,4.5,0.0,26.9,22.3,0.4,21.0,0,20,0,A01433,A01433_2020-03-11,0,2020-03-11
89.7,73.5,318.0,5.04,11.0,29.2,0.4,0.0,14.9,5.0,0.0,14.7,20.3,0.0,6.8,0.1,32.5,45.2,1.4,6.1,1,53,0,A00024,A00024_2020-03-11,0,2020-03-11
91.7,81.3,236.0,4.24,10.5,30.9,0.2,0.0,13.2,4.9,1.5,13.1,13.9,0.1,6.0,0.3,33.7,38.9,0.8,3.0,1,64,0,A00628,A00628_2020-03-11,0,2020-03-11
92.8,82.5,362.0,3.2,8.5,30.9,1.2,0.1,17.2,11.6,1.6,9.9,7.0,0.2,14.0,0.5,33.3,29.7,1.0,8.4,0,69,1,A01174,A01174_2020-03-11,0,2020-03-11
90.1,79.5,233.0,4.55,11.3,30.1,0.8,0.0,12.8,5.2,1.4,13.7,7.0,0.1,6.6,0.5,33.4,41.0,0.5,11.6,1,55,1,A01270,A01270_2020-03-11,0,2020-03-11
86.9,55.1,173.0,4.8,10.8,30.0,0.4,0.0,12.3,1.8,0.0,14.4,31.4,0.0,3.3,0.0,34.5,41.7,1.0,13.5,0,52,0,A00908,A00908_2020-03-11,0,2020-03-11
86.4,92.1,246.0,4.25,11.2,28.5,0.3,0.0,13.3,6.2,0.0,12.1,2.7,0.0,6.7,0.2,33.0,36.7,0.2,5.0,0,80,1,A00789,A00789_2020-03-11,0,2020-03-11
88.9,43.0,188.0,4.68,11.4,30.8,0.5,0.0,12.6,1.8,0.5,14.4,45.4,0.0,4.3,0.2,34.6,41.6,2.0,10.9,0,60,0,A00431,A00431_2020-03-11,0,2020-03-11
94.8,56.6,239.0,3.87,11.0,31.8,0.8,0.0,13.2,3.5,2.0,12.3,27.5,0.1,6.1,0.3,33.5,36.7,1.7,13.6,0,82,1,A01523,A01523_2020-03-11,0,2020-03-11
96.5,95.2,296.0,4.04,11.5,30.9,0.2,0.0,13.7,12.2,0.0,12.5,3.2,0.0,12.8,0.3,32.1,39.0,0.4,1.3,0,77,1,A01227,A01227_2020-03-11,0,2020-03-11
84.7,55.9,114.0,5.3,10.2,29.8,0.3,0.0,12.3,2.1,0.0,15.8,36.8,0.0,3.7,0.0,35.2,44.9,1.4,7.3,0,46,1,A00830,A00830_2020-03-11,0,2020-03-11
88.3,94.2,104.6666666666667,3.92,11.86666666666667,27.56666666666667,0.2,0.05,17.43333333333333,6.0,0.0,10.8,1.5,0.0,6.0,0.65,31.23333333333333,34.6,0.1,3.65,1,75,1,A00147,A00147_2020-03-11,0,2020-03-11
84.8,91.0,283.0,5.33,10.4,26.6,0.4,0.0,15.0,9.2,0.0,14.2,4.9,0.0,10.1,0.2,31.4,45.2,0.5,3.9,0,84,1,A00164,A00164_2020-03-11,0,2020-03-11
87.1,78.9,302.0,4.1,9.3,29.5,0.8,0.0,13.5,6.2,0.0,12.1,10.7,0.0,7.9,0.1,33.9,35.7,0.8,10.3,0,75,1,A01293,A01293_2020-03-11,0,2020-03-11
88.0,,222.0,4.5,9.9,28.7,,,14.1,,,12.9,,,8.4,,32.6,39.6,,,1,61,1,A00900,A00900_2020-03-11,0,2020-03-11
91.5,92.1,309.0,4.14,11.3,29.2,0.3,0.0,14.6,11.9,0.0,12.1,5.1,0.0,12.9,0.2,31.9,37.9,0.7,2.6,1,75,1,A00839,A00839_2020-03-11,1,2020-03-11
84.3,73.2,134.0,4.34,9.3,27.6,0.2,0.0,13.6,2.9,0.0,12.0,20.7,0.0,4.0,0.3,32.8,36.6,0.8,5.8,0,77,1,A00525,A00525_2020-03-11,0,2020-03-11
84.05,75.05000000000001,297.5,4.76,13.0,29.85,0.55,0.0,12.15,5.05,0.0,14.2,16.7,0.0,6.699999999999999,0.3,35.5,40.0,1.1,7.949999999999999,0,29,0,A00016,A00016_2020-03-11,0,2020-03-11
88.3,70.9,366.0,4.44,10.8,28.2,0.5,0.1,14.7,5.0,4.9,12.5,15.8,0.3,7.0,1.1,31.9,39.2,1.1,7.3,1,41,1,A00367,A00367_2020-03-11,0,2020-03-11
85.2,85.5,226.0,4.52,9.8,29.0,0.4,0.0,13.3,6.9,0.1,13.1,9.4,0.0,8.1,0.2,34.0,38.5,0.8,4.8,0,70,1,A01020,A01020_2020-03-12,0,2020-03-12
99.5,86.5,526.0,2.613333333333333,10.1,31.4,0.8,0.1,14.53333333333333,15.7,1.3,8.2,7.4,0.2,17.83333333333333,0.3,31.53333333333333,25.96666666666667,1.3,4.5,1,61,1,A01084,A01084_2020-03-12,0,2020-03-12
94.4,82.5,267.0,4.45,10.5,31.0,0.3,0.0,13.4,5.7,2.5,13.8,10.5,0.2,6.9,0.3,32.9,42.0,0.7,4.2,1,64,0,A00628,A00628_2020-03-12,0,2020-03-12
83.5,68.8,402.0,5.53,10.3,28.2,1.5,0.1,11.9,9.4,1.1,15.6,18.8,0.1,13.6,0.6,33.8,46.2,2.6,10.7,0,61,1,A00859,A00859_2020-03-12,0,2020-03-12
85.4,47.8,169.0,5.21,9.5,28.4,0.3,0.0,12.1,1.8,0.0,14.8,42.8,0.0,3.7,0.3,33.3,44.5,1.6,9.1,0,20,1,A01512,A01512_2020-03-12,0,2020-03-12
89.0,91.4,218.0,4.8,10.3,28.8,0.3,0.0,14.5,10.2,1.0,13.8,4.3,0.1,11.2,0.3,32.3,42.7,0.5,3.0,1,61,1,A00900,A00900_2020-03-12,0,2020-03-12
84.5,,118.0,4.19,10.3,27.9,,,13.6,,,11.7,,,4.8,,33.1,35.4,,,0,77,1,A00525,A00525_2020-03-12,0,2020-03-12
92.0,90.6,28.0,3.87,,30.5,0.1,0.0,18.6,2.5,0.0,11.8,5.4,0.0,2.8,0.7,33.1,35.6,0.2,3.3,0,71,1,A00222,A00222_2020-03-12,0,2020-03-12
88.7,83.4,175.0,5.2,11.4,30.2,0.7,0.0,13.4,6.3,0.0,15.7,7.3,0.0,7.5,0.1,34.1,46.1,0.5,9.2,0,75,1,A01635,A01635_2020-03-12,0,2020-03-12
87.5,90.5,254.0,4.8,10.1,30.4,0.7,0.0,12.4,12.9,0.0,14.6,4.2,0.0,14.3,0.1,34.8,42.0,0.6,5.2,1,79,1,A00907,A00907_2020-03-12,0,2020-03-12
88.8,55.5,321.0,4.02,12.4,28.4,1.6,0.1,14.0,6.7,11.1,11.4,19.1,1.3,12.0,0.7,31.9,35.7,2.3,13.6,0,41,0,A00823,A00823_2020-03-12,0,2020-03-12
85.65,88.6,246.0,4.475,9.899999999999999,29.1,0.3,0.0,13.35,6.4,0.0,13.0,7.8,0.0,10.25,0.1,33.95,38.3,0.6,3.5,1,70,0,A01393,A01393_2020-03-12,0,2020-03-12
98.85,90.19999999999999,250.5,3.105,10.85,32.95,0.3,0.05,15.85,6.45,0.0,10.25,5.550000000000001,0.0,7.15,0.5,33.35,30.7,0.4,3.75,0,68,1,A00964,A00964_2020-03-12,0,2020-03-12
94.7,53.5,202.0,5.25,11.1,33.5,1.4,0.0,11.9,3.6,1.8,17.6,23.2,0.1,6.7,0.7,35.4,49.7,1.6,20.8,0,23,1,A00821,A00821_2020-03-12,0,2020-03-12
87.1,70.4,216.0,4.17,10.7,25.7,0.6,0.0,14.1,4.0,1.4,10.7,17.8,0.1,5.7,0.4,29.5,36.3,1.0,10.0,0,69,0,A00186,A00186_2020-03-12,0,2020-03-12
86.8,58.0,173.0,5.32,10.7,29.5,1.0,0.0,13.8,3.2,0.2,15.7,23.1,0.0,5.5,0.4,34.0,46.2,1.3,18.3,0,56,1,A00321,A00321_2020-03-12,0,2020-03-12
81.9,45.8,329.0,4.76,9.9,27.3,0.3,0.0,14.6,1.9,0.5,13.0,46.0,0.0,4.2,0.5,33.3,39.0,1.9,7.2,0,44,0,A00772,A00772_2020-03-12,0,2020-03-12
86.7,,255.0,4.43,10.3,29.3,,,13.0,,,13.0,,,3.9,,33.9,38.4,,,0,71,1,A01315,A01315_2020-03-12,0,2020-03-12
88.7,84.4,378.0,4.41,11.0,27.9,0.3,0.0,14.6,5.3,4.8,12.3,6.2,0.3,6.3,0.3,31.5,39.1,0.4,4.3,1,56,0,A00827,A00827_2020-03-12,0,2020-03-12
96.0,,74.0,2.99,,31.1,,,15.2,,,9.3,,,9.9,,32.4,28.7,,,0,85,1,A01671,A01671_2020-03-12,0,2020-03-12
83.3,68.6,411.0,5.33,10.7,28.1,0.5,0.1,12.4,3.4,1.6,15.0,18.0,0.1,5.0,1.0,33.8,44.4,0.9,10.8,0,57,1,A00285,A00285_2020-03-12,0,2020-03-12
67.4,85.7,308.0,5.18,10.4,21.8,0.6,0.0,15.1,9.6,1.1,11.3,7.6,0.1,11.2,0.2,32.4,34.9,0.9,5.4,1,68,1,A00916,A00916_2020-03-12,0,2020-03-12
90.7,43.7,138.0,4.92,10.6,32.3,0.4,0.0,12.3,1.5,0.3,15.9,45.7,0.0,3.5,0.3,35.7,44.6,1.6,10.0,0,52,1,A00091,A00091_2020-03-12,0,2020-03-12
91.5,,120.0,4.73,9.8,29.6,,,15.3,,,14.0,,,6.3,,32.3,43.3,,,0,77,1,A00198,A00198_2020-03-12,0,2020-03-12
88.6,85.9,172.0,4.91,10.1,30.1,0.2,0.0,12.8,4.3,0.0,14.8,9.7,0.0,5.0,0.0,34.0,43.5,0.5,4.4,0,68,1,A00336,A00336_2020-03-12,0,2020-03-12
91.9,81.9,210.0,4.93,11.0,31.0,0.4,0.1,13.8,7.0,2.1,15.3,10.0,0.2,8.6,1.2,33.8,45.3,0.9,4.8,1,18,1,A00298,A00298_2020-03-12,0,2020-03-12
86.0,41.0,173.0,5.3,10.0,29.4,0.3,0.0,12.0,1.4,0.0,15.6,49.0,0.0,3.3,0.0,34.2,45.6,1.6,10.0,0,41,0,A00035,A00035_2020-03-12,0,2020-03-12
86.6,,326.0,5.24,10.5,30.3,,,12.5,,,15.9,,,11.0,,35.0,45.4,,,0,52,1,A00732,A00732_2020-03-12,0,2020-03-12
89.8,89.1,99.0,3.62,12.2,27.6,0.2,0.0,17.9,3.6,0.2,10.0,4.5,0.0,4.0,0.2,30.8,32.5,0.2,6.0,1,75,1,A00147,A00147_2020-03-12,0,2020-03-12
91.4,83.5,257.0,5.45,11.0,30.6,0.9,0.0,13.5,8.1,0.2,16.7,7.0,0.0,9.7,0.2,33.5,49.8,0.7,9.1,0,76,1,A01584,A01584_2020-03-12,0,2020-03-12
82.8,63.8,198.0,4.88,9.8,29.1,0.4,0.0,12.0,2.7,0.2,14.2,25.6,0.0,4.2,0.2,35.1,40.4,1.1,10.2,0,51,1,A01491,A01491_2020-03-12,0,2020-03-12
88.9,77.8,290.0,4.59,9.7,29.6,0.5,0.0,13.6,4.5,3.8,13.6,8.8,0.2,5.8,0.3,33.3,40.8,0.5,9.3,1,49,1,A00764,A00764_2020-03-12,0,2020-03-12
82.1,59.2,408.0,5.04,10.0,27.2,1.2,0.1,11.9,5.0,0.9,13.7,24.8,0.1,8.5,0.6,33.1,41.4,2.1,14.5,0,55,1,A00011,A00011_2020-03-12,0,2020-03-12
84.43333333333334,95.7,185.6666666666667,3.56,13.0,29.1,0.4,0.0,16.33333333333333,10.5,0.0,10.36666666666667,1.0,0.0,10.6,0.1,34.5,30.06666666666667,0.1,3.2,1,65,1,A01332,A01332_2020-03-12,0,2020-03-12
88.8,76.8,354.0,4.72,11.7,27.8,0.5,0.0,15.0,8.1,3.1,13.1,15.3,0.3,10.5,0.3,31.3,41.9,1.6,4.5,1,41,1,A00367,A00367_2020-03-12,0,2020-03-12
84.4,79.8,315.0,5.77,12.6,27.2,0.5,0.0,14.0,7.7,3.5,15.7,11.6,0.3,9.7,0.4,32.2,48.7,1.1,4.7,1,36,1,A01460,A01460_2020-03-12,0,2020-03-12
81.5,59.3,117.0,4.22,12.4,26.8,0.4,0.0,16.2,1.4,0.9,11.3,21.0,0.0,2.3,0.9,32.8,34.4,0.5,17.9,0,46,1,A01218,A01218_2020-03-12,0,2020-03-12
87.7,75.1,159.0,4.05,9.3,31.1,0.5,0.0,12.6,4.8,0.0,12.6,17.6,0.0,6.4,0.2,35.5,35.5,1.1,7.1,0,77,1,A00817,A00817_2020-03-12,0,2020-03-12
85.2,79.0,216.0,4.32,9.9,27.3,0.7,0.0,13.6,6.9,0.3,11.8,12.8,0.0,8.7,0.2,32.1,36.8,1.1,7.7,0,83,1,A00740,A00740_2020-03-12,0,2020-03-12
86.4,73.9,170.0,4.64,12.5,30.0,0.7,0.0,13.4,3.9,0.0,13.9,12.4,0.0,5.3,0.2,34.7,40.1,0.7,13.5,0,78,1,A01146,A01146_2020-03-12,0,2020-03-12
93.05,94.44999999999999,300.0,4.33,11.9,29.0,0.25,0.0,14.65,13.45,0.0,12.55,3.9,0.0,14.25,0.1,31.15,40.3,0.55,1.55,1,75,1,A00839,A00839_2020-03-12,1,2020-03-12
85.5,63.1,129.0,5.12,11.9,28.3,0.9,0.0,12.9,5.2,0.5,14.5,25.1,0.0,8.2,0.4,33.1,43.8,2.1,10.9,0,47,1,A00845,A00845_2020-03-12,0,2020-03-12
86.7,38.4,352.0,4.05,9.6,28.9,0.7,0.0,12.5,1.4,3.0,11.7,39.7,0.1,3.7,0.8,33.3,35.1,1.5,18.1,0,61,0,A01328,A01328_2020-03-12,0,2020-03-12
72.6,87.2,56.0,4.19,11.4,22.2,0.3,0.0,15.9,5.6,0.3,9.3,7.0,0.0,6.4,0.2,30.6,30.4,0.4,5.3,0,89,1,A00661,A00661_2020-03-12,0,2020-03-12
78.9,64.0,328.5,4.905,11.3,24.85,0.9,0.1,16.2,6.7,2.7,12.2,23.7,0.3,10.2,0.7,31.55,38.7,2.5,8.9,1,47,1,A00558,A00558_2020-03-12,0,2020-03-12
91.4,74.1,396.0,5.46,11.8,28.9,0.6,0.0,15.1,5.3,0.0,15.8,16.6,0.0,7.2,0.3,31.7,49.9,1.2,9.0,0,53,0,A00024,A00024_2020-03-12,0,2020-03-12
88.2,,68.0,4.59,12.2,31.6,,,11.8,,,14.5,,,5.1,,35.8,40.5,,,0,46,1,A01073,A01073_2020-03-12,0,2020-03-12
90.6,81.9,219.0,4.35,11.4,30.8,0.9,0.0,12.8,6.4,0.1,13.4,6.2,0.0,7.8,0.5,34.0,39.4,0.5,11.3,1,55,1,A01270,A01270_2020-03-12,0,2020-03-12
88.5,74.3,336.0,5.48,10.8,30.3,0.7,0.0,12.6,5.3,0.3,16.6,14.9,0.0,7.1,0.4,34.2,48.5,1.1,10.1,0,74,1,A00154,A00154_2020-03-12,0,2020-03-12
64.8,96.3,126.0,4.38,,20.8,0.5,0.0,16.7,20.2,0.0,9.1,1.0,0.0,21.0,0.2,32.0,28.4,0.2,2.5,0,68,1,A00894,A00894_2020-03-12,0,2020-03-12
93.2,81.6,255.0,4.39,11.6,31.9,0.5,0.0,17.5,5.4,0.0,14.0,10.7,0.0,6.6,0.3,34.2,40.9,0.7,7.4,0,67,1,A01207,A01207_2020-03-12,0,2020-03-12
94.3,79.4,335.0,3.32,8.5,30.4,1.0,0.0,17.6,7.6,1.3,10.1,8.4,0.1,9.6,0.5,32.3,31.3,0.8,10.4,0,69,1,A01174,A01174_2020-03-12,0,2020-03-12
82.55,68.6,188.5,4.845000000000001,10.55,28.0,0.9,0.0,12.75,5.2,0.0,13.55,19.5,0.0,7.75,0.1,33.90000000000001,40.0,1.5,11.8,0,54,1,A01147,A01147_2020-03-13,0,2020-03-13
89.6,80.5,387.0,4.54,11.0,28.2,0.4,0.0,14.6,4.4,4.9,12.8,7.4,0.3,5.5,0.7,31.4,40.7,0.4,6.5,1,56,0,A00827,A00827_2020-03-13,0,2020-03-13
95.9,47.5,246.0,3.65,10.8,31.5,0.8,0.0,13.2,2.7,2.3,11.5,35.3,0.1,5.6,0.5,32.9,35.0,2.0,14.4,0,82,1,A01523,A01523_2020-03-13,0,2020-03-13
88.1,75.2,212.0,4.61,10.7,30.4,0.3,0.0,12.3,4.8,0.0,14.0,20.3,0.0,6.4,0.2,34.5,40.6,1.3,4.3,0,55,1,A01653,A01653_2020-03-13,0,2020-03-13
84.4,57.4,177.0,4.37,9.6,28.6,0.3,0.0,13.7,1.9,0.0,12.5,34.7,0.0,3.3,0.3,33.9,36.9,1.1,7.6,0,53,1,A00352,A00352_2020-03-13,0,2020-03-13
84.5,61.5,236.0,5.34,10.7,28.1,0.4,0.0,12.7,2.2,0.0,15.0,27.9,0.0,3.6,0.0,33.3,45.1,1.0,10.6,0,58,0,A01405,A01405_2020-03-13,0,2020-03-13
89.5,89.4,308.0,4.38,10.1,29.2,0.5,0.0,13.7,10.7,0.0,12.8,6.6,0.0,12.0,0.2,32.7,39.2,0.8,3.8,1,70,0,A01393,A01393_2020-03-13,0,2020-03-13
83.3,63.4,371.0,4.96,10.0,27.6,1.2,0.0,12.1,5.1,0.7,13.7,20.7,0.1,8.1,0.2,33.2,41.3,1.7,15.0,0,55,1,A00011,A00011_2020-03-13,0,2020-03-13
71.3,85.3,392.0,5.82,10.8,22.0,1.0,0.0,15.9,11.0,1.2,12.8,5.7,0.2,12.9,0.3,30.8,41.5,0.7,7.5,1,68,1,A00916,A00916_2020-03-13,0,2020-03-13
97.2,82.2,300.0,4.69,10.9,31.6,0.3,0.1,13.3,6.2,2.0,14.8,11.1,0.2,7.5,0.7,32.5,45.6,0.8,4.0,1,64,0,A00628,A00628_2020-03-13,0,2020-03-13
87.8,73.8,217.0,4.59,12.3,29.4,0.7,0.0,13.6,4.7,0.6,13.5,14.0,0.0,6.4,0.5,33.5,40.3,0.9,11.1,0,78,1,A01146,A01146_2020-03-13,0,2020-03-13
90.1,76.8,314.0,4.44,9.5,29.7,0.6,0.0,13.3,4.8,4.5,13.2,8.8,0.3,6.3,0.5,33.0,40.0,0.6,9.4,1,49,1,A00764,A00764_2020-03-13,0,2020-03-13
98.2,88.8,494.0,2.79,10.1,31.2,0.7,0.1,16.9,14.3,1.5,8.7,5.1,0.2,16.1,0.4,31.8,27.4,0.8,4.2,1,61,1,A01084,A01084_2020-03-13,0,2020-03-13
84.8,79.8,205.0,4.94,10.6,27.7,0.6,0.0,14.2,4.7,0.0,13.7,10.1,0.0,5.9,0.2,32.7,41.9,0.6,9.9,0,55,1,A01056,A01056_2020-03-13,0,2020-03-13
98.7,59.7,182.0,3.92,10.1,35.5,0.5,0.0,11.9,2.7,0.4,13.9,28.9,0.0,4.6,0.2,35.9,38.7,1.3,10.8,0,61,1,A00869,A00869_2020-03-13,0,2020-03-13
85.7,52.1,209.0,4.56,10.7,28.3,0.5,0.0,13.0,2.1,0.2,12.9,34.1,0.0,4.1,0.2,33.0,39.1,1.4,13.4,0,30,0,A00072,A00072_2020-03-13,0,2020-03-13
91.5,92.9,154.0,5.06,11.0,28.7,0.2,0.0,14.6,8.3,1.9,14.5,3.1,0.2,8.9,0.2,31.3,46.3,0.3,1.9,1,61,1,A00900,A00900_2020-03-13,0,2020-03-13
84.2,59.9,239.0,5.18,11.1,27.6,0.8,0.0,12.9,5.6,0.1,14.3,30.8,0.0,9.3,0.2,32.8,43.6,2.9,9.0,0,63,0,A00914,A00914_2020-03-13,0,2020-03-13
87.6,88.3,224.0,4.92,9.7,30.1,0.3,0.0,12.8,6.5,0.0,14.8,8.2,0.0,7.4,0.0,34.3,43.1,0.6,3.5,0,68,1,A00336,A00336_2020-03-13,0,2020-03-13
81.9,58.8,243.0,4.75,9.9,27.4,0.3,0.0,13.2,5.0,0.1,13.0,37.8,0.0,8.5,0.2,33.4,38.9,3.2,3.1,0,46,0,A01123,A01123_2020-03-13,0,2020-03-13
93.3,58.1,377.0,4.65,9.2,31.4,1.1,0.0,13.2,3.7,0.5,14.6,24.1,0.0,6.4,0.3,33.6,43.4,1.5,17.0,0,63,1,A00689,A00689_2020-03-13,0,2020-03-13
94.85,83.65,400.0,3.395,8.3,30.35,0.6499999999999999,0.05,13.6,9.6,3.0,10.3,6.9,0.35,11.45,0.35,31.95,32.2,0.8,6.1,0,64,1,A01494,A01494_2020-03-13,0,2020-03-13
91.2,80.2,182.0,4.44,9.8,31.3,0.3,0.0,14.4,4.6,0.0,13.9,14.7,0.0,5.7,0.0,34.3,40.5,0.8,5.1,1,54,1,A01442,A01442_2020-03-13,0,2020-03-13
60.8,69.8,185.0,6.25,,19.0,0.9,0.0,17.6,6.4,1.1,11.9,18.9,0.1,9.2,0.4,31.3,38.0,1.7,9.8,0,54,1,A01136,A01136_2020-03-13,0,2020-03-13
83.4,69.5,92.0,5.19,11.6,30.4,0.2,0.0,12.2,2.2,0.0,15.8,24.7,0.0,3.1,0.0,36.5,43.3,0.8,5.8,1,46,1,A00830,A00830_2020-03-13,0,2020-03-13
94.8,69.1,359.0,3.47,9.8,32.6,0.5,0.0,11.8,4.4,0.3,11.3,22.5,0.0,6.3,0.2,34.3,32.9,1.4,7.9,0,66,1,A00015,A00015_2020-03-13,0,2020-03-13
60.6,65.9,285.0,6.45,11.2,19.7,0.8,0.0,16.7,3.4,0.0,12.7,18.3,0.0,5.2,0.2,32.5,39.1,1.0,15.6,0,72,1,A01681,A01681_2020-03-13,0,2020-03-13
93.7,70.6,143.0,4.13,11.6,31.7,0.9,0.0,12.8,4.5,0.0,13.1,14.8,0.0,6.4,0.5,33.9,38.7,0.9,14.1,0,69,1,A01452,A01452_2020-03-13,0,2020-03-13
90.9,,206.0,3.64,9.9,31.3,,,13.2,,,11.4,,,19.8,,34.4,33.1,,,1,79,1,A00907,A00907_2020-03-13,0,2020-03-13
86.2,81.1,245.0,5.2,11.7,28.8,0.8,0.0,13.0,8.4,0.0,15.0,10.9,0.0,10.3,0.2,33.5,44.8,1.1,7.8,1,61,1,A01257,A01257_2020-03-13,0,2020-03-13
94.6,70.2,204.0,3.69,9.7,30.9,0.7,0.0,13.3,6.0,2.2,11.4,19.6,0.2,8.6,0.3,32.7,34.9,1.7,7.7,0,78,0,A01650,A01650_2020-03-13,0,2020-03-13
86.0,77.6,191.0,5.59,11.7,29.2,0.7,0.0,12.7,7.3,0.1,16.3,14.1,0.0,9.4,0.4,33.9,48.1,1.3,7.8,0,46,1,A00564,A00564_2020-03-13,0,2020-03-13
85.4,86.4,149.0,5.21,11.0,31.3,0.2,0.0,11.6,5.2,0.0,16.3,9.7,0.0,6.0,0.2,36.6,44.5,0.6,3.7,1,57,1,A01443,A01443_2020-03-13,0,2020-03-13
92.6,94.2,316.0,4.59,12.4,28.5,0.3,0.0,14.6,13.8,0.0,13.1,3.9,0.0,14.6,0.1,30.8,42.5,0.6,1.8,1,75,1,A00839,A00839_2020-03-13,1,2020-03-13
85.6,83.1,375.0,4.73,9.9,29.8,0.2,0.0,13.2,8.9,0.2,14.1,14.2,0.0,10.7,0.2,34.8,40.5,1.5,2.3,1,54,1,A01478,A01478_2020-03-13,0,2020-03-13
85.5,50.6,169.0,4.63,10.2,29.4,0.1,0.0,12.7,1.4,0.0,13.6,44.1,0.0,2.8,0.0,34.3,39.6,1.2,5.3,0,35,0,A01343,A01343_2020-03-13,0,2020-03-13
91.8,82.0,49.0,3.29,13.0,29.2,0.2,0.0,17.7,1.6,2.5,9.6,5.0,0.1,2.0,0.5,31.8,30.2,0.1,10.0,1,75,1,A00147,A00147_2020-03-13,0,2020-03-13
97.7,51.9,70.0,3.55,12.1,33.5,0.5,0.0,13.9,2.6,0.0,11.9,38.0,0.0,5.0,0.8,34.3,34.7,1.9,9.3,0,89,0,A00162,A00162_2020-03-13,0,2020-03-13
93.6,81.3,217.0,4.81,11.0,30.8,0.4,0.0,14.1,6.0,2.2,14.8,10.4,0.2,7.4,0.4,32.9,45.0,0.8,5.7,1,18,1,A00298,A00298_2020-03-13,0,2020-03-13
87.4,76.9,186.0,4.67,10.2,28.5,0.5,0.0,12.6,4.0,0.0,13.3,13.0,0.0,5.2,0.0,32.6,40.8,0.7,10.1,0,39,1,A00122,A00122_2020-03-13,0,2020-03-13
90.3,83.8,227.0,4.42,11.7,29.9,0.9,0.0,12.9,7.6,1.2,13.2,4.3,0.1,9.1,0.4,33.1,39.9,0.4,10.3,1,55,1,A01270,A01270_2020-03-13,0,2020-03-13
90.2,,266.0,4.47,9.7,31.3,,,12.6,,,14.0,,,15.3,,34.7,40.3,,,0,60,1,A01473,A01473_2020-03-13,0,2020-03-13
88.1,70.6,108.0,5.11,10.7,30.1,0.1,0.0,13.4,2.4,0.0,15.4,25.6,0.0,3.4,0.0,34.2,45.0,0.9,3.8,1,52,1,A00123,A00123_2020-03-13,0,2020-03-13
88.0,67.5,236.0,4.25,10.8,26.1,0.5,0.0,14.1,3.4,2.6,11.1,20.1,0.1,5.1,0.2,29.7,37.4,1.0,9.6,0,69,0,A00186,A00186_2020-03-13,0,2020-03-13
88.2,65.9,108.0,5.32,12.0,28.8,0.3,0.0,13.2,3.0,0.0,15.3,26.5,0.0,4.5,0.2,32.6,46.9,1.2,7.4,0,56,1,A01572,A01572_2020-03-13,0,2020-03-13
79.6,85.5,159.0,5.54,11.0,26.0,0.4,0.0,13.9,4.9,0.0,14.4,7.6,0.0,5.7,0.0,32.7,44.1,0.4,6.9,0,60,1,A00400,A00400_2020-03-13,0,2020-03-13
91.9,89.8,10.0,2.84,,30.6,0.1,0.0,18.4,1.5,0.0,8.7,6.0,0.0,1.7,0.0,33.3,26.1,0.1,4.2,0,71,1,A00222,A00222_2020-03-13,0,2020-03-13
85.0,87.9,305.0,5.08,12.5,27.2,0.5,0.1,13.7,11.1,1.2,13.8,6.4,0.2,12.6,0.9,31.9,43.2,0.8,3.6,1,36,1,A01460,A01460_2020-03-13,0,2020-03-13
83.6,95.8,189.0,3.6,13.1,29.2,0.4,0.0,15.9,11.2,0.1,10.5,0.9,0.0,11.7,0.1,34.9,30.1,0.1,3.1,1,65,1,A01332,A01332_2020-03-13,0,2020-03-13
88.0,86.8,129.0,5.74,12.4,30.1,0.5,0.0,12.5,8.9,0.0,17.3,8.0,0.0,10.3,0.2,34.3,50.5,0.8,5.0,0,71,1,A00872,A00872_2020-03-13,0,2020-03-13
88.8,61.3,248.0,5.47,11.1,30.5,0.9,0.1,11.9,4.5,0.7,16.7,25.3,0.1,7.4,0.7,34.4,48.6,1.9,12.0,0,49,1,A00432,A00432_2020-03-13,0,2020-03-13
88.9,72.3,502.0,4.58,11.2,29.7,0.5,0.1,12.6,4.6,1.4,13.6,17.5,0.1,6.3,0.9,33.4,40.7,1.1,7.9,0,63,1,A00535,A00535_2020-03-13,0,2020-03-13
87.1,82.7,199.0,5.03,10.0,30.0,0.8,0.0,12.7,8.2,0.0,15.1,8.7,0.0,9.9,0.2,34.5,43.8,0.9,8.4,0,68,1,A01661,A01661_2020-03-13,0,2020-03-13
87.6,57.6,190.0,4.58,11.4,29.5,0.6,0.1,12.1,5.7,2.6,13.5,33.4,0.3,9.9,0.7,33.7,40.1,3.3,5.7,0,32,0,A00136,A00136_2020-03-13,0,2020-03-13
102.4,51.6,49.0,2.88,10.5,36.1,0.4,0.0,13.7,1.3,0.4,10.4,31.5,0.0,2.5,0.4,35.3,29.5,0.8,16.1,0,87,1,A01113,A01113_2020-03-13,0,2020-03-13
85.8,88.8,173.0,4.0,9.1,30.0,0.1,0.0,12.6,8.8,0.0,12.0,9.7,0.0,9.9,0.1,35.0,34.3,1.0,1.4,0,41,1,A00781,A00781_2020-03-13,0,2020-03-13
94.0,88.5,203.0,3.5,11.8,30.9,0.2,0.0,15.1,6.2,0.1,10.8,7.9,0.0,7.0,0.3,32.8,32.9,0.6,3.2,0,74,1,A00102,A00102_2020-03-13,0,2020-03-13
89.7,79.3,373.0,4.64,11.9,28.7,0.7,0.0,14.9,10.4,1.5,13.3,13.5,0.2,13.1,0.2,32.0,41.6,1.8,5.5,1,41,1,A00367,A00367_2020-03-13,0,2020-03-13
83.3,78.8,399.0,4.78,9.1,27.4,1.3,0.0,13.8,10.7,0.6,13.1,11.2,0.1,13.6,0.1,32.9,39.8,1.5,9.3,0,42,1,A00458,A00458_2020-03-13,0,2020-03-13
86.1,57.1,475.0,5.04,10.4,28.2,1.0,0.1,13.1,4.3,1.2,14.2,27.8,0.1,7.5,0.8,32.7,43.4,2.1,13.1,0,53,1,A00355,A00355_2020-03-13,0,2020-03-13
69.8,72.4,248.0,4.77,8.7,21.8,0.4,0.0,17.6,2.9,0.0,10.4,16.8,0.0,4.0,0.5,31.2,33.3,0.7,10.3,0,53,1,A00716,A00716_2020-03-13,0,2020-03-13
87.1,49.9,280.0,3.8,9.7,29.7,0.5,0.1,11.2,2.8,10.8,11.3,29.1,0.6,5.6,0.9,34.1,33.1,1.6,9.3,1,39,0,A00513,A00513_2020-03-13,0,2020-03-13
84.2,70.6,454.0,5.3,10.6,27.9,0.6,0.1,12.3,4.0,1.6,14.8,16.5,0.1,5.7,1.1,33.2,44.6,0.9,10.2,0,57,1,A00285,A00285_2020-03-13,0,2020-03-13
85.1,84.0,299.0,5.5,10.4,26.4,0.8,0.0,14.6,9.3,0.0,14.5,9.0,0.0,11.1,0.2,31.0,46.8,1.0,6.8,0,84,1,A00164,A00164_2020-03-13,0,2020-03-13
97.0,55.8,277.0,4.38,11.3,32.4,0.4,0.0,12.8,2.8,0.2,14.2,35.3,0.0,5.0,0.6,33.4,42.5,1.8,8.1,0,74,1,A00588,A00588_2020-03-13,0,2020-03-13
83.6,61.5,242.0,5.23,10.0,28.3,0.8,0.0,13.7,3.8,0.5,14.8,24.6,0.0,6.1,0.5,33.9,43.7,1.5,12.9,0,23,1,A00559,A00559_2020-03-13,0,2020-03-13
84.4,97.4,153.0,3.52,12.5,29.5,0.3,0.0,16.8,17.1,0.1,10.4,0.5,0.0,17.6,0.1,35.0,29.7,0.1,1.9,1,65,1,A01332,A01332_2020-03-14,1,2020-03-14
95.1,,121.0,4.1,12.4,32.0,,,12.7,,,13.1,,,5.1,,33.6,39.0,,,0,69,1,A01452,A01452_2020-03-14,0,2020-03-14
84.7,,226.0,5.18,9.9,28.4,,,13.4,,,14.7,,,4.6,,33.5,43.9,,,0,23,1,A00559,A00559_2020-03-14,0,2020-03-14
84.3,73.3,161.0,4.96,10.1,28.8,0.5,0.0,12.8,4.1,0.0,14.3,17.1,0.0,5.6,0.2,34.2,41.8,1.0,9.4,0,41,1,A01606,A01606_2020-03-14,0,2020-03-14
81.6,81.4,364.0,4.5,9.5,29.3,0.5,0.0,12.2,7.6,0.0,13.2,12.8,0.0,9.3,0.3,36.0,36.7,1.2,5.5,1,61,0,A01144,A01144_2020-03-14,0,2020-03-14
82.1,79.2,365.0,4.36,9.1,27.5,0.9,0.0,13.8,9.2,0.9,12.0,12.1,0.1,11.6,0.1,33.5,35.8,1.4,7.7,0,42,1,A00458,A00458_2020-03-14,0,2020-03-14
96.0,79.2,365.0,4.73,10.8,30.9,0.7,0.0,13.2,7.8,2.1,14.6,10.8,0.2,9.8,0.5,32.2,45.4,1.1,7.4,1,64,0,A00628,A00628_2020-03-14,0,2020-03-14
84.5,83.5,251.0,4.14,8.9,29.0,0.8,0.0,13.3,7.4,0.3,12.0,7.0,0.0,8.9,0.2,34.3,35.0,0.6,9.0,0,80,1,A00437,A00437_2020-03-14,0,2020-03-14
96.5,77.0,166.0,4.32,10.8,32.2,0.5,0.0,12.4,5.5,0.1,13.9,16.1,0.0,7.1,0.3,33.3,41.7,1.1,6.5,0,74,1,A00134,A00134_2020-03-14,0,2020-03-14
96.8,72.0,295.0,4.93,10.1,30.4,0.6,0.0,14.0,10.7,1.0,15.0,22.0,0.1,14.9,0.0,31.4,47.7,3.3,4.0,0,88,0,A00972,A00972_2020-03-14,0,2020-03-14
86.7,75.4,252.0,4.95,10.9,28.9,1.0,0.0,12.9,7.6,4.1,14.3,10.4,0.4,10.1,0.3,33.3,42.9,1.1,9.8,0,71,0,A01135,A01135_2020-03-14,0,2020-03-14
89.7,89.8,315.0,4.58,10.3,29.0,0.5,0.0,14.0,11.0,0.0,13.3,5.6,0.0,12.3,0.2,32.4,41.1,0.7,4.4,1,70,0,A01393,A01393_2020-03-14,0,2020-03-14
79.6,61.0,304.0,6.12,10.3,27.0,0.7,0.0,12.7,3.7,2.5,16.5,24.6,0.2,6.1,0.3,33.9,48.7,1.5,11.6,0,31,1,A01597,A01597_2020-03-14,0,2020-03-14
90.1,71.1,240.0,4.73,10.7,31.9,0.4,0.0,11.7,4.8,0.2,15.1,21.9,0.0,6.7,0.2,35.4,42.6,1.5,6.6,0,63,1,A00582,A00582_2020-03-14,0,2020-03-14
94.4,68.6,240.5,3.48,8.850000000000001,30.45,0.6,0.0,18.0,4.2,1.15,10.6,19.7,0.1,6.1,0.5,32.25,32.85,1.2,10.05,0,69,1,A01174,A01174_2020-03-14,0,2020-03-14
80.1,77.5,142.0,5.07,9.4,28.0,0.4,0.0,12.2,4.4,0.0,14.2,16.0,0.0,5.7,0.0,35.0,40.6,0.9,6.5,0,67,1,A00519,A00519_2020-03-14,0,2020-03-14
84.9,81.5,222.0,5.02,10.3,28.3,0.3,0.0,12.2,4.5,0.0,14.2,12.3,0.0,5.5,0.2,33.3,42.6,0.7,6.0,0,60,0,A00577,A00577_2020-03-14,0,2020-03-14
90.6,85.5,42.0,3.74,,30.5,0.2,0.0,17.9,2.9,1.2,11.4,6.5,0.0,3.4,0.6,33.6,33.9,0.2,6.2,1,75,1,A00147,A00147_2020-03-14,1,2020-03-14
99.95,89.4,366.5,2.34,9.85,31.65,0.9,0.1,17.1,15.9,1.5,7.4,3.8,0.3,16.35,0.5,31.6,23.4,0.7,4.8,1,61,1,A01084,A01084_2020-03-14,0,2020-03-14
86.3,83.5,356.0,4.98,12.5,27.3,0.3,0.1,14.2,8.5,4.4,13.6,8.5,0.4,10.2,1.0,31.6,43.0,0.9,2.6,1,36,1,A01460,A01460_2020-03-14,0,2020-03-14
87.1,82.1,128.0,4.9,11.3,31.6,0.5,0.0,11.3,6.8,0.0,15.5,11.9,0.0,8.3,0.1,36.3,42.7,1.0,5.9,0,51,1,A00044,A00044_2020-03-14,0,2020-03-14
85.5,64.0,159.0,4.41,10.6,28.8,0.4,0.0,12.8,3.1,0.8,12.7,25.7,0.0,4.8,0.2,33.7,37.7,1.2,9.3,0,52,1,A00843,A00843_2020-03-14,0,2020-03-14
90.4,79.3,340.0,4.89,9.5,29.4,0.7,0.0,13.5,6.5,3.8,14.4,8.4,0.3,8.2,0.4,32.6,44.2,0.7,8.1,1,49,1,A00764,A00764_2020-03-14,0,2020-03-14
75.4,70.0,282.0,4.83,10.6,24.0,0.5,0.0,13.5,3.9,0.4,11.6,20.0,0.0,5.6,0.2,31.9,36.4,1.1,9.4,0,71,1,A01089,A01089_2020-03-14,0,2020-03-14
91.2,81.2,127.0,4.78,9.9,29.5,0.4,0.0,15.1,4.9,0.0,14.1,11.2,0.0,6.0,0.2,32.3,43.6,0.7,7.4,0,77,1,A00198,A00198_2020-03-14,0,2020-03-14
93.8,88.1,260.0,3.69,11.5,30.6,0.2,0.0,15.1,7.8,0.1,11.3,8.7,0.0,8.8,0.5,32.7,34.6,0.8,2.6,0,74,1,A00102,A00102_2020-03-14,0,2020-03-14
90.3,88.8,141.0,4.86,11.3,28.8,0.1,0.0,14.2,4.5,2.5,14.0,5.9,0.1,5.1,0.4,31.9,43.9,0.3,2.4,1,61,1,A00900,A00900_2020-03-14,0,2020-03-14
89.7,88.0,431.0,4.74,11.0,27.8,0.5,0.0,14.4,6.6,0.1,13.2,4.8,0.0,7.5,0.4,31.1,42.5,0.4,6.7,1,56,0,A00827,A00827_2020-03-14,0,2020-03-14
91.3,,239.0,3.91,12.3,29.4,,,13.2,,,11.5,,,8.7,,32.2,35.7,,,1,55,1,A01270,A01270_2020-03-14,0,2020-03-14
94.2,88.0,289.0,4.34,10.1,32.5,0.6,0.0,12.6,11.4,0.0,14.1,6.9,0.0,13.0,0.2,34.5,40.9,0.9,4.9,0,57,1,A00669,A00669_2020-03-14,0,2020-03-14
87.2,89.7,183.0,4.76,11.7,30.3,0.3,0.0,11.7,5.8,0.0,14.4,6.2,0.0,6.5,0.2,34.7,41.5,0.4,3.9,1,57,1,A01443,A01443_2020-03-14,0,2020-03-14
87.6,63.7,66.0,4.59,13.2,30.3,0.4,0.0,11.9,3.1,0.0,13.9,28.5,0.0,4.9,0.2,34.6,40.2,1.4,7.6,0,46,1,A01073,A01073_2020-03-14,0,2020-03-14
87.5,91.9,338.0,4.32,10.0,29.9,0.5,0.0,12.2,14.7,0.0,12.9,4.9,0.0,16.0,0.1,34.1,37.8,0.8,3.1,0,45,1,A00863,A00863_2020-03-14,0,2020-03-14
95.0,77.3,400.0,6.0,12.3,29.2,0.7,0.0,15.8,9.7,0.1,17.5,16.5,0.0,12.5,0.2,30.7,57.0,2.1,5.9,0,53,0,A00024,A00024_2020-03-14,0,2020-03-14
84.7,75.9,186.0,5.16,11.3,28.9,0.9,0.0,13.7,6.2,0.0,14.9,12.6,0.0,8.2,0.1,34.1,43.7,1.0,11.4,0,56,1,A00321,A00321_2020-03-14,0,2020-03-14
88.1,84.4,436.0,4.13,10.1,30.3,0.1,0.0,13.4,6.1,3.5,12.5,10.0,0.3,7.2,0.3,34.3,36.4,0.7,1.8,1,54,1,A01478,A01478_2020-03-14,0,2020-03-14
81.9,79.2,484.0,5.53,10.1,27.5,0.5,0.0,12.2,6.8,3.7,15.2,10.3,0.3,8.6,0.5,33.6,45.3,0.9,6.3,0,67,1,A00538,A00538_2020-03-14,0,2020-03-14
86.4,,152.0,4.64,10.6,29.7,,,13.2,,,13.8,,,3.5,,34.4,40.1,,,0,63,1,A01244,A01244_2020-03-14,0,2020-03-14
85.6,62.1,130.0,5.69,10.3,30.1,0.4,0.0,12.0,2.9,0.4,17.1,29.2,0.0,4.6,0.2,35.1,48.7,1.3,8.1,0,28,1,A01403,A01403_2020-03-14,0,2020-03-14
87.6,71.6,255.0,4.12,11.1,26.2,0.6,0.0,13.8,4.4,1.6,10.8,16.4,0.1,6.1,0.3,29.9,36.1,1.0,10.1,0,69,0,A00186,A00186_2020-03-14,0,2020-03-14
90.2,80.2,343.0,4.09,11.7,29.1,0.6,0.0,14.6,9.9,0.7,11.9,14.3,0.1,12.3,0.3,32.2,36.9,1.8,4.5,1,41,1,A00367,A00367_2020-03-14,0,2020-03-14
58.1,61.9,254.0,6.28,,18.5,0.5,0.0,16.1,3.4,0.2,11.6,29.4,0.0,5.5,0.2,32.1,36.5,1.6,8.3,0,42,0,A01002,A01002_2020-03-14,0,2020-03-14
91.3,,159.0,3.43,10.5,29.7,,,13.2,,,10.2,,,14.2,,32.6,31.3,,,1,79,1,A00907,A00907_2020-03-14,0,2020-03-14
82.4,75.9,115.0,5.05,11.0,29.5,0.1,0.0,12.4,2.9,0.0,14.9,20.7,0.0,3.8,0.3,35.8,41.6,0.8,3.1,1,46,1,A00830,A00830_2020-03-14,0,2020-03-14
80.8,83.6,308.0,5.99,11.0,26.9,0.7,0.0,14.7,8.8,0.0,16.1,9.2,0.0,10.5,0.3,33.3,48.4,1.0,6.9,1,65,1,A01029,A01029_2020-03-14,0,2020-03-14
71.3,80.7,453.0,6.0,11.1,22.0,1.7,0.1,15.9,13.8,1.4,13.2,7.5,0.2,17.1,0.5,30.8,42.8,1.3,9.9,1,68,1,A00916,A00916_2020-03-14,0,2020-03-14
101.7,,128.0,2.94,12.9,29.3,,,15.6,,,8.6,,,26.4,,28.8,29.9,,,1,75,1,A00839,A00839_2020-03-14,1,2020-03-14
83.1,38.0,223.0,4.27,9.9,26.9,0.1,0.0,13.2,0.8,0.0,11.5,55.0,0.0,2.1,0.0,32.4,35.5,1.2,7.0,0,57,0,A00420,A00420_2020-03-14,0,2020-03-14
96.5,88.2,110.0,2.83,11.5,31.4,0.6,0.1,14.9,14.8,0.0,8.9,8.0,0.0,16.8,0.5,32.6,27.3,1.3,3.3,0,85,1,A01671,A01671_2020-03-14,0,2020-03-14
83.5,71.3,436.0,5.04,10.9,28.2,0.7,0.1,12.2,4.9,1.0,14.2,16.9,0.1,6.9,1.0,33.7,42.1,1.2,9.8,0,57,1,A00285,A00285_2020-03-14,0,2020-03-14
84.8,,412.0,5.21,9.9,26.7,,,15.2,,,13.9,,,20.8,,31.4,44.2,,,0,74,1,A01197,A01197_2020-03-14,0,2020-03-14
83.9,63.7,177.0,5.58,9.8,28.9,0.4,0.0,14.7,3.8,0.2,16.1,29.2,0.0,5.9,0.2,34.4,46.8,1.7,6.7,0,62,1,A00852,A00852_2020-03-14,0,2020-03-14
73.2,84.0,45.0,4.21,11.4,20.9,0.3,0.0,16.0,3.9,0.0,8.8,9.1,0.0,4.6,0.0,28.6,30.8,0.4,6.9,0,89,1,A00661,A00661_2020-03-14,0,2020-03-14
85.7,68.3,324.0,5.19,11.5,29.1,0.5,0.0,13.2,3.8,0.5,15.1,21.9,0.0,5.6,0.7,33.9,44.5,1.2,8.6,1,61,1,A01257,A01257_2020-03-14,0,2020-03-14
98.3,82.5,233.0,4.74,11.1,30.8,0.6,0.1,14.4,8.2,2.1,14.6,7.9,0.2,9.9,1.0,31.3,46.6,0.8,6.5,1,18,1,A00298,A00298_2020-03-14,0,2020-03-14
83.6,75.3,139.0,5.68,11.1,29.4,0.6,0.0,11.9,5.2,0.0,16.7,16.2,0.0,6.9,0.1,35.2,47.5,1.1,8.4,0,51,1,A00684,A00684_2020-03-14,0,2020-03-14
86.4,79.1,137.0,5.59,11.1,30.2,0.3,0.0,13.3,4.6,0.5,16.9,14.4,0.0,5.8,0.2,35.0,48.3,0.8,5.8,0,56,1,A00050,A00050_2020-03-14,0,2020-03-14
90.6,90.6,51.0,2.97,12.6,31.3,0.1,0.0,18.3,3.8,0.5,9.3,5.8,0.0,4.2,0.5,34.6,26.9,0.2,2.6,1,75,1,A00147,A00147_2020-03-15,1,2020-03-15
81.9,77.7,366.0,3.86,9.8,27.2,1.0,0.0,14.2,8.7,0.0,10.5,13.1,0.0,11.2,0.3,33.2,31.6,1.5,8.9,0,75,0,A01513,A01513_2020-03-15,0,2020-03-15
91.15,92.0,87.0,4.234999999999999,12.25,30.1,0.2,0.0,13.15,4.95,0.0,12.75,4.15,0.0,5.4,0.0,33.05,38.6,0.2,3.85,0,79,1,A00678,A00678_2020-03-15,0,2020-03-15
89.5,76.7,94.0,4.11,12.9,30.2,0.1,0.0,13.1,2.9,0.0,12.4,19.4,0.0,3.8,0.0,33.7,36.8,0.7,3.9,0,59,0,A01588,A01588_2020-03-15,0,2020-03-15
91.0,93.30000000000001,12.5,3.095,,30.05,0.0,0.0,18.4,1.3,0.0,9.3,3.4,0.0,1.4,0.7,33.05,28.15,0.05,2.6,0,71,1,A00222,A00222_2020-03-15,0,2020-03-15
102.55,67.6,171.0,2.555,10.05,33.25,0.35,0.0,15.75,2.15,1.45,8.5,19.4,0.05,3.15,0.6499999999999999,32.45,26.2,0.6,10.9,1,76,1,A00982,A00982_2020-03-15,0,2020-03-15
86.6,76.6,184.0,5.22,10.4,29.9,0.6,0.0,12.2,6.4,0.0,15.6,16.6,0.0,8.3,0.1,34.5,45.2,1.4,6.7,0,50,1,A01621,A01621_2020-03-15,0,2020-03-15
87.3,53.9,333.0,4.8,10.5,28.5,1.0,0.1,13.2,4.0,2.5,13.7,29.3,0.2,7.5,0.9,32.7,41.9,2.2,13.4,0,53,1,A00355,A00355_2020-03-15,0,2020-03-15
76.1,75.8,256.0,4.57,9.6,23.6,0.4,0.0,15.7,4.2,0.0,10.8,16.5,0.0,5.6,0.2,31.0,34.8,0.9,7.5,0,63,0,A01304,A01304_2020-03-15,0,2020-03-15
87.7,86.3,247.0,4.47,10.3,30.4,0.4,0.0,13.6,6.6,0.0,13.6,8.1,0.0,7.6,0.3,34.7,39.2,0.6,5.3,0,81,0,A00758,A00758_2020-03-15,0,2020-03-15
99.8,85.4,215.0,4.16,11.1,31.3,0.4,0.0,14.6,7.0,1.8,13.0,7.3,0.1,8.2,0.6,31.3,41.5,0.6,4.9,1,18,1,A00298,A00298_2020-03-15,0,2020-03-15
96.3,79.4,427.0,4.83,11.0,31.3,1.0,0.1,13.3,9.8,0.8,15.1,11.0,0.1,12.4,0.6,32.5,46.5,1.4,8.2,1,64,0,A00628,A00628_2020-03-15,0,2020-03-15
70.9,78.6,443.0,5.61,10.4,21.6,1.9,0.1,15.4,12.5,0.1,12.1,8.9,0.0,15.9,0.4,30.4,39.8,1.4,12.0,1,68,1,A00916,A00916_2020-03-15,1,2020-03-15
89.0,74.4,164.0,4.72,10.6,30.7,0.3,0.0,11.6,3.7,0.6,14.5,19.4,0.0,5.0,0.2,34.5,42.0,1.0,5.4,0,51,1,A00044,A00044_2020-03-15,0,2020-03-15
84.6,67.0,182.0,4.61,9.7,29.1,0.1,0.0,12.8,2.7,0.0,13.4,29.9,0.0,4.1,0.2,34.4,39.0,1.2,2.9,0,35,0,A01343,A01343_2020-03-15,0,2020-03-15
92.0,84.5,133.0,5.14,11.8,28.6,0.2,0.0,14.6,4.1,2.9,14.7,7.8,0.1,4.8,0.6,31.1,47.3,0.4,4.2,1,61,1,A00900,A00900_2020-03-15,0,2020-03-15
87.7,,179.0,4.64,10.6,29.5,,,13.1,,,13.7,,,11.7,,33.7,40.7,,,0,62,1,A00138,A00138_2020-03-15,0,2020-03-15
83.9,82.4,226.0,4.83,10.4,30.4,0.1,0.0,12.8,4.5,0.0,14.7,14.8,0.0,5.5,0.4,36.3,40.5,0.8,2.4,1,46,1,A00830,A00830_2020-03-15,0,2020-03-15
88.6,,174.0,5.01,9.9,30.1,,,13.3,,,15.1,,,7.7,,34.0,44.4,,,1,63,1,A00973,A00973_2020-03-15,0,2020-03-15
93.8,71.5,180.0,4.37,10.0,32.0,0.6,0.0,12.9,4.1,0.0,14.0,18.7,0.0,5.7,0.0,34.1,41.0,1.1,9.8,0,67,0,A01155,A01155_2020-03-15,0,2020-03-15
83.4,94.0,135.0,3.26,12.8,29.8,0.2,0.0,16.6,21.4,0.0,9.7,1.0,0.0,22.8,0.0,35.7,27.2,0.2,1.0,1,65,1,A01332,A01332_2020-03-15,1,2020-03-15
81.6,77.2,340.0,4.3,9.1,28.8,0.5,0.0,12.4,6.6,0.2,12.4,16.3,0.0,8.5,0.4,35.3,35.1,1.4,5.9,1,61,0,A01144,A01144_2020-03-15,0,2020-03-15
90.6,90.6,130.0,3.29,11.0,30.7,0.6,0.1,12.9,10.3,0.0,10.1,3.3,0.0,11.4,0.5,33.9,29.8,0.4,5.6,1,79,1,A00907,A00907_2020-03-15,0,2020-03-15
88.95,73.0,257.0,4.085,11.1,26.2,0.6499999999999999,0.0,13.85,4.7,1.5,10.7,15.15,0.1,6.45,0.3,29.45,36.34999999999999,1.0,10.05,0,69,0,A00186,A00186_2020-03-15,0,2020-03-15
95.3,70.0,223.0,3.63,9.0,30.9,0.5,0.0,17.9,4.3,1.0,11.2,20.3,0.1,6.2,0.6,32.4,34.6,1.3,8.1,0,69,1,A01174,A01174_2020-03-15,0,2020-03-15
85.5,,214.0,4.7,9.9,30.6,,,13.1,,,14.4,,,9.4,,35.8,40.2,,,0,82,1,A00104,A00104_2020-03-15,0,2020-03-15
90.2,65.6,183.0,4.5,10.1,30.0,0.4,0.0,13.5,3.6,0.4,13.5,26.3,0.0,5.5,0.4,33.3,40.6,1.4,7.3,0,61,0,A01585,A01585_2020-03-15,0,2020-03-15
88.7,62.4,298.0,4.5,10.3,28.0,0.7,0.0,12.7,3.7,1.2,12.6,23.5,0.1,5.9,0.5,31.6,39.9,1.4,12.4,0,70,0,A00874,A00874_2020-03-15,0,2020-03-15
87.6,73.9,195.0,4.43,10.1,29.8,0.5,0.0,12.9,4.4,0.5,13.2,16.6,0.0,5.9,0.2,34.0,38.8,1.0,8.8,0,73,1,A01159,A01159_2020-03-15,0,2020-03-15
100.5,65.6,229.0,3.77,10.0,35.3,0.7,0.0,12.2,3.8,0.7,13.3,20.9,0.0,5.8,0.5,35.1,37.9,1.2,12.3,0,61,1,A00869,A00869_2020-03-15,0,2020-03-15
89.2,83.9,177.0,5.17,11.4,30.0,0.3,0.0,12.8,5.3,0.0,15.5,11.0,0.0,6.3,0.3,33.6,46.1,0.7,4.8,0,70,1,A00913,A00913_2020-03-15,0,2020-03-15
85.3,65.5,426.5,4.785,10.8,28.75,0.8,0.05,12.4,4.25,1.9,13.75,19.8,0.1,6.5,0.8,33.7,40.8,1.3,12.0,0,57,1,A00285,A00285_2020-03-15,0,2020-03-15
86.75,82.05000000000001,363.0,3.66,10.5,29.9,0.55,0.0,12.85,5.15,2.35,10.95,6.9,0.15,6.300000000000001,0.15,34.5,31.75,0.4,8.55,0,73,1,A00644,A00644_2020-03-15,0,2020-03-15
92.4,75.9,374.0,5.1,9.5,30.4,1.0,0.0,13.7,6.3,2.3,15.5,9.4,0.2,8.3,0.5,32.9,47.1,0.8,11.9,1,49,1,A00764,A00764_2020-03-15,0,2020-03-15
86.7,83.0,193.0,4.81,11.0,30.4,0.2,0.0,11.6,3.6,0.7,14.6,10.7,0.0,4.3,0.5,35.0,41.7,0.5,5.1,1,57,1,A01443,A01443_2020-03-15,0,2020-03-15
95.6,82.75,296.5,5.609999999999999,12.3,29.6,0.7,0.05,14.7,17.4,0.05,16.6,13.3,0.0,20.8,0.2,30.95,53.65000000000001,2.65,3.7,0,53,0,A00024,A00024_2020-03-15,0,2020-03-15
89.1,84.3,460.0,4.23,10.2,31.0,0.2,0.0,13.4,8.5,4.4,13.1,9.5,0.4,10.1,0.2,34.7,37.7,1.0,1.6,1,54,1,A01478,A01478_2020-03-15,0,2020-03-15
92.25,83.5,218.5,4.84,10.45,31.95,0.25,0.0,13.15,5.5,1.1,15.45,11.55,0.05,6.6,0.15,34.65,44.65000000000001,0.75,3.7,0,74,1,A01167,A01167_2020-03-15,0,2020-03-15
93.7,84.7,311.0,4.58,12.2,31.0,1.2,0.1,13.1,10.7,1.3,14.2,4.1,0.2,12.6,0.5,33.1,42.9,0.5,9.4,1,55,1,A01270,A01270_2020-03-15,0,2020-03-15
95.9,76.7,220.0,4.16,10.6,32.9,0.5,0.0,12.1,4.3,0.2,13.7,14.3,0.0,5.6,0.2,34.3,39.9,0.8,8.6,0,74,1,A00134,A00134_2020-03-15,0,2020-03-15
81.6,71.3,194.0,5.55,10.5,27.7,0.6,0.0,13.1,5.5,0.0,15.4,21.4,0.0,7.7,0.0,34.0,45.3,1.6,7.3,0,38,1,A01150,A01150_2020-03-15,0,2020-03-15
73.6,84.65,76.5,4.265000000000001,11.5,21.8,0.6499999999999999,0.0,15.9,6.5,0.1,9.3,7.199999999999999,0.0,7.699999999999999,0.1,29.6,31.4,0.55,7.949999999999999,0,89,1,A00661,A00661_2020-03-15,0,2020-03-15
83.5,78.1,245.0,5.15,9.9,28.2,0.3,0.0,13.5,3.3,0.0,14.5,15.3,0.0,4.2,0.2,33.7,43.0,0.6,6.4,0,58,1,A00425,A00425_2020-03-15,0,2020-03-15
93.7,76.5,169.0,4.79,10.9,31.1,0.2,0.0,13.7,3.8,0.0,14.9,18.5,0.0,5.0,0.2,33.2,44.9,0.9,4.8,0,59,1,A01280,A01280_2020-03-15,0,2020-03-15
85.7,49.6,162.0,4.69,9.5,29.4,0.2,0.0,13.6,1.6,0.3,13.8,42.9,0.0,3.3,0.6,34.3,40.2,1.4,6.6,0,70,1,A01189,A01189_2020-03-15,0,2020-03-15
84.25,55.65,371.5,4.88,10.05,28.15,1.1,0.0,12.2,3.75,0.6000000000000001,13.75,27.4,0.05,6.75,0.25,33.45,41.15,1.85,16.1,0,55,1,A00011,A00011_2020-03-15,0,2020-03-15
89.0,86.9,472.0,4.55,11.5,28.4,0.7,0.0,14.4,8.0,0.0,12.9,5.2,0.0,9.2,0.5,31.9,40.5,0.5,7.4,1,56,0,A00827,A00827_2020-03-15,0,2020-03-15
94.5,77.9,380.0,3.28,9.6,32.6,0.6,0.0,11.9,4.9,0.2,10.7,12.0,0.0,6.3,0.0,34.5,31.0,0.8,9.9,0,66,1,A00015,A00015_2020-03-15,0,2020-03-15
92.3,70.4,229.0,4.78,10.7,30.3,0.4,0.0,12.1,3.0,0.0,14.5,19.3,0.0,4.3,0.2,32.9,44.1,0.8,10.1,0,54,0,A00103,A00103_2020-03-15,0,2020-03-15
98.1,85.8,299.0,2.66,10.2,31.2,1.2,0.1,17.3,13.6,2.0,8.3,4.5,0.3,15.9,0.4,31.8,26.1,0.7,7.3,1,61,1,A01084,A01084_2020-03-15,0,2020-03-15
87.8,69.4,239.0,4.19,10.3,31.0,0.5,0.0,13.0,4.0,0.9,13.0,20.0,0.1,5.8,0.3,35.3,36.8,1.2,9.4,0,70,0,A00988,A00988_2020-03-15,0,2020-03-15
82.1,91.0,213.0,4.41,9.4,28.1,0.4,0.0,15.0,11.4,0.0,12.4,6.1,0.0,12.5,0.1,34.3,36.2,0.8,2.8,1,71,0,A00667,A00667_2020-03-15,0,2020-03-15
87.2,,159.0,4.92,9.8,30.1,,,13.3,,,14.8,,,5.5,,34.5,42.9,,,1,52,1,A00123,A00123_2020-03-15,0,2020-03-15
89.2,85.3,109.0,4.65,11.3,30.3,0.2,0.0,12.0,4.8,0.0,14.1,10.4,0.0,5.6,0.0,34.0,41.5,0.6,4.3,1,46,1,A00594,A00594_2020-03-15,0,2020-03-15
84.9,85.35,232.0,4.385,9.5,26.4,0.9500000000000001,0.0,15.0,11.15,0.0,11.6,7.25,0.0,13.0,0.1,31.15,37.25,0.9,7.3,0,74,1,A01197,A01197_2020-03-15,0,2020-03-15
90.0,90.2,326.0,4.38,10.7,29.0,0.4,0.0,13.9,10.6,0.3,12.7,5.8,0.0,11.8,0.4,32.2,39.4,0.7,3.3,1,70,0,A01393,A01393_2020-03-15,0,2020-03-15
86.0,85.5,357.0,4.92,12.0,26.8,0.3,0.1,14.6,9.9,3.9,13.2,7.2,0.5,11.6,0.5,31.2,42.3,0.8,2.9,1,36,1,A01460,A01460_2020-03-15,0,2020-03-15
82.1,91.0,213.0,4.41,9.4,28.1,0.4,0.0,15.0,11.4,0.0,12.4,6.1,0.0,12.5,0.1,34.3,36.2,0.8,2.8,1,70,1,A00668,A00668_2020-03-15,0,2020-03-15
89.2,91.8,131.0,4.26,10.9,31.5,0.2,0.0,12.9,8.5,0.0,13.4,6.0,0.0,9.3,0.1,35.3,38.0,0.6,2.1,0,71,1,A00039,A00039_2020-03-15,0,2020-03-15
88.30000000000001,63.15,247.5,3.24,10.4,31.35,0.55,0.1,17.5,2.25,1.85,10.15,17.7,0.1,3.55,1.85,35.5,28.6,0.6,15.45,0,75,1,A00197,A00197_2020-03-15,0,2020-03-15
88.4,88.1,260.0,4.55,9.7,29.7,0.4,0.0,13.0,7.3,0.0,13.5,6.7,0.0,8.3,0.1,33.6,40.2,0.6,5.1,0,68,1,A00336,A00336_2020-03-15,0,2020-03-15
90.85,57.9,252.5,4.315,9.55,30.7,0.4,0.0,12.65,2.7,2.3,13.25,30.3,0.1,4.6,0.2,33.8,39.2,1.4,9.3,0,77,1,A00817,A00817_2020-03-15,0,2020-03-15
89.6,73.4,381.0,3.86,11.6,28.5,0.8,0.1,14.8,9.2,0.7,11.0,19.0,0.1,12.5,0.9,31.8,34.6,2.4,6.0,1,41,1,A00367,A00367_2020-03-15,0,2020-03-15
58.6,72.4,98.0,6.76,,18.6,0.3,0.0,18.1,2.6,0.0,12.6,18.1,0.0,3.6,0.3,31.8,39.6,0.7,9.2,0,65,1,A00507,A00507_2020-03-15,0,2020-03-15
85.7,49.6,162.0,4.69,9.5,29.4,0.2,0.0,13.6,1.6,0.3,13.8,42.9,0.0,3.3,0.6,34.3,40.2,1.4,6.6,0,70,1,A01190,A01190_2020-03-15,0,2020-03-15
93.3,70.9,206.0,4.47,11.4,29.5,0.6,0.0,14.1,5.9,1.3,13.2,20.5,0.1,8.3,0.6,31.7,41.7,1.7,6.7,0,72,0,A00475,A00475_2020-03-15,0,2020-03-15
94.7,88.9,283.0,3.61,11.5,31.0,0.2,0.1,15.2,9.2,0.2,11.2,8.4,0.0,10.4,0.5,32.7,34.2,0.9,2.0,0,74,1,A00102,A00102_2020-03-16,0,2020-03-16
84.6,75.8,387.0,5.26,12.4,26.4,0.4,0.1,14.7,6.7,5.3,13.9,13.8,0.5,8.9,0.7,31.2,44.5,1.2,4.4,1,36,1,A01460,A01460_2020-03-16,0,2020-03-16
98.3,53.4,240.0,4.2,12.0,32.9,0.6,0.0,13.1,3.2,0.2,13.8,36.5,0.0,5.9,0.3,33.4,41.3,2.2,9.6,0,74,1,A00588,A00588_2020-03-16,0,2020-03-16
100.0,72.8,228.0,4.01,11.6,30.4,0.4,0.0,14.2,4.5,2.2,12.2,17.5,0.1,6.2,0.6,30.4,40.1,1.1,6.9,1,18,1,A00298,A00298_2020-03-16,0,2020-03-16
81.9,84.4,144.0,5.37,10.7,27.9,0.1,0.0,12.1,5.1,0.0,15.0,13.1,0.0,6.1,0.2,34.1,44.0,0.8,2.3,0,54,1,A01363,A01363_2020-03-16,0,2020-03-16
86.2,,162.0,4.79,10.4,30.1,,,13.0,,,14.4,,,3.0,,34.9,41.3,,,1,52,1,A00123,A00123_2020-03-16,0,2020-03-16
90.1,48.3,469.0,4.64,10.8,30.4,0.7,0.1,12.6,4.8,3.8,14.1,40.5,0.4,9.9,0.8,33.7,41.8,4.0,6.6,0,43,0,A01428,A01428_2020-03-16,0,2020-03-16
97.4,76.1,463.0,4.93,11.2,30.8,1.2,0.1,13.4,10.5,0.9,15.2,13.3,0.1,13.8,0.7,31.7,48.0,1.8,9.0,1,64,0,A00628,A00628_2020-03-16,0,2020-03-16
86.9,82.1,167.0,5.8,10.7,29.7,0.6,0.0,13.4,6.7,0.1,17.2,10.8,0.0,8.1,0.1,34.1,50.4,0.9,6.9,0,56,1,A00050,A00050_2020-03-16,0,2020-03-16
82.1,,215.0,5.53,11.1,26.2,,,15.4,,,14.5,,,11.4,,31.9,45.4,,,1,65,1,A01029,A01029_2020-03-16,0,2020-03-16
91.6,88.2,359.0,4.07,9.7,30.5,0.3,0.0,12.8,9.3,2.3,12.4,6.4,0.2,10.5,0.4,33.2,37.3,0.7,2.7,0,60,1,A01473,A01473_2020-03-16,0,2020-03-16
95.4,71.2,227.0,5.27,13.0,29.6,0.5,0.0,14.6,9.2,1.2,15.6,23.5,0.2,12.9,0.2,31.0,50.3,3.0,3.9,0,53,0,A00024,A00024_2020-03-16,0,2020-03-16
91.4,,109.0,3.5,10.4,31.4,,,13.2,,,11.0,,,13.4,,34.4,32.0,,,1,79,1,A00907,A00907_2020-03-16,0,2020-03-16
86.9,63.9,256.0,5.02,11.3,29.1,1.3,0.0,13.8,4.3,0.3,14.6,16.3,0.0,6.8,0.1,33.5,43.6,1.1,19.4,0,56,1,A00321,A00321_2020-03-16,0,2020-03-16
88.3,90.3,114.0,4.87,12.7,29.4,0.1,0.0,14.2,7.3,0.7,14.3,7.7,0.1,8.1,0.1,33.3,43.0,0.6,1.2,0,73,1,A00512,A00512_2020-03-16,0,2020-03-16
88.25,75.65,417.5,5.369999999999999,10.65,29.05,0.45,0.0,13.45,5.35,2.1,15.6,15.8,0.15,7.1,0.35,32.90000000000001,47.4,1.15,6.1,1,61,1,A01257,A01257_2020-03-16,0,2020-03-16
97.5,36.1,67.0,3.55,12.2,32.7,0.5,0.0,13.4,2.3,2.5,11.6,52.6,0.2,6.4,0.6,33.5,34.6,3.4,8.2,0,89,0,A00162,A00162_2020-03-16,0,2020-03-16
91.1,84.6,187.0,5.04,9.0,30.4,2.1,0.0,14.3,17.3,0.0,15.3,5.1,0.0,20.4,0.2,33.3,45.9,1.0,10.1,0,77,0,A00626,A00626_2020-03-16,0,2020-03-16
94.7,,313.0,4.37,12.5,30.2,,,13.0,,,13.2,,,17.2,,31.9,41.4,,,1,55,1,A01270,A01270_2020-03-16,0,2020-03-16
86.4,77.8,256.0,5.31,10.7,29.4,0.4,0.1,14.6,12.1,0.1,15.6,19.2,0.0,15.5,0.5,34.0,45.9,3.0,2.4,0,60,1,A01644,A01644_2020-03-16,0,2020-03-16
93.1,45.6,450.0,4.67,9.3,30.8,0.8,0.0,12.8,2.9,1.1,14.4,40.3,0.1,6.4,0.5,33.1,43.5,2.6,12.5,0,63,1,A00689,A00689_2020-03-16,0,2020-03-16
90.0,71.8,384.0,3.81,11.3,28.3,0.7,0.1,15.0,8.1,0.8,10.8,20.1,0.1,11.3,0.9,31.5,34.3,2.3,6.4,1,41,1,A00367,A00367_2020-03-16,0,2020-03-16
84.8,74.5,215.0,4.54,10.2,28.6,0.4,0.0,12.7,4.5,0.3,13.0,18.8,0.0,6.0,0.2,33.8,38.5,1.1,6.2,0,73,1,A01159,A01159_2020-03-16,0,2020-03-16
87.6,,232.0,4.35,9.3,30.1,,,12.5,,,13.1,,,9.8,,34.4,38.1,,,1,71,1,A00165,A00165_2020-03-16,0,2020-03-16
80.2,81.7,201.0,5.11,10.6,26.4,0.5,0.0,14.7,5.0,0.2,13.5,9.6,0.0,6.1,0.2,32.9,41.0,0.6,8.3,0,60,1,A00400,A00400_2020-03-16,0,2020-03-16
93.1,87.3,148.0,5.4,12.2,28.3,0.3,0.0,14.9,6.3,1.4,15.3,6.7,0.1,7.2,0.6,30.4,50.3,0.5,4.0,1,61,1,A00900,A00900_2020-03-16,0,2020-03-16
78.4,61.8,403.0,5.88,9.7,27.6,0.8,0.0,12.9,4.4,1.4,16.2,24.9,0.1,7.2,0.3,35.1,46.1,1.8,11.6,0,31,1,A01597,A01597_2020-03-16,0,2020-03-16
90.0,67.4,253.0,4.51,10.7,31.9,0.9,0.0,12.5,4.8,1.7,14.4,18.8,0.1,7.1,0.1,35.5,40.6,1.3,12.0,0,68,1,A00656,A00656_2020-03-16,0,2020-03-16
90.2,90.8,430.0,5.1,10.6,29.2,0.6,0.1,14.3,13.0,0.0,14.9,3.9,0.0,14.3,0.8,32.4,46.0,0.6,4.5,1,70,0,A01393,A01393_2020-03-16,0,2020-03-16
82.3,83.9,225.0,4.57,10.3,28.0,0.2,0.0,13.5,5.6,0.0,12.8,13.5,0.0,6.7,0.1,34.0,37.6,0.9,2.5,0,53,1,A00352,A00352_2020-03-16,0,2020-03-16
89.3,89.9,48.0,3.65,,29.0,0.8,0.0,19.4,9.5,0.1,10.6,2.6,0.0,10.6,0.1,32.5,32.6,0.3,7.3,0,79,1,A00840,A00840_2020-03-16,0,2020-03-16
86.4,68.2,304.0,4.41,9.9,28.6,0.7,0.0,13.9,4.2,1.0,12.6,19.6,0.1,6.1,0.3,33.1,38.1,1.2,10.9,0,70,1,A01020,A01020_2020-03-16,0,2020-03-16
70.2,79.3,388.0,5.04,11.4,21.6,1.3,0.1,15.1,11.7,0.5,10.9,11.0,0.1,14.8,0.5,30.8,35.4,1.6,8.7,1,68,1,A00916,A00916_2020-03-16,1,2020-03-16
93.9,73.2,400.0,3.28,9.9,31.4,0.7,0.0,11.9,4.8,1.1,10.3,15.4,0.1,6.6,0.2,33.4,30.8,1.0,10.1,0,66,1,A00015,A00015_2020-03-16,0,2020-03-16
84.9,31.4,252.0,5.09,10.7,28.3,0.9,0.0,14.6,1.4,0.2,14.4,48.5,0.0,4.6,0.7,33.3,43.2,2.2,19.2,0,69,0,A01410,A01410_2020-03-16,0,2020-03-16
91.6,61.0,166.0,4.52,11.2,30.5,0.7,0.0,12.2,4.0,0.0,13.8,27.5,0.0,6.6,0.3,33.3,41.4,1.8,11.2,0,69,1,A01452,A01452_2020-03-16,0,2020-03-16
84.5,60.6,130.0,5.73,9.7,28.6,0.3,0.0,13.0,2.8,0.0,16.4,31.5,0.0,4.7,0.6,33.9,48.4,1.5,7.3,0,61,1,A00695,A00695_2020-03-16,0,2020-03-16
91.0,92.4,19.0,3.01,,30.2,0.0,0.0,18.3,1.7,0.0,9.1,6.0,0.0,1.8,0.5,33.2,27.4,0.1,1.1,0,71,1,A00222,A00222_2020-03-16,0,2020-03-16
95.5,82.0,90.0,4.25,12.2,31.5,0.9,0.0,13.7,6.6,0.0,13.4,7.0,0.0,8.1,0.0,33.0,40.6,0.6,11.0,0,34,1,A01367,A01367_2020-03-16,0,2020-03-16
83.6,66.3,176.0,5.31,11.7,28.2,0.5,0.0,11.9,3.3,0.6,15.0,23.2,0.0,5.0,0.2,33.8,44.4,1.2,9.7,0,48,1,A01522,A01522_2020-03-16,0,2020-03-16
83.1,,111.0,4.19,10.8,27.9,,,15.7,,,11.7,,,12.4,,33.6,34.8,,,1,71,0,A00667,A00667_2020-03-16,0,2020-03-16
81.7,,329.0,3.72,9.4,27.2,,,14.2,,,10.1,,,10.5,,33.2,30.4,,,0,75,0,A01513,A01513_2020-03-16,0,2020-03-16
99.80000000000001,82.45,155.5,2.65,11.15,31.7,0.5,0.15,15.1,15.05,0.5,8.399999999999999,11.85,0.1,18.25,0.7,31.8,26.45,2.15,2.5,0,85,1,A01671,A01671_2020-03-16,0,2020-03-16
82.8,78.9,254.0,5.3,10.6,28.9,0.5,0.0,13.5,6.4,0.0,15.3,14.9,0.0,8.1,0.1,34.9,43.9,1.2,6.1,0,50,1,A00185,A00185_2020-03-16,0,2020-03-16
78.5,64.3,328.0,5.31,9.1,26.4,0.6,0.0,13.6,3.8,1.7,14.0,23.1,0.1,5.9,0.5,33.6,41.7,1.4,10.4,0,34,0,A00282,A00282_2020-03-16,0,2020-03-16
86.5,88.5,316.0,5.03,11.8,29.6,0.8,0.0,12.5,13.4,0.0,14.9,5.9,0.0,15.1,0.1,34.3,43.5,0.9,5.5,0,57,1,A01418,A01418_2020-03-16,0,2020-03-16
83.1,,111.0,4.19,10.8,27.9,,,15.7,,,11.7,,,12.4,,33.6,34.8,,,1,70,1,A00668,A00668_2020-03-16,0,2020-03-16
92.9,79.6,180.0,5.34,12.3,31.5,0.6,0.0,13.0,5.7,0.3,16.8,10.7,0.0,7.1,0.4,33.9,49.6,0.8,9.0,0,71,1,A00872,A00872_2020-03-16,0,2020-03-16
91.0,88.8,234.0,4.79,9.6,30.7,0.3,0.0,14.6,7.4,0.0,14.7,7.3,0.0,8.3,0.1,33.7,43.6,0.6,3.8,1,54,1,A01442,A01442_2020-03-16,0,2020-03-16
84.6,82.0,344.0,4.68,9.6,29.1,0.6,0.0,13.1,5.0,0.0,13.6,8.2,0.0,6.1,0.2,34.3,39.6,0.5,9.6,0,71,0,A01441,A01441_2020-03-16,0,2020-03-16
93.5,82.25,139.0,4.68,10.0,29.5,0.35,0.0,15.3,4.199999999999999,0.2,13.8,10.2,0.0,5.050000000000001,0.2,31.55,43.75,0.45,7.15,0,77,1,A00198,A00198_2020-03-16,0,2020-03-16
84.6,77.2,280.0,4.99,10.4,27.5,0.7,0.0,14.3,5.9,0.4,13.7,12.8,0.0,7.7,0.4,32.5,42.2,1.0,9.2,0,54,1,A00273,A00273_2020-03-16,0,2020-03-16
85.0,78.7,199.0,4.87,9.6,28.7,0.4,0.0,14.6,5.0,0.2,14.0,14.3,0.0,6.4,0.3,33.8,41.4,0.9,6.5,0,62,1,A00852,A00852_2020-03-16,0,2020-03-16
87.3,48.8,213.0,5.75,10.9,30.1,0.5,0.0,12.3,3.1,0.3,17.3,43.3,0.0,6.4,0.3,34.5,50.2,2.8,7.3,0,49,1,A00432,A00432_2020-03-16,0,2020-03-16
88.1,87.3,204.0,4.7,10.0,30.0,0.7,0.0,12.5,7.4,0.0,14.1,4.2,0.0,8.5,0.1,34.1,41.4,0.4,8.4,0,48,1,A00233,A00233_2020-03-16,0,2020-03-16
89.2,74.5,322.0,5.09,11.0,26.3,2.0,0.0,15.7,13.1,0.3,13.4,13.8,0.1,17.6,0.2,29.5,45.4,2.4,11.2,0,93,0,A01010,A01010_2020-03-16,0,2020-03-16
98.0,84.35,321.5,2.49,10.6,31.5,1.65,0.15,17.7,16.25,1.8,7.85,4.8,0.35,19.3,0.6,32.2,24.4,0.9500000000000001,8.45,1,61,1,A01084,A01084_2020-03-16,0,2020-03-16
79.8,60.7,229.0,6.84,9.7,26.5,0.7,0.0,15.3,3.7,1.2,18.1,25.4,0.1,6.1,0.8,33.2,54.6,1.5,11.9,0,56,1,A00263,A00263_2020-03-16,0,2020-03-16
89.9,,461.0,4.54,10.1,30.4,,,14.0,,,13.8,,,11.0,,33.8,40.8,,,1,54,1,A01478,A01478_2020-03-16,0,2020-03-16
89.8,82.7,275.0,4.03,9.7,30.0,0.5,0.0,13.2,6.9,4.0,12.1,6.8,0.3,8.4,0.5,33.4,36.2,0.6,6.0,0,71,1,A01315,A01315_2020-03-16,0,2020-03-16
94.2,67.5,194.0,4.17,9.3,30.0,0.5,0.0,18.4,4.4,0.3,12.5,24.4,0.0,6.5,0.2,31.8,39.3,1.6,7.6,0,69,1,A01174,A01174_2020-03-16,0,2020-03-16
90.6,58.8,335.0,4.25,9.6,29.4,0.6,0.0,12.8,3.3,1.3,12.5,29.5,0.1,5.6,0.5,32.5,38.5,1.7,9.9,0,56,0,A01602,A01602_2020-03-16,0,2020-03-16
81.6,93.4,119.0,3.59,,28.4,0.6,0.0,16.6,21.3,1.1,10.2,2.7,0.3,22.8,0.2,34.8,29.3,0.6,2.6,1,65,1,A01332,A01332_2020-03-16,1,2020-03-16
87.2,84.2,253.0,5.06,11.1,29.8,0.4,0.0,11.5,4.7,0.4,15.1,7.0,0.0,5.6,0.4,34.2,44.1,0.4,8.0,1,57,1,A01443,A01443_2020-03-16,0,2020-03-16
89.1,89.2,23.0,2.75,,29.5,0.1,0.0,18.7,3.9,1.4,8.1,6.2,0.1,4.4,0.2,33.1,24.5,0.3,3.0,1,75,1,A00147,A00147_2020-03-16,1,2020-03-16
86.3,67.9,119.0,5.03,10.4,28.6,0.2,0.0,14.3,2.7,0.0,14.4,26.6,0.0,4.0,0.0,33.2,43.4,1.1,5.5,1,59,0,A01358,A01358_2020-03-16,0,2020-03-16
84.5,67.7,359.0,4.25,9.4,28.5,0.3,0.0,12.6,3.6,1.7,12.1,23.4,0.1,5.3,0.6,33.7,35.9,1.2,6.6,1,61,0,A01144,A01144_2020-03-16,0,2020-03-16
93.1,67.2,178.0,5.4,11.0,31.1,0.6,0.0,13.3,3.8,0.2,16.8,22.3,0.0,5.7,0.2,33.4,50.3,1.3,10.1,0,48,1,A00100,A00100_2020-03-16,0,2020-03-16
84.2,75.7,271.0,5.84,10.2,29.3,0.3,0.0,12.6,3.7,0.0,17.1,17.0,0.0,4.9,0.2,34.8,49.2,0.8,7.1,0,45,1,A01100,A01100_2020-03-16,0,2020-03-16
87.0,77.0,288.0,5.15,11.1,28.2,0.6,0.0,12.1,4.5,0.2,14.5,13.2,0.0,5.9,0.0,32.4,44.8,0.8,9.6,0,60,0,A00577,A00577_2020-03-16,0,2020-03-16
84.6,76.8,229.0,5.19,10.7,27.2,0.8,0.0,14.6,8.2,0.5,14.1,15.5,0.1,10.7,0.1,32.1,43.9,1.7,7.1,0,84,1,A00164,A00164_2020-03-16,0,2020-03-16
89.1,82.9,518.0,4.67,11.6,28.1,1.2,0.1,14.6,11.1,0.1,13.1,6.9,0.0,13.4,0.9,31.5,41.6,0.9,9.2,1,56,0,A00827,A00827_2020-03-16,0,2020-03-16
88.0,55.9,322.0,4.66,9.8,27.7,0.6,0.0,12.3,2.8,1.4,12.9,29.3,0.1,5.0,0.8,31.5,41.0,1.5,12.6,0,70,0,A00874,A00874_2020-03-16,0,2020-03-16
88.3,,150.0,4.0,10.9,31.0,,,13.0,,,12.4,,,9.5,,35.1,35.3,,,0,71,1,A00039,A00039_2020-03-16,0,2020-03-16
93.0,78.0,513.0,5.41,10.1,29.8,1.2,0.1,14.1,7.9,0.1,16.1,9.6,0.0,10.1,0.5,32.0,50.3,1.0,11.8,1,49,1,A00764,A00764_2020-03-16,0,2020-03-16
87.7,60.0,139.0,4.72,10.5,29.7,0.5,0.0,12.9,2.8,0.4,14.0,29.4,0.0,4.6,0.2,33.8,41.4,1.4,10.0,0,62,1,A00322,A00322_2020-03-16,0,2020-03-16
92.1,84.2,170.0,4.84,9.8,29.3,0.3,0.0,15.2,4.3,0.4,14.2,8.7,0.0,5.1,0.2,31.8,44.6,0.4,6.5,0,77,1,A00198,A00198_2020-03-17,0,2020-03-17
96.3,70.25,281.5,4.025,10.95,33.3,0.5,0.0,12.15,3.5,0.6,13.4,18.95,0.05,5.0,0.4,34.6,38.75,0.95,9.8,0,74,1,A00134,A00134_2020-03-17,0,2020-03-17
81.1,92.0,117.0,3.81,,29.1,0.9,0.1,16.4,18.9,1.2,11.1,2.3,0.2,20.5,0.3,35.9,30.9,0.5,4.2,1,65,1,A01332,A01332_2020-03-17,1,2020-03-17
84.8,88.6,174.0,4.42,10.0,29.6,0.8,0.0,12.9,11.3,0.0,13.1,5.3,0.0,12.7,0.1,34.9,37.5,0.7,6.0,0,55,1,A01427,A01427_2020-03-17,0,2020-03-17
93.1,84.4,285.0,5.83,10.4,31.6,1.1,0.0,12.3,9.3,0.0,18.4,5.4,0.0,11.0,0.2,33.9,54.3,0.6,10.0,0,80,1,A00341,A00341_2020-03-17,0,2020-03-17
93.5,85.9,167.0,4.03,12.6,31.5,1.0,0.0,13.2,10.2,0.0,12.7,5.1,0.0,11.9,0.3,33.7,37.7,0.6,8.7,0,72,1,A01338,A01338_2020-03-17,0,2020-03-17
83.3,81.7,175.0,4.61,11.4,28.0,0.3,0.0,12.6,5.6,0.0,12.9,13.3,0.0,6.8,0.1,33.6,38.4,0.9,4.9,0,49,1,A00239,A00239_2020-03-17,0,2020-03-17
89.9,,371.0,3.66,10.5,31.4,,,12.9,,,11.5,,,17.1,,35.0,32.9,,,0,86,0,A00419,A00419_2020-03-17,0,2020-03-17
88.6,75.1,153.0,4.73,10.7,30.0,0.4,0.0,12.0,3.5,0.0,14.2,16.9,0.0,4.7,0.2,33.9,41.9,0.8,7.8,1,46,1,A00594,A00594_2020-03-17,0,2020-03-17
94.05,84.0,331.0,4.305,12.95,30.2,2.1,0.1,13.05,16.9,1.2,13.0,3.9,0.2,20.4,0.5,32.1,40.5,0.8,10.4,1,55,1,A01270,A01270_2020-03-17,0,2020-03-17
90.2,89.2,218.0,5.39,11.8,28.9,0.4,0.0,13.3,10.4,0.0,15.6,7.3,0.0,11.7,0.1,32.1,48.6,0.9,3.4,0,70,1,A00913,A00913_2020-03-17,0,2020-03-17
96.2,89.0,24.0,2.6,,33.8,0.2,0.0,22.6,7.0,1.1,8.8,7.2,0.1,7.9,0.4,35.2,25.0,0.6,2.3,1,75,1,A00147,A00147_2020-03-17,1,2020-03-17
94.13333333333333,82.89999999999999,307.0,2.716666666666666,10.3,30.93333333333333,1.766666666666667,0.1,18.36666666666666,16.5,1.733333333333333,8.4,6.233333333333333,0.3333333333333333,19.9,0.3666666666666667,32.83333333333334,25.56666666666667,1.233333333333333,8.766666666666667,1,61,1,A01084,A01084_2020-03-17,0,2020-03-17
62.3,83.3,224.0,5.52,11.0,19.6,1.2,0.0,14.8,13.5,0.1,10.8,8.9,0.0,16.2,0.2,31.4,34.4,1.4,7.5,0,47,0,A00444,A00444_2020-03-17,0,2020-03-17
80.2,60.5,230.0,5.25,10.6,27.6,0.8,0.0,12.9,4.2,0.4,14.5,27.4,0.0,6.9,0.3,34.4,42.1,1.9,11.4,0,38,1,A01150,A01150_2020-03-17,0,2020-03-17
90.0,86.4,234.0,4.22,10.6,31.8,0.6,0.0,12.0,7.0,0.1,13.4,5.9,0.0,8.1,0.1,35.3,38.0,0.5,7.5,1,76,1,A01378,A01378_2020-03-17,0,2020-03-17
92.6,76.2,574.0,5.43,10.2,30.0,1.5,0.1,14.4,9.8,0.3,16.3,11.2,0.0,12.9,0.4,32.4,50.3,1.4,11.9,0,49,1,A00764,A00764_2020-03-17,0,2020-03-17
90.0,77.3,303.0,4.7,9.6,30.2,0.6,0.0,13.2,5.0,0.0,14.2,13.3,0.0,6.5,0.3,33.6,42.3,0.9,9.1,0,68,1,A00336,A00336_2020-03-17,0,2020-03-17
77.6,62.2,332.0,4.34,10.3,24.4,0.6,0.0,13.7,3.2,2.8,10.6,23.9,0.1,5.1,0.2,31.5,33.7,1.2,10.9,0,71,1,A01089,A01089_2020-03-17,0,2020-03-17
86.69999999999999,89.6,146.5,3.87,12.0,28.85,0.1,0.0,16.15,12.2,2.9,11.15,6.3,0.4,13.65,0.1,33.2,33.55,0.9,1.1,1,70,1,A00668,A00668_2020-03-17,0,2020-03-17
91.0,77.4,124.0,4.02,11.9,28.9,0.4,0.0,13.3,3.8,0.2,11.6,14.2,0.0,4.9,0.2,31.7,36.6,0.7,8.0,0,69,0,A01302,A01302_2020-03-17,0,2020-03-17
87.4,65.6,294.0,4.91,10.6,29.3,1.4,0.0,13.8,5.0,0.7,14.4,14.9,0.1,7.6,0.3,33.6,42.9,1.1,18.5,0,56,1,A00321,A00321_2020-03-17,0,2020-03-17
86.9,83.4,452.0,4.44,11.6,28.2,1.5,0.1,14.3,14.4,0.1,12.5,7.0,0.0,17.3,0.8,32.4,38.6,1.2,8.7,1,56,0,A00827,A00827_2020-03-17,0,2020-03-17
82.8,85.3,192.0,4.24,9.7,28.1,0.2,0.0,13.4,5.9,0.0,11.9,11.1,0.0,6.9,0.1,33.9,35.1,0.8,3.5,0,63,0,A01131,A01131_2020-03-17,0,2020-03-17
89.4,52.5,166.0,5.39,9.8,29.7,0.5,0.0,12.1,2.4,0.2,16.0,36.4,0.0,4.6,0.9,33.2,48.2,1.7,10.0,0,54,1,A01642,A01642_2020-03-17,0,2020-03-17
86.6,88.9,166.0,4.84,10.4,30.2,0.2,0.0,12.5,6.5,0.0,14.6,8.1,0.0,7.3,0.1,34.8,41.9,0.6,2.9,0,59,1,A00526,A00526_2020-03-17,0,2020-03-17
86.1,77.6,620.0,4.53,8.7,28.9,0.4,0.0,13.3,8.0,2.3,13.1,16.2,0.2,10.3,0.3,33.6,39.0,1.7,3.6,1,49,1,A00084,A00084_2020-03-17,0,2020-03-17
88.5,77.9,487.0,3.57,10.3,28.9,0.7,0.0,13.1,5.6,4.3,10.3,7.9,0.3,7.2,0.1,32.6,31.6,0.6,9.8,0,73,1,A00644,A00644_2020-03-17,0,2020-03-17
87.2,81.0,485.0,5.37,10.5,28.5,0.4,0.1,13.2,7.0,2.2,15.3,11.4,0.2,8.7,0.6,32.7,46.8,1.0,4.8,1,61,1,A01257,A01257_2020-03-17,0,2020-03-17
83.2,66.5,209.0,5.05,11.1,27.5,0.6,0.0,14.0,4.3,0.2,13.9,23.2,0.0,6.4,0.3,33.1,42.0,1.5,9.8,0,49,1,A01482,A01482_2020-03-17,0,2020-03-17
100.8,73.5,288.0,3.76,11.0,30.9,0.3,0.1,13.7,3.7,1.8,11.6,18.4,0.1,5.1,1.2,30.6,37.9,0.9,5.1,1,18,1,A00298,A00298_2020-03-17,0,2020-03-17
83.2,66.5,209.0,5.05,11.1,27.5,0.6,0.0,14.0,4.3,0.2,13.9,23.2,0.0,6.4,0.3,33.1,42.0,1.5,9.8,0,67,0,A01455,A01455_2020-03-17,0,2020-03-17
92.3,39.0,182.0,5.31,11.2,31.1,3.2,0.1,14.6,4.3,1.0,16.5,30.0,0.1,11.0,1.0,33.7,49.0,3.3,29.0,0,87,1,A00399,A00399_2020-03-17,0,2020-03-17
82.8,61.4,230.0,3.02,10.3,25.2,0.4,0.0,16.0,2.6,6.8,7.6,22.4,0.3,4.3,0.9,30.4,25.0,1.0,8.5,0,66,1,A00531,A00531_2020-03-17,0,2020-03-17
84.5,72.3,327.0,4.45,9.0,28.5,0.4,0.1,12.7,6.7,3.6,12.7,19.1,0.3,9.2,0.7,33.8,37.6,1.8,4.3,1,61,0,A01144,A01144_2020-03-17,0,2020-03-17
84.6,77.43333333333334,295.25,4.4975,10.425,29.85,0.1,0.0,13.1,3.533333333333333,0.3666666666666667,13.425,19.76666666666667,0.0,4.55,0.2,35.325,38.05,0.9,2.233333333333333,1,46,1,A00830,A00830_2020-03-17,0,2020-03-17
84.8,64.6,425.0,5.05,11.3,28.9,0.7,0.0,12.3,3.9,1.3,14.6,22.4,0.1,6.1,0.8,34.1,42.8,1.4,10.9,0,57,1,A00285,A00285_2020-03-17,0,2020-03-17
87.1,68.4,429.0,5.67,12.1,26.5,0.6,0.1,14.9,5.8,5.4,15.0,18.1,0.5,8.5,0.9,30.4,49.4,1.5,7.2,1,36,1,A01460,A01460_2020-03-17,0,2020-03-17
89.15,88.0,280.5,4.279999999999999,9.55,29.9,0.6,0.0,12.7,10.2,0.0,12.8,7.0,0.0,11.65,0.2,33.55,38.15,0.8,4.8,1,71,1,A00165,A00165_2020-03-17,0,2020-03-17
98.6,76.5,456.0,5.09,11.6,31.0,1.4,0.1,13.4,11.8,1.0,15.8,12.9,0.2,15.4,0.5,31.5,50.2,2.0,9.1,1,64,0,A00628,A00628_2020-03-17,0,2020-03-17
87.85,69.1,303.5,4.205,10.95,25.9,0.6499999999999999,0.0,14.0,4.15,1.9,10.9,17.8,0.1,6.0,0.55,29.45,36.95,1.05,10.65,0,69,0,A00186,A00186_2020-03-17,0,2020-03-17
87.8,78.7,373.0,5.23,10.2,27.7,0.9,0.0,14.4,7.4,0.8,14.5,10.0,0.1,9.4,0.4,31.6,45.9,0.9,10.1,0,54,1,A00273,A00273_2020-03-17,0,2020-03-17
85.8,72.6,258.0,4.5,10.5,29.1,0.6,0.0,12.7,5.1,1.7,13.1,16.4,0.1,7.0,0.3,33.9,38.6,1.1,9.0,0,52,1,A00843,A00843_2020-03-17,0,2020-03-17
85.2,,283.0,4.92,10.5,29.5,,,13.9,,,14.5,,,13.2,,34.6,41.9,,,0,76,1,A00645,A00645_2020-03-17,0,2020-03-17
75.5,79.3,266.0,3.23,11.3,22.6,0.5,0.0,15.8,8.3,1.1,7.3,14.5,0.1,10.5,0.2,29.9,24.4,1.5,4.9,1,68,1,A00916,A00916_2020-03-17,1,2020-03-17
86.69999999999999,89.6,146.5,3.87,12.0,28.85,0.1,0.0,16.15,12.2,2.9,11.15,6.3,0.4,13.65,0.1,33.2,33.55,0.9,1.1,1,71,0,A00667,A00667_2020-03-17,0,2020-03-17
93.05000000000001,73.8,205.0,4.165,9.85,31.9,0.5,0.0,12.85,4.0,0.2,13.3,15.7,0.0,5.15,0.2,34.35,38.75,0.8,10.1,0,67,0,A01155,A01155_2020-03-17,0,2020-03-17
95.0,66.3,369.0,3.2,10.0,32.5,0.8,0.0,12.0,4.4,1.5,10.4,20.0,0.1,6.6,0.3,34.2,30.4,1.3,11.9,0,66,1,A00015,A00015_2020-03-17,0,2020-03-17
83.7,63.0,160.0,5.51,10.7,26.9,0.7,0.0,14.2,3.9,1.0,14.8,24.0,0.1,6.2,0.0,32.1,46.1,1.5,12.0,0,44,1,A01028,A01028_2020-03-17,0,2020-03-17
93.6,56.2,95.0,3.76,11.9,31.1,0.3,0.0,17.2,2.1,0.0,11.7,35.1,0.0,3.8,0.3,33.2,35.2,1.3,8.4,0,76,1,A00379,A00379_2020-03-17,0,2020-03-17
88.05,74.7,182.0,4.765000000000001,10.45,29.6,0.3,0.0,13.15,3.4,0.9,14.1,18.4,0.0,4.75,0.2,33.6,41.95,0.8,5.8,1,52,1,A00123,A00123_2020-03-17,0,2020-03-17
83.9,72.8,317.0,5.89,10.5,29.0,0.3,0.0,12.6,3.1,0.0,17.1,19.4,0.0,4.3,0.2,34.6,49.4,0.8,7.6,0,45,1,A01100,A01100_2020-03-17,0,2020-03-17
88.1,54.4,314.0,4.8,10.9,28.1,1.1,0.1,13.4,4.4,2.9,13.5,27.8,0.2,8.0,0.9,31.9,42.3,2.2,14.0,0,53,1,A00355,A00355_2020-03-17,0,2020-03-17
93.2,76.2,181.0,5.46,12.3,28.6,0.6,0.0,14.7,6.3,1.7,15.6,14.8,0.1,8.3,0.5,30.6,50.9,1.2,6.8,1,61,1,A00900,A00900_2020-03-17,0,2020-03-17
89.5,91.6,319.0,5.24,11.7,29.2,0.7,0.0,15.0,13.3,0.0,15.3,3.7,0.0,14.5,0.1,32.6,46.9,0.5,4.6,0,62,1,A01291,A01291_2020-03-17,0,2020-03-17
90.6,71.0,254.0,4.34,9.6,28.8,0.3,0.0,12.6,4.3,0.0,12.5,23.4,0.0,6.0,0.2,31.8,39.3,1.4,5.4,0,49,0,A00814,A00814_2020-03-17,0,2020-03-17
88.6,93.1,151.5,4.53,10.6,30.55,0.3,0.0,13.25,6.1,0.0,13.85,2.1,0.0,7.399999999999999,0.2,34.55,40.15000000000001,0.1,4.6,1,63,1,A00973,A00973_2020-03-17,0,2020-03-17
86.5,90.3,268.0,3.99,11.2,29.1,0.4,0.1,18.2,17.5,0.2,11.6,7.2,0.0,19.4,0.3,33.6,34.5,1.4,2.0,1,78,1,A01005,A01005_2020-03-17,0,2020-03-17
89.1,90.6,163.0,4.32,13.0,28.0,0.4,0.0,13.7,6.4,0.6,12.1,2.9,0.0,7.1,0.1,31.4,38.5,0.2,5.8,0,80,1,A00789,A00789_2020-03-17,0,2020-03-17
92.2,91.0,29.0,3.07,,30.3,0.0,0.0,18.3,1.7,0.0,9.3,6.4,0.0,1.9,0.5,32.9,28.3,0.1,2.1,0,71,1,A00222,A00222_2020-03-17,0,2020-03-17
91.4,91.6,223.0,4.75,10.5,32.0,0.3,0.0,12.3,7.9,0.0,15.2,4.9,0.0,8.6,0.1,35.0,43.4,0.4,3.4,0,66,1,A01575,A01575_2020-03-17,0,2020-03-17
93.9,76.8,194.0,4.13,11.1,32.2,0.7,0.0,14.3,7.2,0.6,13.3,14.5,0.1,9.4,0.2,34.3,38.8,1.4,7.9,0,88,0,A00972,A00972_2020-03-17,0,2020-03-17
93.0,53.8,178.0,4.7,10.4,30.4,0.4,0.0,12.5,1.9,0.3,14.3,35.5,0.0,3.6,0.6,32.7,43.7,1.3,9.8,0,56,0,A01163,A01163_2020-03-17,0,2020-03-17
92.4,90.7,383.0,4.86,10.7,28.8,1.0,0.1,14.4,18.6,0.0,14.0,3.7,0.0,20.5,0.7,31.2,44.9,0.8,4.9,1,70,0,A01393,A01393_2020-03-17,0,2020-03-17
88.9,90.7,208.0,4.5,10.7,30.0,0.1,0.0,12.9,6.0,0.0,13.5,7.6,0.0,6.6,0.2,33.8,40.0,0.5,1.5,0,71,1,A00039,A00039_2020-03-17,0,2020-03-17
91.1,81.5,127.0,4.26,11.9,29.3,0.5,0.0,12.9,6.9,0.0,12.5,12.6,0.0,8.5,0.0,32.2,38.8,1.1,5.9,0,65,0,A00709,A00709_2020-03-17,0,2020-03-17
93.65,89.1,106.0,3.785,10.9,31.45,0.7,0.0,13.7,12.0,0.9,11.9,4.4,0.1,13.55,0.1,33.55,35.45,0.6,5.5,1,79,1,A00907,A00907_2020-03-17,0,2020-03-17
83.4,75.0,148.0,4.65,11.0,28.0,0.4,0.0,12.8,2.9,0.0,13.0,14.7,0.0,3.9,0.0,33.5,38.8,0.6,10.3,0,79,0,A01537,A01537_2020-03-17,0,2020-03-17
82.6,87.5,181.5,5.45,11.1,26.25,0.5,0.0,14.8,8.4,0.2,14.3,6.6,0.0,9.95,0.1,31.75,45.0,0.6,5.6,1,65,1,A01029,A01029_2020-03-17,0,2020-03-17
82.1,58.2,117.0,4.69,12.0,26.0,0.5,0.0,16.3,2.6,5.1,12.2,24.2,0.2,4.5,0.7,31.7,38.5,1.1,11.8,0,46,1,A01218,A01218_2020-03-17,0,2020-03-17
85.7,79.5,129.0,4.83,10.3,28.0,0.2,0.0,14.0,4.8,0.0,13.5,16.8,0.0,6.0,0.2,32.6,41.4,1.0,3.5,1,59,0,A01358,A01358_2020-03-17,0,2020-03-17
88.7,,178.0,5.05,11.4,30.7,,,12.7,,,15.5,,,7.9,,34.6,44.8,,,0,79,1,A01624,A01624_2020-03-17,0,2020-03-17
92.1,69.7,358.0,3.43,11.2,28.3,0.8,0.1,14.9,7.8,0.8,9.7,21.8,0.1,11.2,0.6,30.7,31.6,2.4,7.1,1,41,1,A00367,A00367_2020-03-17,0,2020-03-17
92.35,85.85,239.0,4.215,11.1,30.5,0.3,0.05,13.8,7.199999999999999,0.3,12.85,9.15,0.05,8.2,0.4,33.1,38.8,0.6499999999999999,4.3,0,74,1,A00102,A00102_2020-03-17,0,2020-03-17
95.1,66.7,163.0,4.91,13.1,28.5,0.4,0.0,14.1,6.1,2.2,14.0,26.4,0.2,9.2,0.2,30.0,46.7,2.4,4.5,0,53,0,A00024,A00024_2020-03-17,0,2020-03-17
101.2,41.2,279.0,4.09,10.3,34.7,0.3,0.0,12.1,1.0,2.0,14.2,42.1,0.1,2.5,1.2,34.3,41.4,1.1,13.5,0,61,1,A00869,A00869_2020-03-17,0,2020-03-17
90.0,69.2,349.0,4.69,9.6,30.7,0.5,0.0,12.5,3.7,0.8,14.4,19.6,0.0,5.3,0.4,34.1,42.2,1.0,10.0,0,43,1,A00873,A00873_2020-03-17,0,2020-03-17
89.1,74.3,225.0,5.12,10.7,29.5,0.6,0.0,12.1,4.8,0.0,15.1,16.0,0.0,6.5,0.3,33.1,45.6,1.0,9.4,0,48,1,A00378,A00378_2020-03-17,0,2020-03-17
88.3,,92.0,5.06,13.1,29.6,,,13.0,,,15.0,,,4.7,,33.6,44.7,,,0,85,1,A00283,A00283_2020-03-17,0,2020-03-17
90.0,83.8,206.0,5.18,11.8,30.5,0.9,0.0,13.1,10.4,0.0,15.8,8.9,0.0,12.4,0.2,33.9,46.6,1.1,7.1,0,62,1,A01678,A01678_2020-03-17,0,2020-03-17
90.6,79.7,246.5,4.435,9.45,30.9,0.2,0.0,14.4,4.5,0.2,13.7,15.9,0.0,5.7,0.2,34.1,40.2,0.9,4.0,1,54,1,A01442,A01442_2020-03-17,0,2020-03-17
93.5,50.5,116.0,3.97,11.7,30.2,0.4,0.0,13.9,1.9,0.0,12.0,39.1,0.0,3.7,0.5,32.3,37.1,1.4,9.9,0,70,1,A00621,A00621_2020-03-17,0,2020-03-17
91.8,79.5,241.0,4.99,11.1,29.9,0.5,0.0,11.7,5.1,1.7,14.9,10.7,0.1,6.4,0.6,32.5,45.8,0.7,7.5,1,57,1,A01443,A01443_2020-03-17,0,2020-03-17
92.0,84.1,204.0,4.63,11.0,30.0,0.2,0.0,13.8,4.6,0.0,13.9,11.7,0.0,5.5,0.0,32.6,42.6,0.6,4.2,0,59,1,A01280,A01280_2020-03-17,0,2020-03-17
87.1,95.6,260.0,4.27,10.3,29.0,0.2,0.0,14.6,13.3,0.1,12.4,2.9,0.0,13.9,0.1,33.3,37.2,0.4,1.3,0,82,1,A01000,A01000_2020-03-17,0,2020-03-17
82.8,77.6,194.0,4.37,10.0,26.3,0.6,0.0,15.4,5.9,0.4,11.5,13.6,0.0,7.6,0.0,31.8,36.2,1.0,8.4,0,74,1,A01197,A01197_2020-03-17,0,2020-03-17
90.65,91.1,418.0,4.66,10.45,30.2,0.2,0.0,13.75,13.3,2.1,14.05,4.9,0.3,14.4,0.2,33.3,42.25,0.7,1.7,1,54,1,A01478,A01478_2020-03-17,0,2020-03-17
85.2,55.1,133.0,4.61,10.6,28.2,0.2,0.0,13.2,1.8,0.9,13.0,36.1,0.0,3.3,0.6,33.1,39.3,1.2,7.3,0,70,1,A01189,A01189_2020-03-18,0,2020-03-18
88.4,57.3,238.0,4.58,10.3,29.9,0.4,0.0,13.4,2.0,0.8,13.7,30.0,0.0,3.5,0.6,33.8,40.5,1.1,11.3,0,28,0,A01501,A01501_2020-03-18,0,2020-03-18
89.55,84.2,283.5,4.43,10.95,29.45,0.6,0.0,14.15,10.4,1.2,13.05,9.1,0.1,12.65,0.3,32.90000000000001,39.65,1.1,5.2,0,76,1,A00645,A00645_2020-03-18,0,2020-03-18
87.7,,228.0,3.89,10.6,30.3,,,12.4,,,11.8,,,6.6,,34.6,34.1,,,0,77,0,A01143,A01143_2020-03-18,0,2020-03-18
85.1,84.2,194.0,4.56,11.0,28.7,0.4,0.0,13.1,7.8,0.0,13.1,11.4,0.0,9.3,0.1,33.8,38.8,1.1,4.3,0,60,0,A01083,A01083_2020-03-18,0,2020-03-18
99.5,27.4,301.0,4.08,10.0,35.5,0.4,0.0,11.9,0.6,2.6,14.5,51.5,0.1,2.3,1.3,35.7,40.6,1.2,17.2,0,61,1,A00869,A00869_2020-03-18,0,2020-03-18
85.2,55.1,133.0,4.61,10.6,28.2,0.2,0.0,13.2,1.8,0.9,13.0,36.1,0.0,3.3,0.6,33.1,39.3,1.2,7.3,0,70,1,A01190,A01190_2020-03-18,0,2020-03-18
86.65,87.3,170.5,3.71,11.35,29.8,0.4,0.0,16.85,15.8,2.2,11.05,8.3,0.4,17.9,0.2,34.4,32.15,1.5,2.0,1,71,0,A00667,A00667_2020-03-18,0,2020-03-18
92.0,56.2,243.0,4.01,9.9,31.7,0.6,0.0,12.9,2.3,1.0,12.7,28.1,0.0,4.1,0.2,34.4,36.9,1.2,14.5,0,67,0,A01155,A01155_2020-03-18,0,2020-03-18
90.4,69.7,151.0,4.57,10.7,30.4,0.2,0.0,12.2,2.0,0.3,13.9,23.7,0.0,2.9,0.0,33.7,41.3,0.7,6.3,1,46,1,A00594,A00594_2020-03-18,0,2020-03-18
83.8,83.9,106.0,5.82,9.8,29.7,0.3,0.0,12.2,4.3,0.0,17.3,9.2,0.0,5.1,0.2,35.5,48.8,0.5,6.7,0,68,0,A01674,A01674_2020-03-18,0,2020-03-18
95.5,82.0,141.0,4.63,12.9,31.3,0.5,0.0,13.6,5.2,0.0,14.5,9.5,0.0,6.3,0.3,32.8,44.2,0.6,8.2,0,34,1,A01367,A01367_2020-03-18,0,2020-03-18
80.5,76.3,244.0,4.98,10.4,26.9,0.7,0.0,14.7,4.1,0.6,13.4,10.6,0.0,5.4,0.4,33.4,40.1,0.6,12.1,0,60,1,A00400,A00400_2020-03-18,0,2020-03-18
85.3,70.2,200.0,5.56,9.6,29.3,0.3,0.0,12.1,2.2,0.0,16.3,21.4,0.0,3.1,0.3,34.4,47.4,0.7,8.1,0,62,1,A00527,A00527_2020-03-18,0,2020-03-18
76.8,66.0,382.0,4.53,10.0,24.7,0.5,0.0,13.8,3.4,2.5,11.2,20.9,0.1,5.2,0.4,32.2,34.8,1.1,10.2,0,71,1,A01089,A01089_2020-03-18,0,2020-03-18
87.1,89.9,217.0,4.82,9.9,29.7,0.7,0.0,11.9,7.7,0.0,14.3,2.3,0.0,8.6,0.1,34.0,42.0,0.2,7.7,0,77,1,A00228,A00228_2020-03-18,0,2020-03-18
82.2,63.6,160.0,4.38,12.3,27.6,1.0,0.0,13.1,4.9,1.3,12.1,21.3,0.1,7.7,0.4,33.6,36.0,1.6,13.4,0,54,1,A01154,A01154_2020-03-18,0,2020-03-18
84.1,67.1,248.0,4.98,9.5,28.5,0.5,0.0,14.7,3.1,1.1,14.2,19.9,0.1,4.6,0.2,33.9,41.9,0.9,11.7,0,62,1,A00852,A00852_2020-03-18,0,2020-03-18
91.0,69.8,106.0,3.9,11.9,29.0,0.3,0.0,13.2,3.8,0.0,11.3,25.0,0.0,5.4,0.2,31.8,35.5,1.4,5.0,0,65,0,A00709,A00709_2020-03-18,0,2020-03-18
99.2,89.9,386.0,3.68,10.4,31.0,0.3,0.0,13.5,9.7,0.5,11.4,6.1,0.1,10.8,0.3,31.2,36.5,0.7,3.2,1,18,1,A00298,A00298_2020-03-18,0,2020-03-18
87.6,72.1,189.0,4.91,10.6,29.5,0.7,0.0,13.2,4.7,0.3,14.5,17.3,0.0,6.5,0.2,33.7,43.0,1.1,10.1,1,45,1,A01599,A01599_2020-03-18,0,2020-03-18
90.65,68.4,286.0,4.545,9.8,29.9,0.2,0.0,14.65,2.0,1.7,13.6,22.6,0.0,2.85,0.3,33.0,41.2,0.7,7.0,1,54,1,A01442,A01442_2020-03-18,0,2020-03-18
57.4,81.2,172.0,4.88,,19.7,0.3,0.0,15.6,3.5,0.0,9.6,12.1,0.0,4.3,0.0,34.3,28.0,0.5,6.7,0,51,0,A00049,A00049_2020-03-18,0,2020-03-18
91.5,87.9,332.0,4.68,11.3,29.5,1.2,0.2,14.4,17.6,1.2,13.8,4.3,0.2,20.0,0.8,32.2,42.8,0.9,5.8,1,70,0,A01393,A01393_2020-03-18,0,2020-03-18
94.7,83.8,334.0,2.65,10.7,30.9,1.9,0.1,18.6,17.4,1.7,8.2,5.1,0.4,20.8,0.3,32.7,25.1,1.1,9.1,1,61,1,A01084,A01084_2020-03-18,0,2020-03-18
92.80000000000001,89.8,118.0,3.815,11.2,31.45,1.3,0.0,13.1,16.5,0.4,12.0,2.8,0.1,18.45,0.1,33.9,35.40000000000001,0.5,6.9,1,79,1,A00907,A00907_2020-03-18,0,2020-03-18
86.7,78.4,131.0,5.12,12.5,29.3,0.8,0.0,13.6,5.6,0.1,15.0,9.9,0.0,7.2,0.3,33.8,44.4,0.7,11.3,0,63,1,A00265,A00265_2020-03-18,0,2020-03-18
86.95,77.15,146.5,4.984999999999999,11.3,28.45,0.35,0.05,14.95,10.3,0.05,14.2,19.7,0.0,13.35,0.4,32.75,43.34999999999999,2.65,2.7,0,60,1,A01644,A01644_2020-03-18,0,2020-03-18
87.8,82.1,353.0,4.66,11.8,29.4,1.4,0.1,12.9,12.2,0.1,13.7,8.0,0.0,14.8,0.4,33.5,40.9,1.2,9.4,1,57,1,A01418,A01418_2020-03-18,0,2020-03-18
92.15,85.2,420.5,4.210000000000001,10.45,31.15,0.3,0.1,13.75,9.2,1.8,13.1,9.3,0.2,10.7,0.6,33.8,38.8,1.0,3.1,1,54,1,A01478,A01478_2020-03-18,0,2020-03-18
84.2,,357.0,4.76,10.5,27.9,,,12.4,,,13.3,,,11.5,,33.2,40.1,,,0,86,1,A00278,A00278_2020-03-18,0,2020-03-18
83.7,,179.0,4.79,9.4,29.2,,,12.7,,,14.0,,,6.7,,34.9,40.1,,,0,52,1,A01530,A01530_2020-03-18,0,2020-03-18
94.4,72.5,197.0,4.29,11.0,31.2,0.7,0.0,14.1,5.7,1.8,13.4,16.7,0.1,7.8,0.3,33.1,40.5,1.3,8.7,0,88,0,A00972,A00972_2020-03-18,0,2020-03-18
100.4,84.6,181.0,2.85,11.4,31.6,0.5,0.1,15.0,14.9,0.2,9.0,11.6,0.0,17.6,0.8,31.5,28.6,2.0,2.8,0,85,1,A01671,A01671_2020-03-18,0,2020-03-18
88.1,93.1,337.0,5.215,11.3,29.8,0.3,0.1,13.7,14.7,0.2,15.55,4.1,0.0,14.4,0.4,33.85,45.95,0.6,2.2,1,58,1,A00463,A00463_2020-03-18,0,2020-03-18
91.2,66.6,415.0,4.31,9.8,29.7,0.5,0.0,12.9,4.1,0.0,12.8,25.1,0.0,6.1,0.5,32.6,39.3,1.5,7.8,0,56,0,A01602,A01602_2020-03-18,0,2020-03-18
58.8,81.5,103.0,6.77,,18.5,0.2,0.0,18.6,4.0,0.0,12.5,13.4,0.0,4.9,0.0,31.4,39.8,0.7,5.1,1,65,1,A00507,A00507_2020-03-18,0,2020-03-18
96.25,66.55000000000001,311.0,3.065,9.75,32.3,0.95,0.0,12.5,5.0,1.7,9.9,19.25,0.1,7.5,0.2,33.6,29.5,1.45,12.3,0,66,1,A00015,A00015_2020-03-18,0,2020-03-18
87.2,48.7,200.0,3.75,8.6,27.5,0.1,0.0,16.7,1.9,0.5,10.3,47.1,0.0,3.8,0.5,31.5,32.7,1.8,3.2,0,64,1,A00522,A00522_2020-03-18,0,2020-03-18
,,,,,,,,,,,,,,,,,,,,0,54,1,A00273,A00273_2020-03-18,0,2020-03-18
83.1,77.7,206.0,4.51,11.1,29.3,0.4,0.0,13.7,3.7,0.0,13.2,14.3,0.0,4.8,0.2,35.2,37.5,0.7,7.8,0,65,0,A01086,A01086_2020-03-18,0,2020-03-18
83.8,83.9,106.0,5.82,9.8,29.7,0.3,0.0,12.2,4.3,0.0,17.3,9.2,0.0,5.1,0.2,35.5,48.8,0.5,6.7,0,76,1,A01677,A01677_2020-03-18,0,2020-03-18
96.03333333333335,81.96666666666667,492.3333333333333,4.95,11.53333333333333,31.23333333333333,1.466666666666667,0.03333333333333333,13.66666666666667,15.0,0.06666666666666667,15.46666666666667,9.7,0.0,18.33333333333333,0.2333333333333333,32.56666666666666,47.53333333333333,1.766666666666667,8.033333333333333,1,64,0,A00628,A00628_2020-03-18,0,2020-03-18
87.69999999999999,84.2,491.0,5.215,10.4,28.7,0.3,0.0,13.2,8.7,2.0,14.95,10.5,0.2,10.5,0.4,32.7,45.75,1.1,2.9,1,61,1,A01257,A01257_2020-03-18,0,2020-03-18
88.0,64.2,332.0,4.34,11.0,27.0,0.7,0.0,13.9,4.9,2.0,11.7,24.2,0.2,7.7,0.5,30.6,38.2,1.9,9.1,0,69,0,A00186,A00186_2020-03-18,0,2020-03-18
93.2,92.5,26.0,3.36,,29.8,0.0,0.0,18.1,1.4,0.7,10.0,4.7,0.0,1.5,0.7,31.9,31.3,0.1,1.4,0,71,1,A00222,A00222_2020-03-18,0,2020-03-18
86.0,72.2,294.0,5.34,10.2,29.8,0.6,0.0,12.7,5.6,0.0,15.9,20.5,0.0,7.8,0.1,34.6,45.9,1.6,7.2,0,56,1,A01229,A01229_2020-03-18,0,2020-03-18
81.2,82.2,355.0,3.61,9.9,27.1,0.6,0.0,14.2,14.7,0.0,9.8,14.0,0.0,17.9,0.2,33.4,29.3,2.5,3.6,0,75,0,A01513,A01513_2020-03-18,0,2020-03-18
88.8,69.2,245.0,4.56,10.2,28.7,1.0,0.0,13.0,5.5,1.6,13.1,15.7,0.1,7.9,0.4,32.3,40.5,1.2,13.1,0,62,1,A00138,A00138_2020-03-18,0,2020-03-18
81.0,94.4,166.0,4.16,10.8,28.8,0.1,0.0,12.9,10.7,0.0,12.0,4.3,0.0,11.3,0.1,35.6,33.7,0.5,1.2,1,61,1,A00364,A00364_2020-03-18,0,2020-03-18
87.5,54.2,371.0,4.31,10.5,29.5,0.6,0.0,12.3,3.3,1.7,12.7,34.6,0.1,6.0,0.3,33.7,37.7,2.1,9.2,0,55,1,A01653,A01653_2020-03-18,0,2020-03-18
85.4,73.3,269.0,4.32,9.0,28.5,0.5,0.1,12.9,7.0,4.5,12.3,16.2,0.4,9.5,0.8,33.3,36.9,1.5,5.2,1,61,0,A01144,A01144_2020-03-18,0,2020-03-18
81.9,79.5,231.5,4.915,11.45,25.95,0.4,0.0,14.95,7.5,2.1,12.75,14.1,0.2,9.75,0.3,31.65,40.25,1.3,4.0,1,65,1,A01029,A01029_2020-03-18,0,2020-03-18
86.65,87.3,170.5,3.71,11.35,29.8,0.4,0.0,16.85,15.8,2.2,11.05,8.3,0.4,17.9,0.2,34.4,32.15,1.5,2.0,1,70,1,A00668,A00668_2020-03-18,0,2020-03-18
93.2,74.7,239.0,4.57,10.6,30.9,0.5,0.0,11.9,3.8,1.8,14.1,13.5,0.1,5.1,0.8,33.1,42.6,0.7,9.2,1,57,1,A01443,A01443_2020-03-18,0,2020-03-18
85.2,74.4,254.0,5.08,9.2,29.1,0.8,0.0,12.4,5.0,0.3,14.8,12.9,0.0,6.7,0.5,34.2,43.3,0.9,11.9,0,63,1,A01521,A01521_2020-03-18,0,2020-03-18
94.1,82.7,330.0,3.72,10.2,30.4,1.4,0.0,13.3,12.0,0.0,11.3,7.5,0.0,14.5,0.2,32.3,35.0,1.1,9.6,0,86,0,A00419,A00419_2020-03-18,0,2020-03-18
99.0,68.0,247.5,3.365,10.65,33.4,0.7,0.0,28.65,3.9,0.0,11.25,18.9,0.0,5.0,0.3,33.75,33.3,1.1,12.8,0,72,0,A00143,A00143_2020-03-18,0,2020-03-18
90.1,87.9,217.0,3.92,10.2,30.9,0.1,0.0,13.4,6.0,0.1,12.1,9.8,0.0,6.8,0.0,34.3,35.3,0.7,2.2,0,71,1,A00039,A00039_2020-03-18,0,2020-03-18
84.1,65.5,182.0,5.33,10.4,28.9,0.6,0.0,12.4,3.5,0.0,15.4,22.7,0.0,5.3,0.2,34.4,44.8,1.2,11.6,0,47,1,A01485,A01485_2020-03-18,0,2020-03-18
82.8,82.8,342.0,5.58,10.2,29.2,0.3,0.0,12.4,4.3,0.0,16.3,11.5,0.0,5.2,0.2,35.3,46.2,0.6,5.5,0,45,1,A01100,A01100_2020-03-18,0,2020-03-18
86.6,56.7,220.0,5.44,11.7,30.0,0.5,0.0,11.8,4.3,0.4,16.3,36.6,0.0,7.5,0.3,34.6,47.1,2.7,6.0,0,49,1,A00432,A00432_2020-03-18,0,2020-03-18
81.5,54.8,274.0,4.98,10.0,27.3,0.8,0.0,13.1,3.7,1.6,13.6,31.5,0.1,6.8,0.1,33.5,40.6,2.1,12.0,0,38,1,A01150,A01150_2020-03-18,0,2020-03-18
87.0,68.7,169.0,5.78,9.0,29.6,1.2,0.0,12.6,4.7,0.0,17.1,13.3,0.0,6.8,0.3,34.0,50.3,0.9,17.7,0,58,1,A00346,A00346_2020-03-18,0,2020-03-18
83.2,60.6,324.0,4.75,10.3,29.1,1.1,0.0,12.4,4.4,0.7,13.8,22.7,0.1,7.2,0.3,34.9,39.5,1.6,15.7,0,55,1,A00011,A00011_2020-03-18,0,2020-03-18
84.3,72.1,543.0,5.22,9.9,28.7,0.6,0.1,12.1,11.8,7.1,15.0,16.6,1.2,16.4,0.8,34.1,44.0,2.7,3.4,0,68,0,A01446,A01446_2020-03-18,0,2020-03-18
84.4,87.2,82.0,3.65,,29.0,1.0,0.0,17.8,14.3,1.6,10.6,4.9,0.3,16.4,0.3,34.4,30.8,0.8,6.0,1,65,1,A01332,A01332_2020-03-18,1,2020-03-18
88.2,61.2,389.0,5.44,13.1,26.1,0.8,0.2,14.4,5.9,8.9,14.2,19.6,0.9,9.6,1.6,29.6,48.0,1.9,8.7,0,36,1,A01460,A01460_2020-03-18,0,2020-03-18
93.8,64.5,136.0,4.154999999999999,14.2,29.7,0.3,0.0,13.7,4.1,2.2,12.35,28.6,0.15,6.3,0.3,31.65,39.0,1.8,4.4,0,53,0,A00024,A00024_2020-03-18,0,2020-03-18
94.5,,152.0,4.53,11.3,30.9,,,13.9,,,14.0,,,4.0,,32.7,42.8,,,0,84,1,A00829,A00829_2020-03-18,0,2020-03-18
94.0,88.0,390.0,3.075,11.45,31.7,0.65,0.0,13.8,11.6,0.05,9.75,7.0,0.0,13.2,0.15,33.75,28.9,0.9,4.800000000000001,0,79,1,A01364,A01364_2020-03-18,0,2020-03-18
89.7,69.6,207.0,5.22,10.0,30.5,0.6,0.0,12.1,3.7,1.3,15.9,16.9,0.1,5.3,0.8,34.0,46.8,0.9,11.4,0,46,1,A01284,A01284_2020-03-18,0,2020-03-18
89.6,47.9,187.0,4.41,11.1,30.6,0.3,0.0,12.8,1.2,0.0,13.5,39.1,0.0,2.5,0.4,34.2,39.5,1.0,12.6,0,50,0,A00057,A00057_2020-03-18,0,2020-03-18
87.45,79.0,222.5,5.25,9.850000000000001,29.5,0.5,0.0,13.2,5.7,0.7,15.5,13.5,0.1,7.050000000000001,0.4,33.75,45.90000000000001,1.0,6.4,1,52,1,A00123,A00123_2020-03-18,0,2020-03-18
83.7,73.5,272.0,4.3,10.4,27.7,0.3,0.0,14.1,4.0,1.1,11.9,19.6,0.1,5.4,0.2,33.1,36.0,1.1,5.6,0,53,1,A00352,A00352_2020-03-18,0,2020-03-18
94.5,,152.0,4.53,11.3,30.9,,,13.9,,,14.0,,,4.0,,32.7,42.8,,,0,57,1,A00691,A00691_2020-03-18,0,2020-03-18
82.5,78.3,195.0,5.49,11.2,30.1,0.5,0.0,12.0,5.2,0.1,16.5,13.6,0.0,6.7,0.1,36.4,45.3,0.9,7.9,0,51,1,A00684,A00684_2020-03-18,0,2020-03-18
85.4,81.5,302.0,4.51,8.9,30.8,0.9,0.0,11.9,7.5,0.9,13.9,7.7,0.1,9.2,0.3,36.1,38.5,0.7,9.6,0,48,1,A01384,A01384_2020-03-18,0,2020-03-18
87.9,73.6,324.0,4.64,10.5,31.5,0.1,0.0,13.3,2.9,3.4,14.6,19.9,0.1,3.9,0.5,35.8,40.8,0.8,2.6,1,46,1,A00830,A00830_2020-03-18,0,2020-03-18
87.8,69.8,150.0,4.82,10.2,29.3,0.5,0.0,13.9,3.8,0.0,14.1,21.8,0.0,5.5,0.2,33.3,42.3,1.2,8.2,0,69,1,A01287,A01287_2020-03-18,0,2020-03-18
93.35,84.1,253.5,4.43,11.05,30.25,0.25,0.0,14.15,5.7,0.0,13.4,12.45,0.0,6.800000000000001,0.05,32.4,41.35,0.8500000000000001,3.4,0,59,1,A01280,A01280_2020-03-18,0,2020-03-18
91.6,92.0,233.0,4.19,10.0,31.5,0.3,0.0,12.8,8.6,0.0,13.2,4.8,0.0,9.4,0.0,34.4,38.4,0.5,3.2,0,66,1,A01575,A01575_2020-03-18,0,2020-03-18
74.8,84.3,379.0,5.55,11.3,23.4,0.8,0.1,18.6,15.8,1.9,13.0,9.1,0.4,18.8,0.3,31.3,41.5,1.7,4.4,1,68,1,A00916,A00916_2020-03-18,1,2020-03-18
,,,,,,,,,,,,,,,,,,,,0,77,1,A00198,A00198_2020-03-18,0,2020-03-18
88.725,87.2,59.25,3.5475,12.775,30.95,0.5,0.0,13.225,7.45,0.0,10.975,6.75,0.0,8.35,0.15,34.9,31.45,0.6,5.9,0,48,0,A00834,A00834_2020-03-18,0,2020-03-18
91.5,65.3,391.0,3.78,11.3,28.6,0.9,0.1,15.2,7.2,1.3,10.8,24.6,0.1,11.1,1.0,31.2,34.6,2.7,7.8,1,41,1,A00367,A00367_2020-03-18,0,2020-03-18
85.0,80.1,419.0,3.93,11.7,28.0,0.9,0.1,14.1,8.6,0.1,11.0,10.5,0.0,10.7,0.7,32.9,33.4,1.1,8.6,1,56,0,A00827,A00827_2020-03-18,0,2020-03-18
91.9,82.1,329.0,4.07,12.25,30.35,1.9,0.1,13.15,12.7,0.3,12.35,4.6,0.0,15.3,0.5,33.05,37.4,0.7,12.5,1,55,1,A01270,A01270_2020-03-18,0,2020-03-18
91.4,86.5,26.0,2.22,,32.4,0.3,0.0,21.2,6.2,1.2,7.2,8.0,0.1,7.2,0.4,35.5,20.3,0.6,3.9,1,75,1,A00147,A00147_2020-03-18,1,2020-03-18
89.1,83.9,360.0,4.31,9.4,30.6,0.4,0.0,12.5,7.6,0.0,13.2,11.8,0.0,9.1,0.1,34.4,38.4,1.1,4.2,0,77,1,A00817,A00817_2020-03-18,0,2020-03-18
85.8,,253.0,4.58,9.6,30.6,,,12.5,,,14.0,,,5.0,,35.6,39.3,,,0,44,0,A00086,A00086_2020-03-18,0,2020-03-18
87.83333333333333,80.46666666666665,547.3333333333334,3.863333333333333,8.7,29.13333333333334,0.4000000000000001,0.0,13.73333333333333,7.2,0.8000000000000002,11.26666666666667,14.0,0.1,8.933333333333335,0.2666666666666667,33.16666666666667,33.93333333333333,1.233333333333333,4.466666666666666,1,49,1,A00084,A00084_2020-03-18,0,2020-03-18
87.5,53.7,311.0,4.33,10.0,28.6,0.5,0.0,12.3,2.4,1.1,12.4,32.0,0.0,4.4,0.9,32.7,37.9,1.4,12.3,0,70,0,A00874,A00874_2020-03-18,0,2020-03-18
92.0,84.8,277.0,5.03,10.0,31.4,0.8,0.0,12.6,7.6,0.0,15.8,6.6,0.0,9.0,0.1,34.1,46.3,0.6,8.5,0,80,1,A00341,A00341_2020-03-18,0,2020-03-18
88.1,58.0,247.0,4.79,11.2,28.8,0.9,0.1,13.2,4.3,3.8,13.8,25.6,0.3,7.4,0.9,32.7,42.2,1.9,11.7,0,53,1,A00355,A00355_2020-03-18,0,2020-03-18
96.7,89.3,340.0,3.6,11.7,30.0,0.2,0.0,15.5,9.2,1.2,10.8,7.1,0.1,10.3,0.4,31.0,34.8,0.7,2.0,0,74,1,A00102,A00102_2020-03-18,0,2020-03-18
89.9,,275.0,4.14,9.7,30.2,,,12.6,,,12.5,,,6.6,,33.6,37.2,,,1,71,1,A00165,A00165_2020-03-18,0,2020-03-18
88.0,74.4,143.0,4.26,9.7,29.6,0.4,0.0,12.9,3.8,0.0,12.6,16.6,0.0,5.1,0.2,33.6,37.5,0.8,8.8,0,78,0,A00931,A00931_2020-03-18,0,2020-03-18
92.3,84.4,80.0,3.9,10.4,31.0,0.4,0.0,17.3,6.5,0.0,12.1,10.6,0.0,7.7,0.1,33.6,36.0,0.8,4.9,0,76,1,A00379,A00379_2020-03-18,0,2020-03-18
92.4,82.7,214.0,4.97,11.5,31.8,0.6,0.0,12.3,8.7,0.9,15.8,10.6,0.1,10.5,0.2,34.4,45.9,1.1,5.6,0,74,1,A01167,A01167_2020-03-18,0,2020-03-18
79.2,93.6,190.0,4.77,10.6,27.7,0.2,0.0,13.5,9.2,0.0,13.2,4.6,0.0,9.8,0.1,34.9,37.8,0.5,1.7,0,70,1,A00059,A00059_2020-03-18,0,2020-03-18
85.0,61.2,288.0,5.06,9.6,28.9,0.6,0.1,13.4,6.9,0.8,14.6,31.8,0.1,11.3,0.5,34.0,43.0,3.6,5.7,0,33,0,A00311,A00311_2020-03-18,0,2020-03-18
84.7,66.8,179.0,5.04,10.8,26.6,0.5,0.0,14.5,4.1,0.0,13.4,24.2,0.0,6.1,0.2,31.4,42.7,1.5,8.8,0,44,1,A01028,A01028_2020-03-18,0,2020-03-18
88.2,43.6,157.0,4.48,10.9,30.4,0.4,0.0,11.6,2.1,2.5,13.6,44.7,0.1,4.8,0.6,34.4,39.5,2.1,8.6,0,46,1,A01073,A01073_2020-03-18,0,2020-03-18
94.8,74.8,187.0,5.04,12.3,28.8,0.6,0.1,14.8,5.7,1.6,14.5,14.9,0.1,7.6,0.9,30.3,47.8,1.1,7.8,1,61,1,A00900,A00900_2020-03-18,0,2020-03-18
86.2,67.75,131.3333333333333,4.766666666666667,11.8,29.86666666666666,0.5,0.0,12.86666666666667,2.7,0.0,14.23333333333333,18.75,0.0,4.466666666666667,0.5,34.63333333333333,41.1,0.75,13.0,0,58,1,A01198,A01198_2020-03-18,0,2020-03-18
94.0,47.1,414.0,4.19,9.4,31.5,0.9,0.0,12.9,2.9,1.8,13.2,36.2,0.1,6.2,0.6,33.5,39.4,2.2,14.3,0,63,1,A00689,A00689_2020-03-18,0,2020-03-18
86.8,69.6,286.0,4.92,10.1,29.1,1.3,0.0,13.3,5.9,2.2,14.3,12.6,0.2,8.5,0.5,33.5,42.7,1.1,15.1,0,56,1,A00321,A00321_2020-03-18,0,2020-03-18
89.9,79.0,381.0,4.73,9.6,31.1,0.8,0.0,12.7,5.7,0.0,14.7,8.9,0.0,7.2,0.3,34.6,42.5,0.6,11.8,0,68,1,A00336,A00336_2020-03-18,0,2020-03-18
85.9,78.9,215.0,5.04,10.5,28.4,0.2,0.0,12.2,3.9,0.0,14.3,17.5,0.0,5.0,0.2,33.0,43.3,0.9,3.4,0,54,1,A01363,A01363_2020-03-18,0,2020-03-18
91.6,,229.0,4.42,11.4,28.7,,,13.2,,,12.7,,,11.2,,31.4,40.5,,,0,48,0,A00554,A00554_2020-03-18,0,2020-03-18
88.0,76.5,182.0,4.93,10.3,29.6,0.4,0.0,12.9,3.7,0.0,14.6,14.8,0.0,4.9,0.2,33.6,43.4,0.7,8.5,0,67,0,A00568,A00568_2020-03-18,0,2020-03-18
98.1,48.0,71.0,3.6,11.3,32.2,0.5,0.1,13.4,2.8,3.1,11.6,39.7,0.2,5.9,0.9,32.9,35.3,2.3,8.3,0,89,0,A00162,A00162_2020-03-18,0,2020-03-18
86.0,84.1,188.0,4.21,10.9,29.2,0.4,0.0,13.7,5.0,0.0,12.3,9.6,0.0,6.0,0.3,34.0,36.2,0.6,6.0,0,47,0,A01582,A01582_2020-03-18,0,2020-03-18
87.5,,108.3333333333333,4.086666666666666,10.43333333333333,30.1,,,13.06666666666667,,,12.3,,,5.766666666666667,,34.4,35.76666666666667,,,1,63,1,A00973,A00973_2020-03-18,0,2020-03-18
87.9,81.1,216.0,3.46,12.4,29.8,0.4,0.0,12.7,4.3,0.0,10.3,11.9,0.0,5.3,0.2,33.9,30.4,0.6,6.8,0,75,1,A01336,A01336_2020-03-18,0,2020-03-18
88.0,87.0,155.0,4.1,12.9,28.8,0.5,0.0,13.5,6.4,1.2,11.8,5.0,0.1,7.3,0.1,32.7,36.1,0.4,6.7,0,80,1,A00789,A00789_2020-03-19,0,2020-03-19
86.4,63.1,314.0,4.62,9.9,29.4,0.4,0.0,12.7,3.0,3.2,13.6,25.6,0.2,4.7,0.6,34.1,39.9,1.2,7.5,0,52,1,A00843,A00843_2020-03-19,0,2020-03-19
84.4,86.6,161.0,4.09,10.3,28.6,0.3,0.0,13.6,6.7,0.0,11.7,9.5,0.0,7.7,0.1,33.9,34.5,0.7,3.8,0,85,0,A01099,A01099_2020-03-19,0,2020-03-19
86.7,80.3,247.0,4.22,9.2,28.4,0.5,0.1,12.8,7.0,3.9,12.0,9.9,0.3,8.7,0.6,32.8,36.6,0.9,5.3,1,61,0,A01144,A01144_2020-03-19,0,2020-03-19
93.0,92.2,138.0,4.69,9.2,29.0,0.5,0.1,14.7,19.0,0.0,13.6,4.6,0.0,20.6,0.6,31.2,43.6,0.9,2.6,0,61,1,A01290,A01290_2020-03-19,0,2020-03-19
87.5,64.1,227.0,4.8,10.6,30.8,0.4,0.0,11.3,3.0,5.8,14.8,21.8,0.3,4.7,0.4,35.2,42.0,1.0,7.9,0,51,1,A00044,A00044_2020-03-19,0,2020-03-19
87.8,71.8,235.0,4.91,11.3,29.5,0.6,0.0,12.4,3.9,0.4,14.5,16.0,0.0,5.5,0.2,33.6,43.1,0.9,11.6,0,48,1,A00378,A00378_2020-03-19,0,2020-03-19
83.0,67.2,141.0,5.34,11.8,30.3,0.2,0.0,11.8,2.3,0.0,16.2,25.5,0.0,3.4,0.3,36.6,44.3,0.9,7.0,0,45,1,A00842,A00842_2020-03-19,0,2020-03-19
84.1,81.1,385.0,3.27,11.9,27.2,1.0,0.1,14.2,8.8,0.0,8.9,9.0,0.0,10.9,0.7,32.4,27.5,1.0,9.2,1,56,0,A00827,A00827_2020-03-19,0,2020-03-19
82.45,77.6,273.5,4.949999999999999,11.75,26.1,0.5,0.1,15.25,5.9,2.6,12.9,12.6,0.2,7.699999999999999,0.8,31.6,40.8,1.0,6.4,1,65,1,A01029,A01029_2020-03-19,0,2020-03-19
89.0,52.7,102.0,3.55,11.1,27.3,0.6,0.0,15.2,2.5,0.2,9.7,35.0,0.0,4.7,0.2,30.7,31.6,1.6,11.9,0,48,1,A00930,A00930_2020-03-19,0,2020-03-19
85.0,76.6,422.0,5.2,10.1,28.1,1.0,0.1,13.5,6.9,1.8,14.6,9.9,0.2,9.0,0.9,33.0,44.2,0.9,10.8,0,54,1,A00273,A00273_2020-03-19,0,2020-03-19
59.3,91.0,153.0,6.7,,18.8,0.3,0.0,17.8,8.2,0.0,12.6,6.0,0.0,9.0,0.0,31.7,39.7,0.5,3.0,1,65,1,A00507,A00507_2020-03-19,0,2020-03-19
93.8,76.6,132.0,3.68,12.3,31.5,0.8,0.0,13.6,4.7,0.0,11.6,9.6,0.0,6.2,0.3,33.6,34.5,0.6,13.5,0,34,1,A01367,A01367_2020-03-19,0,2020-03-19
91.8,,309.0,4.01,12.8,29.2,,,13.2,,,11.7,,,12.4,,31.8,36.8,,,1,55,1,A01270,A01270_2020-03-19,0,2020-03-19
88.3,51.3,113.0,5.45,12.3,30.5,0.7,0.0,12.8,2.3,0.0,16.6,32.3,0.0,4.4,0.2,34.5,48.1,1.4,16.2,0,58,1,A00545,A00545_2020-03-19,0,2020-03-19
89.6,84.6,379.5,5.195,9.9,30.7,0.4,0.0,13.9,4.7,0.2,15.95,8.4,0.0,5.55,0.5,34.25,46.55,0.5,6.3,1,54,1,A01442,A01442_2020-03-19,0,2020-03-19
84.4,67.6,187.0,5.24,10.1,28.8,0.8,0.0,12.6,4.3,0.5,15.1,18.3,0.0,6.3,0.2,34.2,44.2,1.2,13.4,0,47,1,A01485,A01485_2020-03-19,0,2020-03-19
85.9,59.9,141.0,4.41,10.0,28.8,0.2,0.0,12.7,1.7,0.0,12.7,31.6,0.0,2.9,0.3,33.5,37.9,0.9,8.2,0,59,0,A01366,A01366_2020-03-19,0,2020-03-19
90.3,84.0,219.0,4.24,10.3,31.1,0.6,0.0,12.2,6.3,0.9,13.2,7.0,0.1,7.5,0.3,34.5,38.3,0.5,7.8,1,76,1,A01378,A01378_2020-03-19,0,2020-03-19
57.0,87.9,139.0,4.61,,19.3,0.3,0.0,15.9,5.8,0.0,8.9,8.0,0.0,6.6,0.2,33.8,26.3,0.5,3.9,0,51,0,A00049,A00049_2020-03-19,0,2020-03-19
89.4,71.9,173.0,4.62,10.7,29.4,0.2,0.0,11.9,2.8,1.6,13.6,21.5,0.1,3.9,0.3,32.9,41.3,0.8,4.7,1,46,1,A00594,A00594_2020-03-19,0,2020-03-19
94.1,86.4,241.0,3.76,12.1,31.9,0.6,0.1,14.6,10.6,0.1,12.0,8.4,0.0,12.3,0.5,33.9,35.4,1.0,4.6,0,87,1,A01342,A01342_2020-03-19,0,2020-03-19
82.0,,337.0,5.21,9.1,28.6,,,12.5,,,14.9,,,9.2,,34.9,42.7,,,0,52,1,A00791,A00791_2020-03-19,0,2020-03-19
87.3,86.7,221.0,4.96,10.5,30.2,0.3,0.0,13.1,6.7,0.0,15.0,8.4,0.0,7.7,0.4,34.6,43.3,0.6,4.5,0,59,1,A00526,A00526_2020-03-19,0,2020-03-19
92.0,82.3,475.0,4.27,10.9,30.2,0.3,0.0,13.8,8.6,2.1,12.9,12.5,0.2,10.5,0.2,32.8,39.3,1.3,2.9,1,54,1,A01478,A01478_2020-03-19,0,2020-03-19
87.4,75.9,195.0,5.56,11.2,29.5,0.7,0.0,13.7,6.0,0.0,16.4,14.7,0.0,7.9,0.1,33.7,48.6,1.2,9.3,0,55,1,A01241,A01241_2020-03-19,0,2020-03-19
100.4,83.9,215.0,2.29,10.9,31.9,0.6,0.1,15.2,16.9,0.5,7.3,12.0,0.1,20.2,0.4,31.7,23.0,2.4,3.2,0,85,1,A01671,A01671_2020-03-19,0,2020-03-19
87.8,79.9,139.0,4.59,9.7,30.3,0.2,0.0,14.6,4.0,0.0,13.9,16.9,0.0,5.0,0.2,34.5,40.3,0.8,3.0,1,61,1,A01161,A01161_2020-03-19,0,2020-03-19
92.5,,54.5,2.62,14.4,31.85,,,14.1,,,8.35,,,7.55,,34.45,24.2,,,0,48,0,A00834,A00834_2020-03-19,0,2020-03-19
88.73333333333333,,88.33333333333333,3.58,10.53333333333333,30.36666666666666,,,13.53333333333333,,,10.86666666666667,,,6.533333333333334,,34.23333333333333,31.76666666666667,,,1,63,1,A00973,A00973_2020-03-19,0,2020-03-19
89.0,79.7,388.0,5.16,9.7,30.6,0.1,0.0,13.2,3.9,3.7,15.8,13.6,0.2,4.9,0.4,34.4,45.9,0.7,2.6,1,46,1,A00830,A00830_2020-03-19,0,2020-03-19
80.5,96.0,217.0,4.154999999999999,11.05,28.05,0.2,0.0,12.85,14.7,0.0,11.65,2.6,0.0,15.4,0.2,34.8,33.45,0.4,1.2,1,61,1,A00364,A00364_2020-03-19,0,2020-03-19
84.0,88.2,281.0,4.38,10.4,28.8,0.5,0.0,13.7,8.6,0.0,12.6,6.8,0.0,9.7,0.2,34.2,36.8,0.7,4.8,0,80,1,A00693,A00693_2020-03-19,0,2020-03-19
83.0,87.5,182.0,3.89,10.9,28.0,0.7,0.1,16.3,15.7,1.6,10.9,6.9,0.3,17.9,0.3,33.7,32.3,1.2,3.7,1,70,1,A00668,A00668_2020-03-19,0,2020-03-19
94.1,83.5,580.0,4.54,10.2,31.5,0.3,0.0,12.8,6.5,2.2,14.3,10.0,0.2,7.8,0.6,33.5,42.7,0.8,3.7,0,57,1,A00669,A00669_2020-03-19,0,2020-03-19
79.8,90.2,427.0,3.76,9.8,26.6,0.4,0.0,14.7,13.2,0.0,10.0,6.9,0.0,14.6,0.2,33.3,30.0,1.0,2.7,0,75,0,A01513,A01513_2020-03-19,0,2020-03-19
86.2,66.8,272.0,5.59,9.5,30.8,0.4,0.0,12.2,3.4,0.0,17.2,24.4,0.0,5.1,0.2,35.7,48.2,1.2,8.6,0,42,1,A00022,A00022_2020-03-19,0,2020-03-19
92.4,79.9,226.0,4.61,10.8,28.9,0.4,0.1,12.1,5.2,1.8,13.3,11.7,0.1,6.5,0.8,31.2,42.6,0.8,5.8,1,57,1,A01443,A01443_2020-03-19,0,2020-03-19
98.4,83.0,260.0,4.35,11.7,28.7,1.2,0.1,15.2,13.3,1.7,12.5,6.8,0.3,16.0,0.9,29.2,42.8,1.1,7.6,1,70,0,A01393,A01393_2020-03-19,0,2020-03-19
90.7,81.3,305.0,4.42,11.2,30.3,0.7,0.0,12.2,9.0,0.2,13.4,11.6,0.0,11.1,0.3,33.4,40.1,1.3,6.6,0,50,0,A01215,A01215_2020-03-19,0,2020-03-19
84.5,76.9,217.0,4.7,10.8,28.1,0.4,0.0,13.1,5.1,0.2,13.2,16.3,0.0,6.6,0.2,33.2,39.7,1.1,6.4,0,60,0,A01083,A01083_2020-03-19,0,2020-03-19
87.7,72.7,308.0,4.47,9.9,29.5,0.4,0.0,13.2,4.0,0.0,13.2,19.3,0.0,5.5,0.2,33.7,39.2,1.1,7.8,0,64,0,A01295,A01295_2020-03-19,0,2020-03-19
87.6,79.7,408.5,4.96,10.55,28.45,0.6,0.1,13.25,9.7,2.0,14.1,12.7,0.2,12.35,0.5,32.45,43.45,1.5,5.1,1,61,1,A01257,A01257_2020-03-19,0,2020-03-19
90.8,89.2,231.0,4.33,11.8,29.8,0.3,0.1,13.9,10.9,1.6,12.9,6.2,0.2,12.2,0.6,32.8,39.3,0.8,2.4,1,58,1,A00463,A00463_2020-03-19,0,2020-03-19
78.4,75.3,430.0,4.4,8.9,23.6,0.4,0.0,,5.6,0.1,10.4,19.5,0.0,7.4,0.1,30.1,34.5,1.4,5.0,0,50,0,A00131,A00131_2020-03-19,0,2020-03-19
89.4,70.9,554.0,3.97,8.7,29.0,0.6,0.0,14.1,6.5,1.5,11.5,20.5,0.1,9.2,0.4,32.4,35.5,1.9,6.7,1,49,1,A00084,A00084_2020-03-19,0,2020-03-19
91.2,80.1,331.0,4.87,9.1,30.2,0.3,0.0,13.0,5.8,0.0,14.7,15.2,0.0,7.2,0.1,33.1,44.4,1.1,4.6,0,65,1,A00230,A00230_2020-03-19,0,2020-03-19
90.7,57.7,375.0,3.77,11.3,28.4,0.8,0.1,15.2,5.8,3.9,10.7,29.3,0.4,10.1,1.2,31.3,34.2,3.0,7.9,1,41,1,A00367,A00367_2020-03-19,0,2020-03-19
90.6,82.5,160.0,3.94,11.4,29.4,0.3,0.0,13.2,5.8,1.1,11.6,12.3,0.1,7.0,0.1,32.5,35.7,0.9,4.0,0,69,0,A01302,A01302_2020-03-19,0,2020-03-19
89.8,,334.0,4.21,10.0,29.9,,,12.6,,,12.6,,,6.5,,33.3,37.8,,,1,71,1,A00165,A00165_2020-03-19,0,2020-03-19
86.9,50.8,128.0,4.36,12.1,31.0,0.6,0.0,13.0,2.4,0.6,13.5,36.3,0.0,4.7,0.2,35.6,37.9,1.7,12.1,0,58,1,A01198,A01198_2020-03-19,0,2020-03-19
92.3,82.4,199.0,4.42,11.2,30.5,0.5,0.0,13.7,6.8,0.0,13.5,11.0,0.0,8.2,0.1,33.1,40.8,0.9,6.5,0,61,1,A00256,A00256_2020-03-19,0,2020-03-19
84.6,69.9,320.0,5.51,10.7,28.5,0.6,0.0,12.3,5.5,1.5,15.7,20.7,0.1,7.8,0.3,33.7,46.6,1.6,7.6,0,46,1,A00564,A00564_2020-03-19,0,2020-03-19
84.9,74.6,275.0,4.63,10.0,29.2,0.5,0.0,12.7,4.8,2.6,13.5,14.2,0.2,6.5,0.3,34.4,39.3,0.9,8.3,0,73,1,A01159,A01159_2020-03-19,0,2020-03-19
81.7,78.9,181.0,5.02,11.0,29.5,0.6,0.0,12.0,5.6,0.0,14.8,12.6,0.0,7.1,0.1,36.1,41.0,0.9,8.4,0,51,1,A00684,A00684_2020-03-19,0,2020-03-19
84.5,67.6,160.0,4.97,9.9,28.8,0.4,0.0,13.0,2.6,0.0,14.3,22.1,0.0,3.9,0.0,34.0,42.0,0.9,10.3,0,56,1,A00870,A00870_2020-03-19,0,2020-03-19
86.0,60.6,179.0,5.16,11.1,29.3,1.2,0.0,12.8,3.8,3.8,15.1,15.9,0.2,6.2,0.6,34.0,44.4,1.0,19.1,0,75,1,A00275,A00275_2020-03-19,0,2020-03-19
95.5,85.9,317.0,2.68,10.9,29.9,2.0,0.2,18.3,18.6,0.7,8.0,3.6,0.2,21.6,0.7,31.3,25.6,0.8,9.1,1,61,1,A01084,A01084_2020-03-19,0,2020-03-19
85.7,84.4,197.0,5.31,11.8,30.1,0.4,0.0,12.2,5.8,0.0,16.0,9.9,0.0,6.9,0.3,35.2,45.5,0.7,5.4,0,62,1,A00407,A00407_2020-03-19,0,2020-03-19
77.3,86.6,320.0,5.37,12.2,22.9,1.0,0.1,20.1,18.7,1.4,12.3,7.3,0.3,21.6,0.3,29.6,41.5,1.6,4.4,1,68,1,A00916,A00916_2020-03-19,1,2020-03-19
89.4,66.6,197.0,4.44,10.9,30.6,0.4,0.0,13.1,3.7,0.0,13.6,25.5,0.0,5.5,0.4,34.3,39.7,1.4,7.5,0,71,0,A00203,A00203_2020-03-19,0,2020-03-19
86.3,95.5,285.0,3.94,10.1,27.9,0.1,0.0,14.6,11.7,0.0,11.0,3.2,0.0,12.2,0.1,32.4,34.0,0.4,1.2,0,82,1,A01000,A01000_2020-03-19,0,2020-03-19
82.2,71.9,200.0,4.39,11.0,28.2,0.6,0.0,12.3,4.2,0.0,12.4,18.1,0.0,5.8,0.2,34.3,36.1,1.0,9.8,0,62,1,A00895,A00895_2020-03-19,0,2020-03-19
87.3,83.7,291.0,4.87,10.0,27.1,0.2,0.0,15.1,5.0,0.0,13.2,13.0,0.0,6.0,0.5,31.1,42.5,0.8,2.8,0,70,1,A00059,A00059_2020-03-19,0,2020-03-19
97.5,76.1,199.0,5.25,12.0,28.6,0.6,0.1,15.0,5.7,1.7,15.0,12.9,0.1,7.5,1.1,29.3,51.2,1.0,8.2,1,61,1,A00900,A00900_2020-03-19,0,2020-03-19
92.8,85.9,115.0,3.59,11.6,30.1,0.9,0.0,13.4,14.0,3.6,10.8,4.9,0.6,16.3,0.1,32.4,33.3,0.8,5.5,1,79,1,A00907,A00907_2020-03-19,0,2020-03-19
91.5,87.6,180.0,3.98,12.6,31.7,1.0,0.0,13.4,11.7,0.1,12.6,4.5,0.0,13.3,0.3,34.6,36.4,0.6,7.5,1,72,1,A01338,A01338_2020-03-19,0,2020-03-19
89.2,81.9,227.0,4.71,9.9,30.6,0.8,0.0,12.0,5.9,0.0,14.4,6.7,0.0,7.2,0.1,34.3,42.0,0.5,11.3,0,77,1,A00228,A00228_2020-03-19,0,2020-03-19
85.1,,236.0,4.63,11.3,27.0,,,15.9,,,12.5,,,8.8,,31.7,39.4,,,0,93,0,A01010,A01010_2020-03-19,0,2020-03-19
84.5,81.0,187.0,4.77,10.5,29.8,0.3,0.0,12.9,4.9,0.0,14.2,14.6,0.0,6.0,0.2,35.2,40.3,0.9,4.2,1,62,1,A01435,A01435_2020-03-19,0,2020-03-19
89.0,52.7,102.0,3.55,11.1,27.3,0.6,0.0,15.2,2.5,0.2,9.7,35.0,0.0,4.7,0.2,30.7,31.6,1.6,11.9,0,81,0,A00933,A00933_2020-03-19,0,2020-03-19
87.4,70.1,146.0,4.45,10.7,30.3,0.4,0.0,12.6,2.8,0.0,13.5,20.3,0.0,4.0,0.3,34.7,38.9,0.8,9.3,0,70,0,A00153,A00153_2020-03-19,0,2020-03-19
91.6,78.2,193.0,5.47,12.1,29.8,1.0,0.0,13.2,7.0,1.2,16.3,9.4,0.1,9.0,0.4,32.5,50.1,0.8,10.8,0,71,1,A00872,A00872_2020-03-19,0,2020-03-19
91.6,85.0,30.0,3.35,,29.0,0.0,0.0,18.0,1.4,0.6,9.7,9.2,0.0,1.7,2.9,31.6,30.7,0.2,2.3,0,71,1,A00222,A00222_2020-03-19,0,2020-03-19
87.5,,258.0,5.19,9.5,28.9,,,13.2,,,15.0,,,6.1,,33.0,45.4,,,1,52,1,A00123,A00123_2020-03-19,0,2020-03-19
83.0,87.5,182.0,3.89,10.9,28.0,0.7,0.1,16.3,15.7,1.6,10.9,6.9,0.3,17.9,0.3,33.7,32.3,1.2,3.7,1,71,0,A00667,A00667_2020-03-19,0,2020-03-19
86.9,67.4,257.0,4.64,9.5,28.7,0.5,0.0,13.2,4.2,0.0,13.3,24.6,0.0,6.3,0.2,33.0,40.3,1.5,7.8,0,55,1,A01427,A01427_2020-03-19,0,2020-03-19
87.3,86.6,240.0,4.96,11.0,29.6,0.9,0.0,13.4,11.2,0.0,14.7,6.1,0.0,12.9,0.2,33.9,43.3,0.8,7.1,1,45,1,A01599,A01599_2020-03-19,0,2020-03-19
98.2,92.9,146.0,3.85,12.2,32.5,0.5,0.0,13.2,13.2,0.0,12.5,3.5,0.0,14.2,0.1,33.1,37.8,0.5,3.5,0,94,1,A01171,A01171_2020-03-19,0,2020-03-19
99.5,74.8,455.0,3.67,10.0,31.1,0.4,0.0,13.4,4.9,1.8,11.4,16.0,0.1,6.6,0.6,31.2,36.5,1.1,6.8,1,18,1,A00298,A00298_2020-03-19,0,2020-03-19
89.0,85.1,590.0,4.81,10.4,29.9,0.2,0.1,13.6,8.9,0.4,14.4,11.7,0.0,10.5,1.0,33.6,42.8,1.2,1.8,1,67,1,A00349,A00349_2020-03-19,0,2020-03-19
83.55000000000001,78.9,527.0,4.505,11.55,26.55,1.35,0.0,17.2,9.7,0.35,11.95,9.55,0.05,12.35,0.2,31.8,37.6,1.15,11.0,1,61,1,A01628,A01628_2020-03-19,0,2020-03-19
96.0,24.0,162.0,3.76,10.1,33.5,0.9,0.0,12.2,2.6,1.0,12.6,67.0,0.1,10.8,0.0,34.9,36.1,7.2,8.0,0,52,1,A00544,A00544_2020-03-19,0,2020-03-19
89.7,83.8,90.0,3.88,12.3,30.7,0.5,0.0,17.2,5.4,0.0,11.9,9.1,0.0,6.4,0.0,34.2,34.8,0.6,7.1,0,76,1,A00379,A00379_2020-03-19,0,2020-03-19
88.5,88.0,146.0,4.88,11.5,30.7,0.3,0.0,12.6,6.2,0.0,15.0,8.2,0.0,7.0,0.0,34.7,43.2,0.6,3.8,1,72,1,A01289,A01289_2020-03-19,0,2020-03-19
80.8,83.8,277.0,5.25,9.5,27.2,0.4,0.0,15.2,6.8,0.0,14.3,11.6,0.0,8.1,0.2,33.7,42.4,0.9,4.4,0,68,1,A01102,A01102_2020-03-19,0,2020-03-19
96.5,68.8,219.0,4.31,11.0,32.3,0.5,0.1,13.1,6.1,1.2,13.9,23.7,0.1,8.9,0.8,33.4,41.6,2.1,5.5,0,46,0,A01646,A01646_2020-03-19,0,2020-03-19
86.5,86.2,182.0,5.11,10.9,29.2,0.6,0.0,12.4,8.4,0.0,14.9,7.7,0.0,9.7,0.1,33.7,44.2,0.7,6.0,0,84,0,A01560,A01560_2020-03-19,0,2020-03-19
98.15,67.55000000000001,154.5,4.805,10.95,31.95,0.9500000000000001,0.0,14.75,4.2,0.1,15.35,17.1,0.0,6.15,0.35,32.55,47.2,1.0,14.9,0,49,1,A01448,A01448_2020-03-19,0,2020-03-19
96.6,84.5,280.0,3.86,11.4,30.3,0.3,0.0,15.6,7.6,1.9,11.7,9.6,0.2,9.0,0.4,31.4,37.3,0.9,3.6,0,74,1,A00102,A00102_2020-03-19,0,2020-03-19
82.2,81.5,262.0,4.6,11.3,28.3,0.7,0.0,13.5,8.8,0.2,13.0,11.6,0.0,10.8,0.4,34.4,37.8,1.3,6.3,0,75,1,A00835,A00835_2020-03-19,0,2020-03-19
87.7,74.0,138.0,4.88,11.1,27.9,0.7,0.0,15.0,9.0,0.2,13.6,19.7,0.0,12.2,0.2,31.8,42.8,2.4,5.9,0,60,1,A01644,A01644_2020-03-20,0,2020-03-20
87.9,73.5,218.0,4.39,10.1,29.8,0.6,0.0,12.3,5.1,0.0,13.1,18.3,0.0,7.0,0.1,33.9,38.6,1.3,8.1,0,67,0,A00568,A00568_2020-03-20,0,2020-03-20
61.1,93.5,191.0,5.19,,20.0,0.3,0.0,18.4,12.3,0.0,10.4,4.4,0.0,13.2,0.2,32.8,31.7,0.6,1.9,0,53,1,A00481,A00481_2020-03-20,0,2020-03-20
94.6,75.15,334.0,3.835,10.95,33.5,0.75,0.0,13.1,6.35,1.9,12.8,13.4,0.15,8.4,0.3,35.4,36.25,1.15,9.25,0,50,0,A01215,A01215_2020-03-20,0,2020-03-20
79.5,86.3,283.0,3.71,10.5,26.7,0.3,0.0,13.6,7.9,1.5,9.9,8.3,0.1,9.2,0.3,33.6,29.5,0.8,3.6,0,77,1,A00525,A00525_2020-03-20,0,2020-03-20
84.7,86.6,274.0,4.57,11.0,28.2,0.3,0.0,14.3,10.0,0.0,12.9,10.4,0.0,11.6,0.1,33.3,38.7,1.2,2.9,0,49,1,A01482,A01482_2020-03-20,0,2020-03-20
94.1,81.2,326.0,3.04,10.5,30.3,1.7,0.1,17.1,13.6,1.7,9.2,6.3,0.3,16.8,0.5,32.2,28.6,1.1,10.3,1,61,1,A01084,A01084_2020-03-20,0,2020-03-20
95.4,71.7,391.0,4.33,10.9,32.3,0.6,0.0,11.9,4.2,1.7,14.0,15.8,0.1,5.8,0.5,33.9,41.3,0.9,10.3,0,74,1,A00134,A00134_2020-03-20,0,2020-03-20
84.7,86.6,274.0,4.57,11.0,28.2,0.3,0.0,14.3,10.0,0.0,12.9,10.4,0.0,11.6,0.1,33.3,38.7,1.2,2.9,0,67,0,A01455,A01455_2020-03-20,0,2020-03-20
84.9,48.6,128.0,4.49,10.6,27.8,0.5,0.0,13.2,1.9,1.5,12.5,37.7,0.1,4.0,0.5,32.8,38.1,1.5,11.7,0,70,1,A01189,A01189_2020-03-20,0,2020-03-20
93.3,85.8,138.0,4.63,11.6,30.9,0.1,0.0,14.2,4.6,0.0,14.3,12.7,0.0,5.4,0.2,33.1,43.2,0.7,1.3,0,84,1,A00829,A00829_2020-03-20,0,2020-03-20
88.0,59.1,131.0,5.25,9.2,30.3,1.1,0.0,12.5,3.3,0.2,15.9,20.5,0.0,5.5,0.4,34.4,46.2,1.1,19.8,0,58,1,A00346,A00346_2020-03-20,0,2020-03-20
89.6,78.4,171.0,4.5,10.5,29.3,0.2,0.0,12.6,2.5,0.0,13.2,14.8,0.0,3.2,0.3,32.8,40.3,0.5,6.5,0,78,0,A00931,A00931_2020-03-20,0,2020-03-20
90.8,80.8,261.0,4.99,9.6,29.7,0.4,0.0,13.1,6.5,2.0,14.8,11.5,0.2,8.0,0.4,32.7,45.3,0.9,5.3,1,52,1,A00123,A00123_2020-03-20,0,2020-03-20
86.2,65.2,137.0,4.42,11.0,29.4,0.4,0.0,12.5,2.5,0.0,13.0,22.9,0.0,3.8,0.3,34.1,38.1,0.9,11.6,0,76,0,A00137,A00137_2020-03-20,0,2020-03-20
92.0,92.0,13.0,2.86,,29.7,0.0,0.0,18.2,1.0,0.0,8.5,5.3,0.0,1.1,1.8,32.3,26.3,0.1,0.9,0,71,1,A00222,A00222_2020-03-20,0,2020-03-20
91.6,90.9,252.0,4.55,13.1,29.7,0.2,0.1,14.6,11.8,1.5,13.5,4.9,0.2,13.0,0.8,32.4,41.7,0.6,1.9,1,18,1,A00298,A00298_2020-03-20,0,2020-03-20
89.3,85.5,229.0,4.11,10.6,30.2,0.2,0.0,13.6,5.4,0.3,12.4,11.2,0.0,6.3,0.2,33.8,36.7,0.7,2.8,0,71,1,A00039,A00039_2020-03-20,0,2020-03-20
82.5,65.0,307.0,4.24,8.9,27.6,0.6,0.0,12.7,2.9,0.7,11.7,20.6,0.0,4.4,0.7,33.4,35.0,0.9,13.0,0,64,0,A01091,A01091_2020-03-20,0,2020-03-20
92.4,76.7,233.0,4.87,11.1,30.2,0.7,0.0,14.3,6.4,0.0,14.7,14.8,0.0,8.3,0.1,32.7,45.0,1.2,8.4,0,61,1,A00256,A00256_2020-03-20,0,2020-03-20
90.4,62.6,340.0,3.84,11.4,27.9,0.7,0.1,15.0,5.7,3.3,10.7,25.2,0.3,9.1,1.1,30.8,34.7,2.3,7.8,1,41,1,A00367,A00367_2020-03-20,0,2020-03-20
91.9,83.6,246.0,4.83,10.7,31.7,0.5,0.0,12.9,10.7,0.0,15.3,12.3,0.0,12.8,0.2,34.5,44.4,1.6,3.9,0,80,1,A00117,A00117_2020-03-20,0,2020-03-20
85.1,73.5,134.0,5.64,11.1,28.7,0.4,0.0,14.3,4.3,0.0,16.2,19.5,0.0,5.9,0.2,33.8,48.0,1.2,6.8,0,58,1,A01556,A01556_2020-03-20,0,2020-03-20
95.2,80.9,410.0,3.75,10.8,31.5,0.5,0.1,13.8,9.6,3.1,11.8,11.4,0.4,11.9,0.8,33.1,35.7,1.4,3.8,1,54,1,A01478,A01478_2020-03-20,0,2020-03-20
91.1,82.3,257.0,4.28,9.3,29.0,0.8,0.1,13.0,9.4,1.9,12.4,8.3,0.2,11.4,0.6,31.8,39.0,0.9,6.9,1,61,0,A01144,A01144_2020-03-20,0,2020-03-20
81.4,81.8,302.0,5.16,10.1,26.9,0.8,0.0,12.7,6.4,0.0,13.9,8.2,0.0,7.8,0.1,33.1,42.0,0.6,9.9,0,55,1,A00802,A00802_2020-03-20,0,2020-03-20
97.0,78.0,189.0,4.74,12.4,28.7,0.7,0.1,14.7,7.4,1.9,13.6,11.4,0.2,9.5,0.9,29.6,46.0,1.1,7.8,1,61,1,A00900,A00900_2020-03-20,0,2020-03-20
88.39999999999999,80.0,209.0,4.69,11.4,30.86666666666666,0.8,0.0,12.13333333333333,11.15,0.3,14.46666666666667,13.85,0.05,13.7,0.2,34.9,41.46666666666667,2.0,5.65,0,56,1,A00509,A00509_2020-03-20,0,2020-03-20
85.0,86.2,541.0,4.21,11.1,26.1,1.0,0.0,17.7,10.6,1.0,11.0,4.1,0.1,12.3,0.2,30.7,35.8,0.5,8.5,1,61,1,A01628,A01628_2020-03-20,0,2020-03-20
85.0,85.0,385.0,3.27,11.8,27.8,1.2,0.0,14.5,11.6,0.1,9.1,6.1,0.0,13.6,0.3,32.7,27.8,0.8,8.5,1,56,0,A00827,A00827_2020-03-20,0,2020-03-20
90.2,81.2,81.0,3.68,11.8,30.2,0.5,0.0,17.5,4.8,0.0,11.1,9.5,0.0,5.9,0.2,33.4,33.2,0.6,9.1,0,76,1,A00379,A00379_2020-03-20,0,2020-03-20
88.2,54.4,160.0,4.16,10.6,29.1,0.2,0.0,14.6,4.0,0.0,12.1,43.3,0.0,7.3,0.1,33.0,36.7,3.2,2.2,0,77,1,A00647,A00647_2020-03-20,0,2020-03-20
84.6,87.6,192.0,3.82,11.5,28.3,1.1,0.1,16.4,19.1,0.9,10.8,6.3,0.2,21.8,0.3,33.4,32.3,1.4,4.9,1,71,0,A00667,A00667_2020-03-20,0,2020-03-20
97.9,81.19999999999999,307.0,4.555,12.2,30.95,1.3,0.0,13.45,14.15,0.05,14.1,10.95,0.0,17.35,0.25,31.6,44.6,1.85,7.550000000000001,0,64,0,A00628,A00628_2020-03-20,0,2020-03-20
82.4,78.1,290.0,4.66,10.8,27.9,0.2,0.0,12.5,4.5,0.5,13.0,17.6,0.0,5.8,0.3,33.9,38.4,1.0,3.5,0,54,1,A01363,A01363_2020-03-20,0,2020-03-20
86.4,65.2,156.0,5.35,11.1,28.6,0.4,0.0,12.2,3.8,4.7,15.3,23.0,0.3,5.8,0.2,33.1,46.2,1.3,6.9,0,74,0,A00130,A00130_2020-03-20,0,2020-03-20
95.45,79.4,371.5,4.155,9.600000000000001,29.5,0.9,0.0,13.05,7.6,1.6,12.25,9.6,0.2,9.55,0.5,30.9,39.65,0.9,8.9,1,71,1,A00165,A00165_2020-03-20,0,2020-03-20
84.75,79.3,323.5,4.76,11.75,26.7,0.8,0.0,15.0,7.7,1.0,12.7,11.2,0.1,9.85,0.4,31.5,40.34999999999999,1.1,8.1,1,65,1,A01029,A01029_2020-03-20,0,2020-03-20
93.3,85.0,251.0,4.51,12.3,28.8,1.6,0.0,15.2,17.3,1.3,13.0,6.0,0.3,20.4,0.1,30.9,42.1,1.2,7.6,1,70,0,A01393,A01393_2020-03-20,0,2020-03-20
89.9,67.5,561.0,3.95,8.5,28.6,0.8,0.1,14.2,6.0,2.7,11.3,19.8,0.2,8.9,0.6,31.8,35.5,1.8,9.4,1,49,1,A00084,A00084_2020-03-20,0,2020-03-20
84.7,68.0,311.0,4.78,10.2,29.9,0.6,0.0,12.8,5.0,0.1,14.3,23.8,0.0,7.4,0.1,35.3,40.5,1.8,8.0,0,56,1,A01229,A01229_2020-03-20,0,2020-03-20
87.5,88.3,390.0,4.4,10.2,29.1,0.2,0.0,13.5,5.9,0.1,12.8,8.3,0.0,6.7,0.6,33.2,38.5,0.6,2.7,1,67,1,A00349,A00349_2020-03-20,0,2020-03-20
90.6,85.0,253.0,4.57,12.8,29.5,1.1,0.1,13.6,13.5,0.5,13.5,7.1,0.1,15.9,0.5,32.6,41.4,1.1,6.9,0,80,1,A01236,A01236_2020-03-20,0,2020-03-20
87.3,47.1,452.0,4.56,9.2,29.4,0.6,0.0,12.8,3.6,1.6,13.4,42.6,0.1,7.7,0.4,33.7,39.8,3.3,8.3,0,30,0,A00786,A00786_2020-03-20,0,2020-03-20
82.8,81.5,501.0,5.06,10.1,27.3,0.8,0.0,12.3,10.0,0.8,13.8,10.5,0.1,12.3,0.4,32.9,41.9,1.3,6.8,0,51,1,A00041,A00041_2020-03-20,0,2020-03-20
83.9,74.9,118.0,5.03,10.0,29.2,0.3,0.0,12.2,3.7,0.0,14.7,18.6,0.0,4.9,0.2,34.8,42.2,0.9,6.3,0,76,1,A01677,A01677_2020-03-20,0,2020-03-20
86.1,79.1,179.0,5.11,10.4,29.5,0.3,0.0,13.4,4.4,0.0,15.1,16.2,0.0,5.6,0.2,34.3,44.0,0.9,4.5,0,69,1,A01287,A01287_2020-03-20,0,2020-03-20
,,,,,,,,,,,,,,,,,,,,1,62,1,A01435,A01435_2020-03-20,0,2020-03-20
88.05000000000001,53.0,137.0,3.815,10.2,28.6,0.25,0.0,12.95,1.5,0.0,10.9,38.55,0.0,2.85,0.2,32.4,33.6,1.1,8.25,0,59,0,A01366,A01366_2020-03-20,0,2020-03-20
90.8,81.5,176.0,4.8,10.7,29.4,0.2,0.0,12.0,3.1,2.9,14.1,11.1,0.1,3.8,0.3,32.3,43.6,0.4,4.2,1,46,1,A00594,A00594_2020-03-20,0,2020-03-20
87.6,55.8,179.0,4.68,10.1,29.1,0.3,0.0,13.3,2.1,0.0,13.6,37.1,0.0,3.7,0.3,33.2,41.0,1.4,6.8,0,56,0,A00776,A00776_2020-03-20,0,2020-03-20
,,,,,,,,,,,,,,,,,,,,0,63,1,A00219,A00219_2020-03-20,0,2020-03-20
84.6,87.6,192.0,3.82,11.5,28.3,1.1,0.1,16.4,19.1,0.9,10.8,6.3,0.2,21.8,0.3,33.4,32.3,1.4,4.9,1,70,1,A00668,A00668_2020-03-20,0,2020-03-20
83.2,85.2,282.0,3.99,10.9,28.8,0.5,0.0,13.4,7.2,0.1,11.5,8.6,0.0,8.5,0.2,34.6,33.2,0.7,5.9,0,75,1,A00835,A00835_2020-03-20,0,2020-03-20
83.9,74.9,118.0,5.03,10.0,29.2,0.3,0.0,12.2,3.7,0.0,14.7,18.6,0.0,4.9,0.2,34.8,42.2,0.9,6.3,0,68,0,A01674,A01674_2020-03-20,0,2020-03-20
86.9,82.8,470.0,4.52,11.3,29.4,1.3,0.1,13.1,12.8,0.8,13.3,7.3,0.1,15.4,0.8,33.8,39.3,1.1,8.3,1,57,1,A01418,A01418_2020-03-20,0,2020-03-20
93.3,85.8,138.0,4.63,11.6,30.9,0.1,0.0,14.2,4.6,0.0,14.3,12.7,0.0,5.4,0.2,33.1,43.2,0.7,1.3,0,57,1,A00691,A00691_2020-03-20,0,2020-03-20
82.9,80.7,306.0,4.79,10.9,26.5,0.6,0.0,15.4,9.1,0.3,12.7,13.1,0.0,11.3,0.2,32.0,39.7,1.5,5.7,0,49,0,A01673,A01673_2020-03-20,0,2020-03-20
86.1,62.1,215.0,4.52,11.3,27.2,0.7,0.0,15.8,4.5,1.1,12.3,26.5,0.1,7.3,0.1,31.6,38.9,1.9,10.2,0,93,0,A01010,A01010_2020-03-20,0,2020-03-20
92.5,,209.0,4.29,11.3,31.2,,,13.5,,,13.4,,,7.6,,33.8,39.7,,,0,88,0,A00972,A00972_2020-03-20,0,2020-03-20
91.5,68.0,303.0,3.9,9.5,31.3,0.8,0.0,13.0,4.5,1.1,12.2,17.9,0.1,6.6,0.2,34.2,35.7,1.2,12.8,0,67,0,A01155,A01155_2020-03-20,0,2020-03-20
92.6,72.4,246.0,3.18,10.1,31.3,0.35,0.0,18.7,2.85,0.25,9.95,18.0,0.0,3.95,0.35,33.8,29.45,0.7,9.0,0,67,1,A01479,A01479_2020-03-20,0,2020-03-20
87.7,76.7,308.0,4.96,9.8,29.8,0.7,0.0,12.5,5.3,0.4,14.8,12.8,0.0,6.9,0.3,34.0,43.5,0.9,9.8,0,52,1,A00630,A00630_2020-03-20,0,2020-03-20
84.5,66.5,394.0,4.32,9.8,28.0,0.5,0.0,14.3,4.3,2.8,12.1,22.1,0.2,6.5,0.5,33.2,36.5,1.4,8.1,0,53,1,A00352,A00352_2020-03-20,0,2020-03-20
96.1,62.5,482.0,3.88,10.1,30.7,0.6,0.1,13.2,3.9,3.9,11.9,23.5,0.2,6.2,1.1,31.9,37.3,1.5,9.0,1,58,1,A00463,A00463_2020-03-20,0,2020-03-20
,,,,,,,,,,,,,,,,,,,,0,48,1,A00281,A00281_2020-03-20,0,2020-03-20
86.6,48.5,144.0,4.62,11.4,30.3,0.6,0.0,12.8,2.2,0.9,14.0,37.9,0.0,4.6,0.4,35.0,40.0,1.7,12.3,0,58,1,A01198,A01198_2020-03-20,0,2020-03-20
83.4,93.0,261.0,3.98,10.85,28.4,0.3,0.0,13.25,10.3,0.0,11.3,4.3,0.0,11.0,0.2,34.05,33.2,0.5,2.5,1,61,1,A00364,A00364_2020-03-20,0,2020-03-20
85.4,86.5,345.5,4.925000000000001,11.05,28.25,1.0,0.1,13.25,16.9,0.5,13.9,7.6,0.1,19.55,0.3,33.05,42.05,1.5,5.1,1,61,1,A01257,A01257_2020-03-20,0,2020-03-20
91.8,74.0,436.0,4.51,10.1,32.6,1.0,0.0,12.7,5.9,1.1,14.7,12.3,0.1,8.0,0.4,35.5,41.4,1.0,12.2,0,78,1,A00140,A00140_2020-03-20,0,2020-03-20
72.8,81.2,220.0,4.67,10.7,22.9,0.1,0.0,17.3,3.5,0.0,10.7,15.4,0.0,4.3,0.2,31.5,34.0,0.7,3.2,1,62,0,A01331,A01331_2020-03-20,0,2020-03-20
86.7,74.0,299.0,4.75,10.2,29.9,0.6,0.0,12.0,5.3,0.3,14.2,16.9,0.0,7.2,0.3,34.5,41.2,1.2,8.5,0,61,1,A00980,A00980_2020-03-20,0,2020-03-20
84.0,57.9,304.0,4.69,11.0,28.1,0.7,0.1,12.3,3.4,0.9,13.2,28.0,0.1,5.8,1.0,33.5,39.4,1.6,12.2,0,57,1,A00285,A00285_2020-03-20,0,2020-03-20
90.5,75.8,298.0,3.9,12.9,29.2,1.9,0.1,13.0,9.2,0.7,11.4,7.0,0.1,12.2,1.2,32.3,35.3,0.9,15.3,1,55,1,A01270,A01270_2020-03-20,0,2020-03-20
84.9,48.6,128.0,4.49,10.6,27.8,0.5,0.0,13.2,1.9,1.5,12.5,37.7,0.1,4.0,0.5,32.8,38.1,1.5,11.7,0,70,1,A01190,A01190_2020-03-20,0,2020-03-20
87.7,78.0,271.0,4.57,10.0,28.9,0.8,0.0,13.4,6.2,1.1,13.2,10.1,0.1,8.0,0.5,32.9,40.1,0.8,10.3,0,71,1,A01315,A01315_2020-03-20,0,2020-03-20
85.7,65.7,362.0,3.99,11.3,27.6,0.4,0.0,16.7,4.5,0.0,11.0,27.7,0.0,6.8,0.1,32.2,34.2,1.9,6.5,0,30,0,A00803,A00803_2020-03-20,0,2020-03-20
90.0,80.5,391.0,4.62,9.8,31.6,0.2,0.0,13.3,3.9,3.9,14.6,11.7,0.2,4.9,0.2,35.1,41.6,0.6,3.7,1,46,1,A00830,A00830_2020-03-20,0,2020-03-20
84.0,88.6,244.0,4.93,9.6,29.0,0.5,0.0,13.1,9.2,0.0,14.3,6.6,0.0,10.4,0.1,34.5,41.4,0.7,4.7,0,52,1,A01530,A01530_2020-03-20,0,2020-03-20
88.0,,84.66666666666667,3.563333333333333,11.03333333333333,30.13333333333334,,,14.16666666666667,,,10.73333333333333,,,9.000000000000002,,34.2,31.36666666666666,,,1,63,1,A00973,A00973_2020-03-20,0,2020-03-20
99.1,30.4,135.0,4.33,9.5,32.8,0.7,0.0,14.2,1.9,5.1,14.2,53.8,0.3,6.3,0.3,33.1,42.9,3.4,10.4,0,74,1,A01064,A01064_2020-03-20,0,2020-03-20
80.1,81.7,630.0,5.87,10.2,26.7,0.9,0.0,13.9,13.2,0.1,15.7,12.3,0.0,16.2,0.3,33.4,47.0,2.0,5.6,0,67,1,A00619,A00619_2020-03-20,0,2020-03-20
88.6,84.9,379.0,4.38,9.3,30.4,0.5,0.0,12.6,8.6,0.0,13.3,9.5,0.0,10.1,0.2,34.3,38.8,1.0,5.4,0,77,1,A00817,A00817_2020-03-20,0,2020-03-20
89.6,93.1,94.0,3.65,9.6,29.9,0.4,0.0,15.1,11.5,0.0,10.9,3.5,0.0,12.4,0.2,33.3,32.7,0.4,3.2,0,61,1,A01290,A01290_2020-03-20,0,2020-03-20
92.0,85.2,250.0,4.11,9.8,31.4,0.4,0.0,12.9,6.2,0.1,12.9,9.8,0.0,7.3,0.1,34.1,37.8,0.7,4.8,0,66,1,A01575,A01575_2020-03-20,0,2020-03-20
87.3,76.6,331.0,4.33,9.0,30.0,1.0,0.0,12.1,6.3,1.5,13.0,8.8,0.1,8.2,0.4,34.4,37.8,0.7,12.7,0,48,1,A01384,A01384_2020-03-20,0,2020-03-20
83.3,70.6,325.0,5.22,9.9,29.5,0.3,0.0,12.4,2.3,0.6,15.4,19.8,0.0,3.3,0.3,35.4,43.5,0.7,8.7,0,45,1,A01100,A01100_2020-03-20,0,2020-03-20
94.3,,428.0,5.06,9.7,31.4,,,14.1,,,15.9,,,9.0,,33.3,47.7,,,1,54,1,A01442,A01442_2020-03-20,0,2020-03-20
89.1,74.7,140.0,4.7,12.4,29.4,0.6,0.0,14.1,5.4,1.5,13.8,15.3,0.1,7.2,0.3,32.9,41.9,1.1,8.2,0,63,1,A00265,A00265_2020-03-20,0,2020-03-20
86.1,91.8,356.0,4.62,9.7,30.1,0.4,0.0,13.1,15.2,0.0,13.9,5.6,0.0,16.6,0.2,34.9,39.8,0.9,2.4,0,56,1,A01547,A01547_2020-03-20,0,2020-03-20
88.0,58.4,473.0,4.4,10.1,30.0,0.6,0.1,12.0,5.7,1.3,13.2,33.4,0.1,9.7,0.8,34.1,38.7,3.2,6.1,0,43,0,A01428,A01428_2020-03-20,0,2020-03-20
97.8,67.6,290.0,3.17,10.1,32.8,1.0,0.0,12.1,5.5,1.7,10.4,18.1,0.1,8.2,0.4,33.5,31.0,1.5,12.2,0,66,1,A00015,A00015_2020-03-20,0,2020-03-20
88.3,77.9,260.0,4.77,9.6,29.6,0.6,0.0,11.8,3.8,0.6,14.1,9.4,0.0,4.9,0.0,33.5,42.1,0.5,12.1,0,77,1,A00228,A00228_2020-03-20,0,2020-03-20
83.30000000000001,81.5,470.0,4.515000000000001,10.0,28.7,0.85,0.0,12.5,10.9,0.1,12.95,11.95,0.0,13.3,0.15,34.45,37.6,1.55,6.3,0,63,1,A01125,A01125_2020-03-20,0,2020-03-20
84.7,86.6,274.0,4.57,11.0,28.2,0.3,0.0,14.3,10.0,0.0,12.9,10.4,0.0,11.6,0.1,33.3,38.7,1.2,2.9,0,49,1,A01483,A01483_2020-03-20,0,2020-03-20
104.5,80.5,158.0,3.54,11.1,32.2,2.1,0.1,14.6,26.8,2.9,11.4,10.1,1.0,33.3,0.2,30.8,37.0,3.4,6.3,1,79,1,A00907,A00907_2020-03-20,0,2020-03-20
90.0,87.4,270.0,4.19,10.2,31.0,0.4,0.0,12.6,10.9,0.0,13.0,9.4,0.0,12.5,0.2,34.5,37.7,1.2,3.0,0,56,1,A00722,A00722_2020-03-20,0,2020-03-20
87.9,70.5,105.0,5.69,11.8,29.9,0.6,0.0,12.7,3.4,0.0,17.0,17.7,0.0,4.8,0.2,34.0,50.0,0.8,11.6,0,58,1,A00545,A00545_2020-03-20,0,2020-03-20
84.9,61.9,189.0,4.58,9.7,28.8,0.7,0.0,12.9,4.3,0.0,13.2,27.2,0.0,6.92,0.1,33.9,38.9,1.9,10.8,0,67,1,A01476,A01476_2020-03-20,0,2020-03-20
85.7,62.1,231.0,5.23,10.0,28.9,0.7,0.0,12.5,2.9,0.2,15.1,23.1,0.0,4.6,0.4,33.7,44.8,1.1,14.2,0,37,1,A00773,A00773_2020-03-20,0,2020-03-20
91.4,90.7,172.0,4.41,10.9,29.7,0.3,0.0,12.0,6.2,1.2,13.1,4.0,0.1,6.8,0.3,32.5,40.3,0.3,3.8,1,57,1,A01443,A01443_2020-03-20,0,2020-03-20
75.9,63.3,274.0,5.57,9.7,24.8,0.4,0.0,13.9,3.2,0.6,13.8,28.1,0.0,5.0,0.2,32.6,42.3,1.4,7.8,0,48,1,A00246,A00246_2020-03-20,0,2020-03-20
83.6,76.4,233.0,5.19,9.5,29.1,0.2,0.0,12.2,3.1,0.3,15.1,17.5,0.0,4.0,0.0,34.8,43.4,0.7,5.8,0,62,1,A00527,A00527_2020-03-20,0,2020-03-20
87.3,76.9,258.0,3.93,10.7,29.0,1.0,0.0,18.0,9.5,1.8,11.4,13.4,0.2,12.4,0.2,33.2,34.3,1.7,7.7,1,78,1,A01005,A01005_2020-03-20,0,2020-03-20
93.8,83.0,197.0,5.01,9.6,29.3,0.5,0.0,15.2,7.1,1.3,14.7,9.5,0.1,8.5,0.4,31.3,47.0,0.8,5.8,0,77,1,A00198,A00198_2020-03-20,0,2020-03-20
104.4,85.1,196.0,2.51,10.5,32.7,0.6,0.1,15.4,16.8,0.4,8.2,11.1,0.1,19.8,0.6,31.3,26.2,2.2,2.8,0,85,1,A01671,A01671_2020-03-20,0,2020-03-20
89.7,45.5,167.0,4.08,11.3,30.9,0.5,0.0,11.5,2.4,2.5,12.6,42.6,0.1,5.3,0.8,34.4,36.6,2.3,8.6,0,46,1,A01073,A01073_2020-03-20,0,2020-03-20
87.8,73.4,298.0,3.62,10.2,30.7,0.4,0.0,12.6,3.8,0.4,11.1,18.3,0.0,5.2,0.0,34.9,31.8,1.0,7.9,0,77,0,A01143,A01143_2020-03-20,0,2020-03-20
88.8,41.5,50.0,3.76,13.4,29.5,1.4,0.0,14.4,1.5,0.0,11.1,19.3,0.0,3.5,0.3,33.2,33.4,0.7,38.9,0,90,1,A00882,A00882_2020-03-20,0,2020-03-20
96.6,85.5,176.0,4.16,12.1,31.5,0.4,0.0,12.7,9.1,0.0,13.1,10.3,0.0,10.7,0.1,32.6,40.2,1.1,4.1,0,56,0,A00314,A00314_2020-03-20,0,2020-03-20
87.4,88.7,169.0,4.685,9.95,28.5,0.2,0.0,13.9,5.7,0.0,13.35,8.7,0.0,6.550000000000001,0.0,32.59999999999999,40.95,0.6,2.6,1,59,0,A01358,A01358_2020-03-20,0,2020-03-20
89.0,49.0,121.0,3.9,10.6,30.5,0.3,0.0,12.5,1.9,0.0,11.9,41.8,0.0,3.9,0.3,34.3,34.7,1.6,8.9,0,81,0,A01305,A01305_2020-03-20,0,2020-03-20
89.3,86.0,228.0,4.2,9.5,29.0,0.4,0.0,14.0,5.2,0.0,12.2,7.0,0.0,6.0,0.0,32.5,37.5,0.4,7.0,0,93,0,A01686,A01686_2020-03-21,0,2020-03-21
93.9,86.1,417.0,3.74,10.7,31.6,0.3,0.1,14.0,12.4,1.5,11.8,9.2,0.2,14.4,0.8,33.6,35.1,1.3,2.4,1,54,1,A01478,A01478_2020-03-21,0,2020-03-21
91.0,74.4,262.0,4.88,10.9,30.9,0.4,0.0,12.1,5.4,0.1,15.1,19.1,0.0,7.2,0.3,34.0,44.4,1.4,6.1,0,68,0,A00310,A00310_2020-03-21,0,2020-03-21
93.8,80.5,233.0,5.02,10.2,28.9,1.1,0.1,13.3,17.4,0.1,14.5,13.8,0.0,21.6,0.3,30.8,47.1,3.0,5.3,0,74,1,A00891,A00891_2020-03-21,0,2020-03-21
86.1,63.6,330.0,4.39,9.5,28.5,0.5,0.0,12.9,3.6,0.2,12.5,26.0,0.0,5.6,0.4,33.1,37.8,1.5,9.8,0,55,1,A01427,A01427_2020-03-21,0,2020-03-21
82.7,91.0,172.0,5.09,10.9,28.3,0.1,0.0,13.3,5.2,0.0,14.4,8.0,0.0,5.7,0.0,34.2,42.1,0.5,1.0,0,49,1,A00359,A00359_2020-03-21,0,2020-03-21
89.5,63.6,609.0,4.4,8.6,29.1,1.3,0.1,14.0,6.0,2.9,12.8,19.1,0.3,9.4,0.6,32.5,39.4,1.8,13.8,1,49,1,A00084,A00084_2020-03-21,0,2020-03-21
87.5,77.1,619.0,4.31,11.2,26.0,1.1,0.0,17.2,6.8,2.1,11.2,8.0,0.2,8.8,0.3,29.7,37.7,0.7,12.5,1,61,1,A01628,A01628_2020-03-21,0,2020-03-21
83.8,75.0,340.0,4.94,9.6,28.7,0.5,0.0,12.8,5.9,0.5,14.2,18.5,0.0,7.9,0.3,34.3,41.4,1.5,5.7,0,52,1,A01330,A01330_2020-03-21,0,2020-03-21
87.6,84.5,242.0,4.58,9.7,29.7,0.4,0.0,13.1,7.8,1.3,13.6,9.3,0.1,9.2,0.1,33.9,40.1,0.9,4.8,1,52,1,A00123,A00123_2020-03-21,0,2020-03-21
85.2,80.3,121.0,4.92,10.7,28.7,0.3,0.0,12.7,4.5,0.0,14.1,14.7,0.0,5.6,0.2,33.7,41.9,0.8,4.8,0,86,1,A01437,A01437_2020-03-21,0,2020-03-21
91.4,76.9,286.0,4.3,10.3,31.9,0.4,0.0,12.9,4.6,1.0,13.7,15.3,0.1,6.0,0.2,34.9,39.3,0.9,6.6,0,66,1,A01575,A01575_2020-03-21,0,2020-03-21
80.0,84.1,217.0,3.8,11.9,27.1,1.1,0.0,16.1,12.3,1.2,10.3,7.4,0.2,14.6,0.1,33.9,30.4,1.1,7.2,1,70,1,A00668,A00668_2020-03-21,0,2020-03-21
94.25,85.0,84.0,3.91,11.45,32.35,0.3,0.0,13.4,4.8,0.0,12.65,10.0,0.0,5.3,0.0,34.34999999999999,36.85,0.6,5.0,0,85,1,A01326,A01326_2020-03-21,0,2020-03-21
79.2,89.0,372.0,4.61,9.1,26.5,0.8,0.0,13.4,14.8,0.0,12.2,6.0,0.0,16.6,0.0,33.4,36.5,1.0,5.0,0,58,0,A00251,A00251_2020-03-21,0,2020-03-21
94.3,81.8,187.0,4.36,10.6,32.1,0.4,0.0,12.5,5.7,0.4,14.0,11.2,0.0,7.0,0.3,34.1,41.1,0.8,6.3,0,56,1,A00012,A00012_2020-03-21,0,2020-03-21
82.2,78.3,170.0,5.16,9.9,27.7,0.4,0.0,13.1,4.9,0.3,14.3,14.6,0.0,6.2,0.3,33.7,42.4,0.9,6.5,0,55,0,A00179,A00179_2020-03-21,0,2020-03-21
92.6,90.0,321.0,4.18,10.3,30.4,0.2,0.0,14.0,9.6,1.3,12.7,6.7,0.1,10.7,0.4,32.8,38.7,0.7,1.6,1,67,1,A00349,A00349_2020-03-21,0,2020-03-21
83.5,66.0,355.0,5.4,10.5,28.1,1.0,0.0,12.8,5.3,2.0,15.2,20.0,0.2,8.1,0.0,33.7,45.1,1.6,12.0,0,46,1,A00564,A00564_2020-03-21,0,2020-03-21
80.0,84.1,217.0,3.8,11.9,27.1,1.1,0.0,16.1,12.3,1.2,10.3,7.4,0.2,14.6,0.1,33.9,30.4,1.1,7.2,1,71,0,A00667,A00667_2020-03-21,0,2020-03-21
59.3,,215.0,6.8,,18.2,,,18.6,,,12.4,,,9.6,,30.8,40.3,,,1,65,1,A00507,A00507_2020-03-21,0,2020-03-21
86.55000000000001,85.2,321.0,4.755000000000001,11.15,28.65,0.9,0.1,13.55,15.3,0.8,13.6,8.6,0.1,18.05,0.3,33.05,41.15,1.5,5.1,1,61,1,A01257,A01257_2020-03-21,0,2020-03-21
85.7,67.4,288.0,4.69,10.6,28.8,0.4,0.0,12.7,3.5,0.6,13.5,23.7,0.0,5.2,0.2,33.6,40.2,1.2,8.1,0,63,1,A00219,A00219_2020-03-21,0,2020-03-21
95.8,83.5,159.0,3.34,10.3,30.5,0.6,0.2,19.2,15.4,0.7,10.2,11.8,0.1,18.5,0.9,31.9,32.0,2.2,3.1,0,85,1,A01671,A01671_2020-03-21,0,2020-03-21
100.5,32.4,290.0,4.23,10.0,34.3,0.3,0.0,12.1,0.7,1.3,14.5,49.3,0.0,2.2,1.3,34.1,42.5,1.1,15.7,0,61,1,A00869,A00869_2020-03-21,0,2020-03-21
92.2,90.9,106.0,3.44,10.7,30.2,1.1,0.1,14.0,19.0,0.4,10.4,3.1,0.1,20.9,0.3,32.8,31.7,0.6,5.3,1,79,1,A00907,A00907_2020-03-21,0,2020-03-21
79.9,80.8,299.0,4.77,9.2,27.0,0.4,0.0,15.5,7.5,0.2,12.9,15.0,0.0,9.3,0.0,33.9,38.1,1.4,4.0,0,68,1,A01102,A01102_2020-03-21,0,2020-03-21
92.1,81.2,240.0,4.16,12.1,29.3,2.4,0.0,15.1,19.2,1.9,12.2,6.7,0.5,23.7,0.2,31.9,38.3,1.6,10.0,1,70,0,A01393,A01393_2020-03-21,0,2020-03-21
84.19999999999999,83.9,334.5,4.6,12.0,26.65,0.9,0.1,15.7,13.0,0.3,12.25,9.2,0.0,15.6,0.5,31.6,38.75,1.4,6.1,1,65,1,A01029,A01029_2020-03-21,0,2020-03-21
83.4,89.0,122.0,4.28,10.9,29.9,0.3,0.0,13.4,6.0,0.0,12.8,6.0,0.0,6.7,0.0,35.9,35.7,0.4,4.0,0,61,1,A00315,A00315_2020-03-21,0,2020-03-21
95.4,84.0,218.0,3.27,11.6,29.7,0.2,0.0,15.0,5.5,1.0,9.7,10.0,0.1,6.5,0.0,31.1,31.2,0.7,3.0,0,74,1,A00102,A00102_2020-03-21,0,2020-03-21
89.6,74.8,448.0,4.89,9.6,30.3,1.1,0.0,12.6,6.4,0.0,14.8,11.9,0.0,8.5,0.1,33.8,43.8,1.0,13.2,0,68,1,A00336,A00336_2020-03-21,0,2020-03-21
83.0,78.8,152.0,5.46,10.7,28.0,0.2,0.0,12.6,2.8,0.0,15.3,16.1,0.0,3.6,0.3,33.8,45.3,0.6,4.8,0,47,1,A00374,A00374_2020-03-21,0,2020-03-21
88.4,92.0,181.0,4.91,10.1,27.9,0.1,0.0,15.4,7.5,0.0,13.7,7.0,0.0,8.1,0.0,31.6,43.4,0.6,1.0,0,81,0,A01429,A01429_2020-03-21,0,2020-03-21
88.2,66.9,105.0,4.56,11.6,32.5,0.5,0.0,11.0,3.4,0.0,14.8,22.4,0.0,5.1,0.2,36.8,40.2,1.1,10.5,0,57,1,A00663,A00663_2020-03-21,0,2020-03-21
94.3,81.8,187.0,4.36,10.6,32.1,0.4,0.0,12.5,5.7,0.4,14.0,11.2,0.0,7.0,0.3,34.1,41.1,0.8,6.3,0,62,1,A00055,A00055_2020-03-21,0,2020-03-21
94.6,89.3,168.0,4.99,10.8,30.9,0.2,0.0,12.3,5.9,1.4,15.4,6.0,0.1,6.6,0.3,32.6,47.2,0.4,3.0,1,46,1,A00594,A00594_2020-03-21,0,2020-03-21
83.2,86.7,323.0,4.52,11.0,28.3,0.2,0.0,12.3,5.1,0.3,12.8,9.4,0.0,5.9,0.2,34.0,37.6,0.6,3.4,0,54,1,A01363,A01363_2020-03-21,0,2020-03-21
102.0,88.9,208.0,4.07,10.4,32.9,0.7,0.0,14.4,12.1,0.1,13.4,5.6,0.0,13.6,0.3,32.3,41.5,0.8,5.1,0,41,0,A00569,A00569_2020-03-21,0,2020-03-21
87.80000000000001,79.80000000000001,185.5,4.3825,11.275,30.95,0.8500000000000001,0.0,12.025,9.55,0.1,13.55,12.8,0.0,11.75,0.25,35.2,38.475,1.5,7.05,0,56,1,A00509,A00509_2020-03-21,0,2020-03-21
88.5,80.1,300.0,3.83,9.3,28.7,0.5,0.0,13.0,6.1,2.4,11.0,10.5,0.2,7.6,0.4,32.4,33.9,0.8,6.6,1,61,0,A01144,A01144_2020-03-21,0,2020-03-21
93.5,76.9,423.5,4.925,9.35,30.35,1.1,0.1,14.2,7.5,1.8,14.95,9.4,0.2,9.8,0.8,32.45,46.05,0.9,11.1,1,54,1,A01442,A01442_2020-03-21,0,2020-03-21
89.5,64.0,225.0,4.87,10.3,32.0,0.7,0.0,12.2,5.2,0.0,15.6,27.0,0.0,8.2,0.0,35.8,43.6,2.2,9.0,0,61,1,A00682,A00682_2020-03-21,0,2020-03-21
86.7,94.0,174.0,4.52,10.8,29.6,0.0,0.0,14.9,10.0,0.0,13.4,6.0,0.0,10.6,0.0,34.2,39.2,0.6,0.0,1,61,1,A01161,A01161_2020-03-21,0,2020-03-21
89.0,60.5,254.0,4.01,11.0,30.4,0.6,0.0,11.9,5.3,2.2,12.2,30.2,0.2,8.7,0.3,34.2,35.7,2.6,6.8,0,73,0,A00871,A00871_2020-03-21,0,2020-03-21
83.3,90.0,344.5,3.74,10.95,28.6,0.1,0.0,13.55,9.0,0.0,10.7,7.0,0.0,10.05,0.0,34.35,31.15,0.7,1.0,1,61,1,A00364,A00364_2020-03-21,0,2020-03-21
91.2,88.4,429.0,4.75,10.9,29.5,0.3,0.0,14.4,8.9,0.0,14.0,8.4,0.0,10.1,0.2,32.3,43.3,0.8,3.0,0,59,1,A01280,A01280_2020-03-21,0,2020-03-21
86.7,48.3,179.0,5.34,11.2,28.7,1.1,0.0,13.2,2.9,2.5,15.3,30.5,0.2,6.0,0.7,33.0,46.3,1.8,18.0,0,75,1,A00275,A00275_2020-03-21,0,2020-03-21
85.0,84.5,276.0,6.21,10.5,29.6,0.3,0.0,13.7,6.8,3.4,18.4,7.6,0.3,8.0,0.4,34.8,52.8,0.6,4.1,0,56,1,A00050,A00050_2020-03-21,0,2020-03-21
91.9,83.5,156.0,4.69,11.2,29.9,0.3,0.0,12.3,5.2,1.1,14.0,9.3,0.1,6.2,0.7,32.5,43.1,0.6,5.4,1,57,1,A01443,A01443_2020-03-21,0,2020-03-21
91.5,76.3,266.0,3.65,12.7,30.1,1.7,0.1,12.7,9.8,2.8,11.0,6.6,0.4,12.9,0.9,32.9,33.4,0.9,13.4,1,55,1,A01270,A01270_2020-03-21,0,2020-03-21
84.4,71.85,287.5,4.605,10.75,28.1,0.6499999999999999,0.0,13.15,4.8,0.5,12.95,17.65,0.0,6.7,0.15,33.35,38.85,1.2,9.85,0,60,0,A01083,A01083_2020-03-21,0,2020-03-21
92.5,86.0,336.0,2.81,10.4,30.2,1.1,0.1,16.2,11.1,0.9,8.5,4.2,0.1,12.9,0.5,32.7,26.0,0.5,8.4,1,61,1,A01084,A01084_2020-03-21,0,2020-03-21
89.3,58.7,194.0,5.53,11.0,29.3,0.7,0.0,13.5,4.6,4.2,16.2,27.9,0.3,7.8,0.6,32.8,49.4,2.2,8.6,0,56,1,A00250,A00250_2020-03-21,0,2020-03-21
83.3,63.2,185.0,4.9,9.9,28.0,0.4,0.0,13.0,2.5,0.0,13.7,25.4,0.0,4.0,0.2,33.6,40.8,1.0,11.2,0,56,1,A00870,A00870_2020-03-21,0,2020-03-21
86.2,77.0,229.0,4.2,10.0,29.8,0.6,0.0,12.6,5.0,0.2,12.5,12.8,0.0,6.5,0.2,34.5,36.2,0.8,9.8,0,67,0,A00568,A00568_2020-03-21,0,2020-03-21
85.7,67.4,288.0,4.69,10.6,28.8,0.4,0.0,12.7,3.5,0.6,13.5,23.7,0.0,5.2,0.2,33.6,40.2,1.2,8.1,0,48,1,A00281,A00281_2020-03-21,0,2020-03-21
100.7,75.0,239.0,3.06,9.2,33.7,1.4,0.0,13.4,9.5,1.0,10.3,13.0,0.1,12.7,0.0,33.4,30.8,1.7,11.0,0,97,1,A00885,A00885_2020-03-21,0,2020-03-21
91.8,61.2,196.0,4.53,10.5,31.3,0.3,0.0,11.3,2.2,0.0,14.2,29.0,0.0,3.6,0.6,34.1,41.6,1.0,9.2,0,46,0,A00121,A00121_2020-03-21,0,2020-03-21
93.8,84.7,616.0,3.06,11.1,31.7,0.9,0.0,13.7,12.9,0.0,9.7,8.9,0.0,15.2,0.2,33.8,28.7,1.4,6.2,0,79,1,A01364,A01364_2020-03-21,0,2020-03-21
81.4,80.5,250.0,4.31,11.0,28.3,0.3,0.0,12.1,5.3,0.2,12.2,13.9,0.0,6.6,0.3,34.8,35.1,0.9,5.1,0,62,1,A00895,A00895_2020-03-21,0,2020-03-21
87.4,85.0,227.0,4.53,9.8,29.6,0.3,0.0,12.5,5.0,0.0,13.4,10.0,0.0,5.9,0.2,33.8,39.6,0.6,4.8,0,78,0,A00931,A00931_2020-03-21,0,2020-03-21
89.7,,68.33333333333333,3.51,11.7,29.83333333333333,,,14.7,,,10.46666666666667,,,10.06666666666667,,33.23333333333334,31.46666666666667,,,1,63,1,A00973,A00973_2020-03-21,0,2020-03-21
87.6,85.8,345.0,2.9,11.4,28.6,0.7,0.0,14.7,8.5,0.1,8.3,6.5,0.0,9.9,0.3,32.7,25.4,0.6,7.3,1,56,0,A00827,A00827_2020-03-21,0,2020-03-21
90.7,,157.0,4.54,11.4,30.8,,,13.2,,,14.0,,,9.1,,34.0,41.2,,,1,72,1,A01289,A01289_2020-03-21,0,2020-03-21
94.7,60.2,510.0,3.96,9.6,31.3,0.8,0.1,13.2,4.3,3.8,12.4,23.3,0.3,7.2,1.0,33.1,37.5,1.7,11.7,1,18,1,A00298,A00298_2020-03-21,0,2020-03-21
93.0,59.1,218.0,4.26,11.3,30.8,1.0,0.0,14.0,3.7,2.5,13.1,21.9,0.2,6.3,0.3,33.1,39.6,1.4,16.2,0,88,0,A00972,A00972_2020-03-21,0,2020-03-21
82.2,67.2,255.0,5.38,10.4,28.4,1.0,0.0,12.4,5.0,1.7,15.3,17.6,0.1,7.5,0.3,34.6,44.2,1.3,13.2,0,47,1,A01485,A01485_2020-03-21,0,2020-03-21
82.6,72.6,367.0,4.47,9.6,28.0,0.4,0.0,14.3,3.8,1.2,12.5,19.2,0.1,5.2,0.0,33.9,36.9,1.0,7.0,0,70,1,A00059,A00059_2020-03-21,0,2020-03-21
90.2,45.9,133.0,4.39,10.7,30.1,0.2,0.0,12.5,1.5,0.0,13.2,46.8,0.0,3.2,0.3,33.3,39.6,1.5,7.0,0,57,0,A00396,A00396_2020-03-21,0,2020-03-21
89.6,76.7,415.0,4.99,9.5,32.5,0.3,0.0,13.3,4.0,3.5,16.2,12.7,0.2,5.2,0.4,36.2,44.7,0.7,6.7,1,46,1,A00830,A00830_2020-03-21,0,2020-03-21
86.1,79.1,169.0,5.24,11.4,29.8,0.4,0.0,13.2,5.0,0.0,15.6,15.1,0.0,6.3,0.2,34.6,45.1,1.0,5.6,0,65,1,A01350,A01350_2020-03-21,0,2020-03-21
82.75,,281.5,4.71,9.35,27.5,,,17.15,,,12.95,,,7.85,,33.25,38.95,,,1,76,1,A00986,A00986_2020-03-21,0,2020-03-21
96.6,77.4,208.0,4.72,13.0,29.7,0.6,0.1,14.6,7.7,2.0,14.0,13.6,0.2,10.0,0.8,30.7,45.6,1.4,6.2,1,61,1,A00900,A00900_2020-03-21,0,2020-03-21
85.9,72.0,143.0,5.53,10.9,29.1,0.3,0.0,12.6,3.2,0.0,16.1,21.8,0.0,4.4,0.2,33.9,47.5,1.0,6.0,0,58,1,A01062,A01062_2020-03-21,0,2020-03-21
95.9,79.0,428.0,4.17,10.0,33.3,0.8,0.0,13.0,7.7,0.0,13.9,12.0,0.0,9.8,0.0,34.8,40.0,1.2,8.0,1,43,0,A01071,A01071_2020-03-21,1,2020-03-21
67.3,81.0,324.0,5.62,11.4,21.9,0.7,0.0,21.3,7.7,0.0,12.3,11.5,0.0,9.5,0.1,32.5,37.8,1.1,7.4,0,68,1,A01657,A01657_2020-03-21,0,2020-03-21
88.2,80.3,173.0,4.73,10.4,28.8,0.2,0.0,14.1,3.5,1.6,13.6,13.8,0.1,4.4,0.2,32.6,41.7,0.6,4.1,1,59,0,A01358,A01358_2020-03-21,0,2020-03-21
85.8,69.0,189.0,4.5,10.7,30.0,0.5,0.0,12.6,3.5,0.0,13.5,20.4,0.0,5.0,0.4,35.0,38.6,1.0,10.2,0,70,0,A00153,A00153_2020-03-21,0,2020-03-21
83.4,74.7,124.0,5.0,10.0,29.2,0.3,0.0,12.3,3.4,0.0,14.6,17.7,0.0,4.6,0.2,35.0,41.7,0.8,7.4,0,68,0,A01674,A01674_2020-03-21,0,2020-03-21
89.5,61.3,318.0,4.19,11.9,27.2,0.7,0.2,15.1,6.2,3.1,11.4,27.5,0.3,10.1,1.6,30.4,37.5,2.8,6.5,0,41,1,A00367,A00367_2020-03-21,0,2020-03-21
85.55000000000001,78.05,219.5,4.815,9.75,29.25,0.3,0.0,13.25,4.35,0.2,14.1,16.3,0.0,5.55,0.2,34.25,41.2,0.9,5.25,1,62,1,A01435,A01435_2020-03-21,0,2020-03-21
83.4,74.7,124.0,5.0,10.0,29.2,0.3,0.0,12.3,3.4,0.0,14.6,17.7,0.0,4.6,0.2,35.0,41.7,0.8,7.4,0,76,1,A01677,A01677_2020-03-21,0,2020-03-21
87.5,66.4,205.0,4.8,10.7,30.6,0.8,0.0,11.9,4.6,0.0,14.7,21.6,0.0,6.9,0.3,35.0,42.0,1.5,11.7,0,52,1,A01132,A01132_2020-03-21,0,2020-03-21
92.8,86.4,233.0,4.44,12.4,30.2,0.4,0.2,14.7,10.5,1.5,13.4,7.3,0.2,12.1,1.6,32.5,41.2,0.9,3.2,1,58,1,A00463,A00463_2020-03-21,0,2020-03-21
91.44999999999999,84.9,368.0,3.92,9.9,29.85,0.8,0.1,12.95,10.7,2.1,11.7,5.8,0.3,12.3,0.6,32.65,35.84999999999999,0.7,6.6,1,71,1,A00165,A00165_2020-03-21,0,2020-03-21
85.3,85.3,363.0,4.49,10.2,28.7,0.6,0.1,14.0,7.7,0.2,12.9,7.4,0.0,9.0,0.6,33.7,38.3,0.7,6.5,0,80,1,A00693,A00693_2020-03-21,0,2020-03-21
84.6,79.8,182.0,4.28,10.1,27.6,0.4,0.0,13.4,4.6,0.7,11.8,12.7,0.0,5.8,0.2,32.6,36.2,0.7,6.6,0,85,0,A01099,A01099_2020-03-21,0,2020-03-21
84.0,72.5,287.0,4.3,9.8,28.4,0.6,0.0,13.2,4.2,0.0,12.2,16.5,0.0,5.8,0.2,33.8,36.1,1.0,10.8,0,80,0,A00249,A00249_2020-03-21,0,2020-03-21
96.4,66.1,308.0,3.3,10.1,30.9,1.1,0.0,12.0,5.9,1.5,10.2,19.6,0.1,8.9,0.3,32.1,31.8,1.7,12.5,0,66,1,A00015,A00015_2020-03-21,0,2020-03-21
81.8,78.2,163.0,5.06,11.1,27.1,0.2,0.0,14.3,4.1,0.0,13.7,17.4,0.0,5.2,0.0,33.1,41.4,0.9,4.4,0,32,1,A00876,A00876_2020-03-21,0,2020-03-21
88.0,77.6,292.0,4.68,10.1,30.6,0.8,0.0,12.3,6.2,0.0,14.3,12.9,0.0,8.0,0.1,34.7,41.2,1.0,9.4,0,65,0,A00218,A00218_2020-03-22,0,2020-03-22
90.0,,52.0,3.516666666666667,11.73333333333333,30.36666666666666,,,14.83333333333333,,,10.66666666666667,,,11.2,,33.7,31.63333333333334,,,1,63,1,A00973,A00973_2020-03-22,0,2020-03-22
88.3,72.0,285.0,5.04,10.6,30.2,0.6,0.0,12.6,5.2,1.5,15.2,18.4,0.1,7.2,0.4,34.2,44.5,1.3,7.7,0,79,1,A01624,A01624_2020-03-22,0,2020-03-22
84.2,63.5,186.0,4.74,9.8,28.7,0.4,0.0,13.3,2.1,0.0,13.6,24.2,0.0,3.3,0.3,34.1,39.9,0.8,12.0,0,56,1,A00870,A00870_2020-03-22,0,2020-03-22
88.0,,360.0,5.01,11.2,29.1,,,13.7,,,14.6,,,18.8,,33.1,44.1,,,1,61,1,A01257,A01257_2020-03-22,0,2020-03-22
91.7,,474.0,4.72,8.9,30.5,,,12.8,,,14.4,,,8.9,,33.3,43.3,,,0,65,1,A00230,A00230_2020-03-22,0,2020-03-22
88.1,86.8,369.0,4.44,10.1,30.0,0.2,0.0,13.4,6.1,0.0,13.3,10.2,0.0,7.0,0.1,34.0,39.1,0.7,2.9,0,60,0,A01032,A01032_2020-03-22,0,2020-03-22
88.9,64.3,408.0,4.23,9.2,29.3,0.9,0.0,13.3,4.4,2.2,12.4,19.0,0.1,6.8,0.6,33.0,37.6,1.3,13.9,0,62,1,A00138,A00138_2020-03-22,0,2020-03-22
84.1,82.8,200.0,5.02,10.2,29.7,0.5,0.0,12.3,6.2,0.1,14.9,9.8,0.0,7.5,0.1,35.3,42.2,0.7,7.2,0,76,1,A01677,A01677_2020-03-22,0,2020-03-22
73.6,79.1,364.0,5.16,10.0,26.2,0.6,0.0,14.7,8.9,0.0,13.5,15.7,0.0,11.2,0.2,35.5,38.0,1.8,5.0,0,31,0,A00548,A00548_2020-03-22,0,2020-03-22
85.8,77.5,308.0,4.36,10.1,29.6,0.8,0.0,12.3,5.3,0.3,12.9,11.1,0.0,6.9,0.1,34.5,37.4,0.8,11.0,0,67,0,A00568,A00568_2020-03-22,0,2020-03-22
94.5,84.4,252.0,4.17,12.5,30.0,0.5,0.0,15.2,8.4,1.1,12.5,8.6,0.1,9.9,0.5,31.7,39.4,0.9,5.4,1,58,1,A00463,A00463_2020-03-22,0,2020-03-22
85.3,,329.0,4.83,12.0,26.5,,,15.4,,,12.8,,,20.6,,31.1,41.2,,,1,65,1,A01029,A01029_2020-03-22,1,2020-03-22
86.1,78.2,242.0,4.83,9.2,30.6,0.5,0.0,11.2,4.0,0.0,14.8,10.9,0.0,5.1,0.2,35.6,41.6,0.6,10.7,0,67,1,A00643,A00643_2020-03-22,0,2020-03-22
86.5,84.7,270.0,4.8,11.3,30.8,1.0,0.0,11.9,10.5,0.1,14.8,7.0,0.0,12.4,0.2,35.7,41.5,0.9,8.0,0,55,1,A01181,A01181_2020-03-22,0,2020-03-22
78.5,84.4,435.0,3.82,9.7,27.0,0.6,0.0,14.5,7.5,0.0,10.3,8.9,0.0,8.9,0.2,34.3,30.0,0.8,6.5,0,75,0,A01513,A01513_2020-03-22,0,2020-03-22
80.5,75.6,235.0,4.93,10.9,27.6,1.7,0.0,15.9,9.2,0.8,13.6,9.6,0.1,12.2,0.3,34.3,39.7,1.2,13.7,0,79,1,A00853,A00853_2020-03-22,0,2020-03-22
84.8,59.3,285.0,5.0,10.6,28.6,0.8,0.0,12.5,3.3,2.7,14.3,23.1,0.2,5.6,0.2,33.7,42.4,1.3,14.7,0,47,1,A01485,A01485_2020-03-22,0,2020-03-22
90.0,47.0,135.0,5.61,10.6,30.8,0.4,0.0,13.2,1.7,0.3,17.3,39.8,0.0,3.6,0.5,34.3,50.5,1.4,12.4,0,63,1,A00287,A00287_2020-03-22,0,2020-03-22
76.9,80.1,123.0,5.27,11.7,25.8,0.2,0.0,12.8,3.6,0.0,13.6,15.9,0.0,4.5,0.0,33.6,40.5,0.7,4.0,0,58,0,A00851,A00851_2020-03-22,0,2020-03-22
88.8,67.8,194.0,4.21,11.2,30.9,0.7,0.1,12.1,6.1,0.8,13.0,22.6,0.1,9.0,0.7,34.8,37.4,2.0,8.1,0,56,1,A00509,A00509_2020-03-22,0,2020-03-22
93.2,77.9,279.0,3.96,11.2,31.8,1.2,0.1,13.4,9.0,0.0,12.6,11.1,0.0,11.5,0.6,34.1,36.9,1.3,10.4,0,34,1,A01367,A01367_2020-03-22,0,2020-03-22
82.45,,270.0,4.484999999999999,9.05,27.1,,,16.95,,,12.15,,,10.55,,32.90000000000001,36.95,,,1,76,1,A00986,A00986_2020-03-22,0,2020-03-22
87.6,72.5,627.0,4.2,11.5,26.4,1.0,0.0,17.2,6.0,4.4,11.1,10.8,0.4,8.3,0.5,30.2,36.8,0.9,11.8,1,61,1,A01628,A01628_2020-03-22,0,2020-03-22
90.0,66.9,671.0,4.78,8.7,30.1,1.6,0.1,13.9,7.0,2.8,14.4,14.0,0.3,10.4,0.8,33.5,43.0,1.5,15.5,1,49,1,A00084,A00084_2020-03-22,0,2020-03-22
85.5,74.4,124.0,5.11,10.3,29.5,0.3,0.0,13.1,2.8,0.0,15.1,19.0,0.0,3.8,0.0,34.6,43.7,0.7,6.6,0,76,1,A00381,A00381_2020-03-22,0,2020-03-22
95.0,96.2,116.0,3.83,9.2,32.1,0.2,0.0,15.6,9.9,0.0,12.3,1.8,0.0,10.3,0.1,33.8,36.4,0.2,1.9,0,76,1,A00078,A00078_2020-03-22,0,2020-03-22
90.6,87.4,201.0,4.37,10.3,32.3,0.6,0.0,13.1,8.3,0.0,14.1,6.0,0.0,9.5,0.1,35.6,39.6,0.6,6.5,0,68,1,A00854,A00854_2020-03-22,0,2020-03-22
91.3,91.0,433.0,5.11,9.9,31.2,0.75,0.0,12.45,12.95,0.0,15.95,3.2,0.0,14.2,0.25,34.2,46.65,0.45,5.55,0,80,1,A00341,A00341_2020-03-22,0,2020-03-22
72.4,87.6,286.0,4.85,10.0,22.7,0.3,0.0,17.5,6.8,0.0,11.0,8.8,0.0,7.8,0.3,31.3,35.1,0.7,3.3,1,62,0,A01331,A01331_2020-03-22,0,2020-03-22
84.2,91.9,182.0,4.63,11.7,28.7,0.4,0.0,12.4,13.0,0.0,13.3,5.3,0.0,14.1,0.1,34.1,39.0,0.7,2.7,0,56,0,A00809,A00809_2020-03-22,0,2020-03-22
83.75,74.25,435.0,4.435,9.5,27.55,0.35,0.0,13.85,4.0,2.7,12.2,15.9,0.15,5.35,0.2,32.84999999999999,37.15,0.8500000000000001,6.95,0,70,1,A00059,A00059_2020-03-22,0,2020-03-22
94.5,86.8,293.0,4.16,12.4,31.7,1.1,0.1,14.0,14.1,0.2,13.2,5.6,0.0,16.3,0.6,33.6,39.3,0.9,6.8,1,72,1,A01338,A01338_2020-03-22,0,2020-03-22
91.0,86.4,317.0,3.99,9.6,28.8,0.9,0.1,13.0,15.0,1.0,11.5,7.3,0.2,17.4,0.3,31.7,36.3,1.3,5.0,1,61,0,A01144,A01144_2020-03-22,0,2020-03-22
83.8,81.3,295.0,4.19,10.0,28.4,0.8,0.0,13.1,8.0,0.0,11.9,10.6,0.0,9.9,0.1,33.9,35.1,1.0,8.0,0,67,1,A01476,A01476_2020-03-22,0,2020-03-22
93.2,87.1,529.0,4.44,10.6,30.4,0.8,0.0,14.8,13.2,0.0,13.5,7.3,0.0,15.2,0.1,32.6,41.4,1.1,5.5,0,59,1,A01280,A01280_2020-03-22,0,2020-03-22
96.9,41.5,63.0,3.22,11.9,31.1,0.5,0.1,13.2,2.3,5.6,10.0,43.6,0.3,5.5,1.1,32.1,31.2,2.4,8.2,0,89,0,A00162,A00162_2020-03-22,0,2020-03-22
86.45,33.2,113.5,5.34,12.35,28.75,0.3,0.0,14.2,5.8,0.0,15.35,65.0,0.0,21.35,0.2,33.25,46.15,11.4,1.6,0,65,1,A00394,A00394_2020-03-22,0,2020-03-22
83.45,83.1,404.0,4.744999999999999,11.05,27.75,0.5,0.0,15.1,9.15,0.45,13.15,11.15,0.05,10.9,0.15,33.25,39.59999999999999,1.15,5.15,0,67,0,A01455,A01455_2020-03-22,0,2020-03-22
87.2,81.9,248.0,4.76,10.1,29.8,0.3,0.0,13.4,4.9,1.2,14.2,12.4,0.1,6.0,0.3,34.2,41.5,0.7,4.2,1,62,1,A01435,A01435_2020-03-22,0,2020-03-22
90.5,52.3,368.0,4.72,9.6,30.7,0.8,0.0,12.5,2.5,1.0,14.5,30.1,0.0,4.8,0.0,34.0,42.7,1.4,16.6,0,68,1,A00336,A00336_2020-03-22,0,2020-03-22
97.05,75.85,194.5,3.195,11.75,30.85,0.3,0.0,15.45,4.8,2.2,9.85,16.3,0.1,6.300000000000001,0.55,31.75,31.0,1.0,5.1,0,74,1,A00102,A00102_2020-03-22,0,2020-03-22
93.0,72.8,115.0,4.27,9.7,29.3,0.7,0.0,15.0,4.6,0.5,12.5,15.5,0.0,6.3,0.5,31.5,39.7,1.0,10.7,0,61,1,A01290,A01290_2020-03-22,0,2020-03-22
97.1,78.3,482.0,3.85,9.6,31.2,0.6,0.1,13.4,7.6,2.2,12.0,12.6,0.2,9.7,0.7,32.1,37.4,1.2,6.2,1,18,1,A00298,A00298_2020-03-22,0,2020-03-22
95.7,26.0,18.0,4.41,,31.5,1.1,0.0,15.4,1.2,0.0,13.9,45.0,0.0,4.6,0.0,32.9,42.2,2.1,23.0,0,76,1,A00240,A00240_2020-03-22,0,2020-03-22
83.4,71.8,354.0,4.71,9.7,31.0,0.5,0.0,11.8,3.5,0.0,14.6,17.6,0.0,4.9,0.0,37.2,39.3,0.9,10.6,0,87,0,A01616,A01616_2020-03-22,0,2020-03-22
96.7,90.8,203.0,4.61,10.8,32.5,0.5,0.1,13.2,27.1,0.1,15.0,7.1,0.0,29.9,0.3,33.6,44.6,2.1,1.7,0,59,1,A01658,A01658_2020-03-22,0,2020-03-22
93.2,75.7,144.0,4.74,11.4,29.3,0.5,0.0,12.3,4.1,1.7,13.9,13.1,0.1,5.4,0.6,31.4,44.2,0.7,8.9,1,57,1,A01443,A01443_2020-03-22,0,2020-03-22
87.2,63.1,418.0,3.6,10.3,30.3,0.8,0.0,12.0,3.3,1.1,10.9,21.0,0.1,5.3,0.4,34.7,31.4,1.1,14.4,0,77,0,A01143,A01143_2020-03-22,0,2020-03-22
79.7,,175.0,4.67,10.2,25.5,,,15.8,,,11.9,,,5.1,,32.0,37.2,,,0,61,0,A00690,A00690_2020-03-22,0,2020-03-22
94.05,87.9,283.5,3.77,10.7,30.35,0.2,0.0,14.15,10.3,2.0,11.45,8.0,0.2,13.05,0.3,32.3,35.45,0.9,1.8,1,67,1,A00349,A00349_2020-03-22,0,2020-03-22
92.9,71.1,58.0,4.78,13.0,30.3,0.4,0.0,13.0,1.9,0.0,14.5,14.8,0.0,2.7,0.4,32.7,44.4,0.4,13.7,0,75,1,A00405,A00405_2020-03-22,0,2020-03-22
93.5,58.6,303.0,5.22,9.2,31.6,0.7,0.0,11.9,3.5,6.7,16.5,22.3,0.4,6.0,0.8,33.8,48.8,1.3,11.6,0,49,1,A00877,A00877_2020-03-22,0,2020-03-22
93.5,,170.0,4.75,10.8,31.2,,,13.0,,,14.8,,,8.1,,33.3,44.4,,,1,72,1,A01289,A01289_2020-03-22,0,2020-03-22
82.4,,258.0,4.26,10.9,27.5,,,16.2,,,11.7,,,22.9,,33.3,35.1,,,1,71,0,A00667,A00667_2020-03-22,0,2020-03-22
93.3,82.8,178.0,4.04,10.4,32.2,0.8,0.0,12.6,11.9,0.0,13.0,11.7,0.0,14.4,0.2,34.5,37.7,1.7,5.3,0,86,1,A01296,A01296_2020-03-22,0,2020-03-22
85.7,86.8,231.0,4.76,11.2,27.5,0.3,0.0,12.3,6.5,0.8,13.1,8.5,0.1,7.5,0.1,32.1,40.8,0.6,3.8,0,54,1,A01363,A01363_2020-03-22,0,2020-03-22
89.6,83.4,203.0,4.62,11.3,29.0,0.4,0.0,14.0,4.8,0.0,13.4,8.7,0.0,5.8,0.2,32.4,41.4,0.5,7.7,0,81,1,A00937,A00937_2020-03-22,0,2020-03-22
89.8,60.5,187.0,4.01,14.1,29.2,0.2,0.0,14.4,3.1,2.9,11.7,31.7,0.1,5.1,0.4,32.5,36.0,1.6,4.5,0,53,0,A00024,A00024_2020-03-22,0,2020-03-22
86.9,,348.0,3.21,10.3,29.0,,,14.1,,,9.3,,,10.5,,33.3,27.9,,,1,61,1,A00364,A00364_2020-03-22,0,2020-03-22
82.4,,258.0,4.26,10.9,27.5,,,16.2,,,11.7,,,22.9,,33.3,35.1,,,1,70,1,A00668,A00668_2020-03-22,0,2020-03-22
97.75,87.8,246.5,4.105,11.75,31.8,0.4,0.0,12.95,8.6,0.0,13.05,7.949999999999999,0.0,9.8,0.1,32.55,40.1,0.75,4.15,0,56,0,A00314,A00314_2020-03-22,0,2020-03-22
94.4,,253.0,4.11,9.8,29.9,,,13.3,,,12.3,,,15.2,,31.7,38.8,,,1,71,1,A00165,A00165_2020-03-22,0,2020-03-22
87.7,60.6,432.0,4.56,8.7,30.0,0.5,0.0,12.6,2.2,7.0,13.7,18.2,0.3,3.7,1.1,34.3,40.0,0.7,13.1,0,48,1,A01384,A01384_2020-03-22,0,2020-03-22
101.4,35.3,267.0,4.15,10.0,34.2,0.4,0.0,12.0,0.9,1.5,14.2,45.9,0.0,2.6,1.5,33.7,42.1,1.2,15.8,0,61,1,A00869,A00869_2020-03-22,0,2020-03-22
90.7,,70.0,3.87,13.3,29.7,,,14.3,,,11.5,,,3.4,,32.8,35.1,,,0,90,1,A00882,A00882_2020-03-22,0,2020-03-22
96.5,,131.0,3.67,10.4,31.6,,,14.7,,,11.6,,,20.9,,32.8,35.4,,,1,79,1,A00907,A00907_2020-03-22,0,2020-03-22
84.5,87.6,233.0,5.15,10.9,30.1,0.5,0.0,13.1,9.2,0.0,15.5,7.8,0.0,10.5,0.2,35.6,43.5,0.8,4.4,0,51,0,A01196,A01196_2020-03-22,0,2020-03-22
93.9,68.0,435.0,4.44,10.6,32.2,0.6,0.1,11.9,4.8,1.0,14.3,21.2,0.1,7.0,1.0,34.3,41.7,1.5,8.8,0,74,1,A00134,A00134_2020-03-22,0,2020-03-22
83.45,83.1,404.0,4.744999999999999,11.05,27.75,0.5,0.0,15.1,9.15,0.45,13.15,11.15,0.05,10.9,0.15,33.25,39.59999999999999,1.15,5.15,0,49,1,A01482,A01482_2020-03-22,0,2020-03-22
98.3,81.6,201.0,4.64,12.6,29.5,0.5,0.1,15.3,8.4,3.1,13.7,9.4,0.3,10.3,0.9,30.0,45.6,1.0,5.0,1,61,1,A00900,A00900_2020-03-22,0,2020-03-22
82.3,,428.0,4.19,10.4,27.7,,,13.8,,,11.6,,,15.6,,33.6,34.5,,,0,58,0,A00251,A00251_2020-03-22,0,2020-03-22
90.3,76.1,177.0,4.73,12.6,28.1,0.3,0.1,14.7,8.4,8.9,13.3,11.6,1.0,11.1,0.5,31.1,42.7,1.3,2.9,0,41,1,A00367,A00367_2020-03-22,0,2020-03-22
90.5,78.3,263.0,2.96,10.8,30.4,1.4,0.1,16.7,8.8,2.1,9.0,6.5,0.2,11.2,0.8,33.6,26.8,0.7,12.3,1,61,1,A01084,A01084_2020-03-22,0,2020-03-22
90.2,70.4,395.0,5.3,9.5,30.2,0.5,0.0,13.5,4.2,2.7,16.0,17.9,0.2,6.0,0.7,33.5,47.8,1.1,8.3,1,46,1,A00830,A00830_2020-03-22,0,2020-03-22
95.4,94.8,171.0,4.81,10.9,32.0,0.3,0.0,12.4,12.3,0.6,15.4,2.4,0.1,13.0,0.2,33.6,45.9,0.3,2.0,1,46,1,A00594,A00594_2020-03-22,0,2020-03-22
84.6,,127.0,4.74,10.9,28.5,,,12.6,,,13.5,,,4.6,,33.7,40.1,,,0,86,1,A01437,A01437_2020-03-22,0,2020-03-22
86.2,80.2,267.0,2.98,11.1,29.9,1.0,0.1,14.7,7.2,0.0,8.9,8.0,0.0,9.0,0.6,34.6,25.7,0.7,11.2,1,56,0,A00827,A00827_2020-03-22,0,2020-03-22
59.8,,188.0,6.67,,19.2,,,18.3,,,12.8,,,8.8,,32.1,39.9,,,1,65,1,A00507,A00507_2020-03-22,0,2020-03-22
83.45,83.1,404.0,4.744999999999999,11.05,27.75,0.5,0.0,15.1,9.15,0.45,13.15,11.15,0.05,10.9,0.15,33.25,39.59999999999999,1.15,5.15,0,49,1,A01483,A01483_2020-03-22,0,2020-03-22
95.1,,440.0,3.87,10.9,31.5,,,14.4,,,12.2,,,12.2,,33.2,36.8,,,1,54,1,A01478,A01478_2020-03-22,0,2020-03-22
84.2,60.55,277.0,5.035,10.75,26.65,0.75,0.0,14.15,4.1,1.55,13.4,26.85,0.1,6.800000000000001,0.3,31.6,42.40000000000001,1.8,10.75,0,44,1,A01028,A01028_2020-03-22,0,2020-03-22
93.6,78.5,200.0,4.82,10.7,29.0,0.7,0.0,15.1,7.4,1.8,14.0,12.1,0.2,9.4,0.5,31.0,45.1,1.1,7.1,0,77,1,A00198,A00198_2020-03-22,0,2020-03-22
90.1,66.5,125.0,4.85,10.3,31.1,0.9,0.0,13.0,4.2,0.0,15.1,19.4,0.0,6.3,0.2,34.6,43.7,1.2,13.9,0,66,1,A00292,A00292_2020-03-22,0,2020-03-22
99.8,81.1,231.0,4.76,12.9,30.9,1.1,0.0,13.2,13.1,0.9,14.7,10.8,0.1,16.1,0.2,30.9,47.5,1.7,7.0,0,64,0,A00628,A00628_2020-03-22,0,2020-03-22
84.7,79.44999999999999,141.5,4.195,10.15,27.4,0.5,0.0,15.85,4.05,0.1,11.5,10.8,0.0,5.1,0.1,32.35,35.55,0.55,9.55,0,74,1,A01197,A01197_2020-03-22,0,2020-03-22
77.9,85.6,193.0,3.35,10.9,23.6,0.2,0.0,18.5,2.9,0.0,7.9,8.2,0.0,3.4,1.2,30.3,26.1,0.3,5.0,0,69,1,A00126,A00126_2020-03-22,0,2020-03-22
86.3,71.7,283.0,4.97,10.3,29.4,1.4,0.1,13.0,8.0,2.1,14.6,12.9,0.2,11.2,0.8,34.0,42.9,1.4,12.5,0,56,1,A00321,A00321_2020-03-22,0,2020-03-22
89.35,73.25,297.0,3.795,9.65,30.75,0.8,0.0,12.9,5.55,2.8,11.7,13.25,0.25,7.65,0.3,34.45,33.95,1.0,10.4,0,66,1,A01575,A01575_2020-03-22,0,2020-03-22
92.6,,294.0,4.06,12.2,29.8,,,13.0,,,12.1,,,15.0,,32.2,37.6,,,1,55,1,A01270,A01270_2020-03-22,0,2020-03-22
89.9,87.1,213.0,4.75,10.2,28.8,0.3,0.0,14.4,7.4,0.7,13.7,7.8,0.1,8.5,0.4,32.1,42.7,0.7,4.0,1,59,0,A01358,A01358_2020-03-22,0,2020-03-22
86.6,72.7,398.0,4.71,10.1,28.0,0.9,0.0,13.8,5.7,1.2,13.2,13.9,0.1,7.8,0.5,32.4,40.8,1.1,11.7,0,54,1,A00273,A00273_2020-03-22,0,2020-03-22
88.3,78.6,258.0,3.83,9.1,30.3,0.3,0.0,12.7,4.1,1.7,11.6,14.3,0.1,5.2,0.2,34.3,33.8,0.7,5.2,0,56,1,A01666,A01666_2020-03-22,0,2020-03-22
90.75,86.2,287.5,4.43,10.25,29.8,0.5,0.0,13.3,10.4,0.5,13.2,8.7,0.1,12.6,0.2,32.8,40.2,1.1,4.4,1,52,1,A00123,A00123_2020-03-22,0,2020-03-22
76.7,83.4,351.0,5.27,9.2,25.8,0.4,0.0,13.8,7.8,0.0,13.6,12.5,0.0,9.4,0.1,33.7,40.4,1.2,4.0,0,48,1,A00246,A00246_2020-03-22,0,2020-03-22
91.5,82.6,195.0,3.99,12.2,28.8,2.1,0.1,14.9,19.7,1.3,11.5,6.9,0.3,23.9,0.3,31.5,36.5,1.6,8.9,1,70,0,A01393,A01393_2020-03-22,0,2020-03-22
85.7,85.35,407.5,4.13,9.75,28.95,0.4,0.1,14.3,8.7,1.8,11.95,7.949999999999999,0.2,10.2,0.55,33.75,35.40000000000001,0.8,4.35,0,80,1,A00693,A00693_2020-03-22,0,2020-03-22
91.9,80.6,169.0,4.34,11.8,30.6,0.3,0.0,13.4,5.4,1.2,13.3,13.2,0.1,6.7,0.4,33.3,39.9,0.9,4.6,0,71,1,A00039,A00039_2020-03-22,0,2020-03-22
88.3,62.1,400.0,5.15,10.7,29.9,0.7,0.1,12.4,4.6,2.8,15.4,23.6,0.2,7.4,1.8,33.8,45.5,1.7,9.7,0,52,1,A00169,A00169_2020-03-22,0,2020-03-22
90.8,66.1,209.0,4.58,11.8,30.3,0.4,0.0,12.6,3.2,0.0,13.9,25.7,0.0,4.9,0.4,33.4,41.6,1.3,7.8,0,72,0,A00942,A00942_2020-03-22,0,2020-03-22
95.9,62.6,313.0,2.9,10.4,31.7,1.1,0.0,12.0,4.8,2.5,9.2,20.4,0.2,7.7,0.4,33.1,27.8,1.6,14.1,0,66,1,A00015,A00015_2020-03-22,0,2020-03-22
84.1,82.8,200.0,5.02,10.2,29.7,0.5,0.0,12.3,6.2,0.1,14.9,9.8,0.0,7.5,0.1,35.3,42.2,0.7,7.2,0,68,0,A01674,A01674_2020-03-22,0,2020-03-22
86.5,81.1,138.0,4.0,12.8,28.5,0.5,0.0,13.5,4.4,3.1,11.4,6.7,0.2,5.4,0.2,32.9,34.6,0.4,8.9,0,80,1,A00789,A00789_2020-03-22,0,2020-03-22
75.4,89.7,488.0,3.33,11.3,19.8,1.1,0.0,26.4,11.6,0.1,6.6,1.9,0.0,12.9,0.1,26.3,25.1,0.2,8.2,0,76,0,A01399,A01399_2020-03-22,0,2020-03-22
91.5,76.5,353.0,4.02,9.1,31.1,1.0,0.0,13.0,7.7,0.6,12.5,12.6,0.1,10.0,0.2,34.0,36.8,1.3,10.1,0,67,0,A01155,A01155_2020-03-22,0,2020-03-22
91.6,69.1,200.0,4.04,9.8,30.9,0.5,0.0,14.2,3.6,0.0,12.5,20.4,0.0,5.2,0.2,33.8,37.0,1.1,10.3,0,74,1,A01321,A01321_2020-03-22,0,2020-03-22
83.0,85.2,291.0,4.11,11.5,27.5,2.1,0.1,15.9,22.0,0.9,11.3,5.5,0.2,25.8,0.4,33.1,34.1,1.4,8.0,1,70,1,A00668,A00668_2020-03-23,0,2020-03-23
86.9,82.5,276.0,5.36,11.6,28.9,0.4,0.0,13.5,6.5,0.1,15.5,12.5,0.0,7.9,0.1,33.3,46.6,1.0,4.8,0,55,1,A01241,A01241_2020-03-23,0,2020-03-23
89.5,86.8,297.0,4.95,11.3,30.1,0.4,0.0,12.8,11.5,0.5,14.9,9.7,0.1,13.2,0.2,33.6,44.3,1.3,2.8,0,80,1,A00117,A00117_2020-03-23,0,2020-03-23
92.5,73.4,361.0,4.68,9.6,31.0,0.5,0.0,13.7,4.6,1.9,14.5,15.8,0.1,6.3,0.6,33.5,43.3,1.0,8.3,1,46,1,A00830,A00830_2020-03-23,0,2020-03-23
93.6,87.8,200.0,4.56,11.3,33.3,1.6,0.1,11.8,23.5,0.4,15.2,5.5,0.1,26.8,0.4,35.6,42.7,1.5,5.9,0,32,1,A01675,A01675_2020-03-23,0,2020-03-23
84.9,74.8,385.0,4.31,10.6,28.1,1.3,0.0,12.2,7.8,0.5,12.1,12.0,0.1,10.4,0.1,33.1,36.6,1.2,12.6,0,78,0,A01115,A01115_2020-03-23,0,2020-03-23
77.5,65.7,139.0,5.87,12.4,26.1,0.6,0.0,13.8,2.4,0.0,15.3,18.9,0.0,3.7,0.3,33.6,45.5,0.7,15.1,0,46,1,A00865,A00865_2020-03-23,0,2020-03-23
61.6,72.7,336.0,5.6,11.5,19.5,0.4,0.0,18.7,3.9,0.4,10.9,18.9,0.0,5.3,0.6,31.6,34.5,1.0,7.4,0,53,1,A00481,A00481_2020-03-23,0,2020-03-23
91.5,91.7,305.0,4.23,10.4,29.6,0.8,0.0,13.6,16.2,0.2,12.5,3.1,0.0,17.7,0.2,32.3,38.7,0.5,4.8,1,52,1,A00123,A00123_2020-03-23,0,2020-03-23
75.4,68.9,93.0,4.87,9.2,24.8,0.2,0.0,14.4,1.2,0.0,12.1,18.2,0.0,1.7,0.0,33.0,36.7,0.3,12.9,0,56,0,A00046,A00046_2020-03-23,0,2020-03-23
95.85,87.7,210.0,4.095,10.25,29.45,0.6,0.0,13.65,10.9,0.6,12.05,6.5,0.1,12.65,0.2,30.7,39.25,0.8,5.0,1,71,1,A00165,A00165_2020-03-23,0,2020-03-23
84.5,80.5,193.0,5.28,10.4,28.6,0.3,0.0,13.1,4.6,0.0,15.1,14.2,0.0,5.7,0.2,33.9,44.6,0.8,5.1,0,58,1,A01062,A01062_2020-03-23,0,2020-03-23
87.9,57.2,262.0,4.81,9.9,29.1,0.5,0.0,13.2,2.7,1.5,14.0,30.7,0.1,4.8,1.0,33.1,42.3,1.5,9.6,0,57,1,A00581,A00581_2020-03-23,0,2020-03-23
86.1,84.9,214.0,4.6,10.3,29.8,0.7,0.0,13.9,7.8,0.0,13.7,7.9,0.0,9.2,0.0,34.6,39.6,0.7,7.2,0,69,1,A01287,A01287_2020-03-23,0,2020-03-23
88.9,,131.0,4.77,12.0,29.1,,,13.8,,,13.9,,,4.2,,32.8,42.4,,,0,80,1,A00683,A00683_2020-03-23,0,2020-03-23
97.2,90.9,176.0,4.58,11.0,30.8,0.5,0.1,12.5,13.4,0.6,14.1,4.5,0.1,14.7,0.4,31.7,44.5,0.7,3.6,1,46,1,A00594,A00594_2020-03-23,0,2020-03-23
84.2,74.8,299.0,4.44,10.0,27.7,0.5,0.0,13.1,4.1,0.2,12.3,15.5,0.0,5.5,0.2,32.9,37.4,0.9,9.3,0,80,0,A00249,A00249_2020-03-23,0,2020-03-23
89.0,84.8,577.3333333333334,4.036666666666666,10.16666666666667,29.66666666666667,1.1,0.1,13.5,14.8,3.0,11.96666666666667,5.1,0.5,16.56666666666667,0.7,33.3,35.93333333333334,0.9,6.4,1,57,1,A01418,A01418_2020-03-23,0,2020-03-23
89.53333333333335,,50.66666666666666,3.45,11.73333333333333,30.43333333333334,,,15.06666666666667,,,10.5,,,11.6,,33.96666666666667,30.9,,,1,63,1,A00973,A00973_2020-03-23,0,2020-03-23
84.8,47.5,401.0,4.86,10.2,27.8,0.7,0.0,13.4,3.5,2.5,13.5,39.7,0.2,7.3,0.4,32.8,41.2,2.9,9.9,0,51,0,A00245,A00245_2020-03-23,0,2020-03-23
89.8,79.9,211.0,4.9,11.4,28.8,0.1,0.0,12.3,4.9,0.7,14.1,17.1,0.0,6.1,0.2,32.0,44.0,1.0,2.1,0,74,0,A00130,A00130_2020-03-23,0,2020-03-23
91.3,90.1,195.0,4.97,11.5,30.6,0.4,0.0,12.8,7.5,0.0,15.2,4.7,0.0,8.3,0.2,33.5,45.4,0.4,5.0,1,72,1,A01289,A01289_2020-03-23,0,2020-03-23
86.75,91.1,349.5,4.595,12.65,26.6,1.0,0.0,15.5,18.0,0.0,12.2,3.8,0.0,19.95,0.2,30.6,39.85,0.8,4.9,1,65,1,A01029,A01029_2020-03-23,1,2020-03-23
88.9,91.1,200.0,4.14,10.9,28.5,0.6,0.0,14.3,10.5,0.0,11.8,3.8,0.0,11.5,0.1,32.1,36.8,0.4,5.0,0,81,0,A00758,A00758_2020-03-23,0,2020-03-23
88.4,83.3,210.0,3.63,12.4,29.2,1.4,0.1,14.5,21.1,1.2,10.6,9.8,0.3,25.3,0.2,33.0,32.1,2.5,5.5,1,70,0,A01393,A01393_2020-03-23,0,2020-03-23
60.6,70.5,181.5,6.475,,19.1,0.4,0.0,18.65,5.3,3.7,12.35,20.3,0.3,7.45,0.3,31.5,39.25,1.5,5.2,1,65,1,A00507,A00507_2020-03-23,0,2020-03-23
72.0,85.3,424.0,4.85,9.6,23.3,0.1,0.0,15.9,5.7,0.4,11.3,12.7,0.0,6.7,0.1,32.4,34.9,0.9,1.5,0,64,1,A00915,A00915_2020-03-23,0,2020-03-23
85.0,83.4,238.0,4.72,11.6,30.1,0.2,0.0,13.0,5.3,0.3,14.2,12.5,0.0,6.4,0.2,35.4,40.1,0.8,3.6,0,65,1,A01350,A01350_2020-03-23,0,2020-03-23
86.6,69.2,398.0,4.71,10.0,28.9,0.9,0.0,12.1,5.3,1.3,13.6,17.7,0.1,7.6,0.4,33.3,40.8,1.3,11.4,0,73,1,A01159,A01159_2020-03-23,0,2020-03-23
93.0,77.3,238.0,2.7,11.0,30.7,1.1,0.1,16.6,8.0,2.1,8.3,8.7,0.2,10.3,1.0,33.1,25.1,0.9,10.9,1,61,1,A01084,A01084_2020-03-23,0,2020-03-23
92.4,85.2,153.0,4.59,10.2,32.0,0.4,0.0,12.2,5.8,0.0,14.7,9.2,0.0,6.8,0.1,34.7,42.4,0.6,5.5,0,59,1,A01655,A01655_2020-03-23,0,2020-03-23
85.1,63.9,655.0,5.5,9.8,29.6,0.5,0.1,12.6,4.7,3.9,16.3,24.4,0.3,7.4,1.1,34.8,46.8,1.8,6.7,0,52,1,A00732,A00732_2020-03-23,0,2020-03-23
87.8,62.8,504.0,4.41,9.6,29.5,0.7,0.0,13.1,3.7,0.7,13.0,24.8,0.0,5.9,0.2,33.6,38.7,1.5,11.5,0,64,0,A01295,A01295_2020-03-23,0,2020-03-23
82.7,85.7,514.0,5.04,10.0,28.0,0.4,0.0,12.9,12.7,0.7,14.1,10.6,0.1,14.8,0.2,33.8,41.7,1.6,2.8,0,52,1,A01330,A01330_2020-03-23,0,2020-03-23
92.1,87.3,249.0,4.94,9.9,28.3,0.5,0.0,14.5,8.7,0.9,14.0,7.0,0.1,10.0,0.2,30.8,45.5,0.7,4.6,1,59,0,A01358,A01358_2020-03-23,0,2020-03-23
84.2,84.2,184.0,4.81,11.1,29.3,0.4,0.0,12.9,5.6,0.0,14.1,10.0,0.0,6.6,0.0,34.8,40.5,0.7,5.8,0,51,1,A00080,A00080_2020-03-23,0,2020-03-23
92.6,,430.0,4.62,9.2,31.4,,,13.7,,,14.5,,,7.1,,33.9,42.8,,,0,54,1,A01442,A01442_2020-03-23,0,2020-03-23
91.7,56.0,20.0,4.56,,30.0,4.8,0.1,15.1,7.4,0.0,13.7,7.3,0.0,13.2,0.5,32.8,41.8,1.0,36.2,0,76,1,A00240,A00240_2020-03-23,0,2020-03-23
86.5,86.8,652.0,4.89,9.6,30.9,0.8,0.0,13.3,10.0,0.0,15.1,6.2,0.0,11.5,0.4,35.7,42.3,0.7,6.6,0,56,1,A01547,A01547_2020-03-23,0,2020-03-23
83.6,62.5,162.0,5.78,10.9,29.6,0.3,0.0,11.9,1.8,0.0,17.1,28.0,0.0,2.8,0.4,35.4,48.3,0.8,9.1,0,42,1,A00779,A00779_2020-03-23,0,2020-03-23
86.75,75.05,359.5,4.5,10.2,30.7,0.35,0.0,11.9,4.449999999999999,0.5,13.8,18.25,0.05,5.95,0.2,35.34999999999999,39.05,1.1,6.0,0,61,1,A00980,A00980_2020-03-23,0,2020-03-23
88.2,39.8,145.0,4.32,10.0,29.4,0.2,0.0,12.3,1.3,0.0,12.7,54.0,0.0,3.2,0.3,33.3,38.1,1.7,5.9,0,57,0,A00396,A00396_2020-03-23,0,2020-03-23
87.6,79.2,343.0,4.43,9.4,29.8,0.5,0.0,12.4,7.2,0.1,13.2,14.5,0.0,9.1,0.2,34.0,38.8,1.3,6.0,0,77,1,A00817,A00817_2020-03-23,0,2020-03-23
79.6,69.5,211.0,5.25,10.1,26.1,0.2,0.0,14.3,3.3,0.0,13.7,25.7,0.0,4.8,0.2,32.8,41.8,1.2,4.6,0,32,1,A00876,A00876_2020-03-23,0,2020-03-23
86.6,64.5,304.0,5.15,11.1,29.5,0.5,0.0,12.5,3.7,1.4,15.2,24.0,0.1,5.7,0.5,34.1,44.6,1.4,9.6,0,79,1,A01624,A01624_2020-03-23,0,2020-03-23
86.5,66.4,251.0,4.31,10.9,26.5,0.6,0.0,14.0,4.6,2.2,11.4,21.6,0.2,6.9,0.6,30.6,37.3,1.5,9.2,0,69,0,A00186,A00186_2020-03-23,0,2020-03-23
83.2,94.7,225.0,5.07,10.6,27.6,0.2,0.0,15.2,9.8,0.0,14.0,3.6,0.0,10.4,0.2,33.2,42.2,0.4,1.5,0,77,1,A01188,A01188_2020-03-23,0,2020-03-23
83.1,85.9,493.0,5.09,10.6,27.3,1.2,0.0,12.5,11.9,0.1,13.9,5.1,0.0,13.8,0.1,32.9,42.3,0.7,8.8,0,55,1,A00802,A00802_2020-03-23,0,2020-03-23
99.8,79.7,143.0,4.78,13.2,30.8,0.8,0.0,13.2,13.5,2.4,14.7,12.8,0.4,16.9,0.1,30.8,47.7,2.2,5.0,0,64,0,A00628,A00628_2020-03-23,0,2020-03-23
75.2,90.7,86.0,4.52,,24.1,0.4,0.1,15.9,7.9,0.0,10.9,3.7,0.0,8.7,1.0,32.1,34.0,0.3,4.6,0,26,1,A00811,A00811_2020-03-23,0,2020-03-23
84.2,69.0,177.0,5.31,9.9,28.2,0.4,0.0,13.1,2.8,0.7,15.0,19.9,0.0,4.0,0.0,33.6,44.7,0.8,10.4,0,76,1,A00381,A00381_2020-03-23,0,2020-03-23
87.2,87.6,251.0,4.83,9.6,29.4,0.5,0.0,12.6,6.7,0.0,14.2,6.4,0.0,7.7,0.0,33.7,42.1,0.5,6.0,0,78,0,A00931,A00931_2020-03-23,0,2020-03-23
83.5,64.5,484.0,4.11,8.3,27.0,0.8,0.1,12.9,4.5,3.6,11.1,19.2,0.2,6.9,0.9,32.4,34.3,1.3,11.8,0,64,0,A01091,A01091_2020-03-23,0,2020-03-23
81.7,76.5,260.0,4.26,10.3,26.5,0.3,0.0,13.6,4.2,0.5,11.3,16.8,0.0,5.5,0.2,32.5,34.8,0.9,6.0,0,61,0,A01519,A01519_2020-03-23,0,2020-03-23
92.4,84.0,171.0,4.9,12.6,31.6,1.4,0.0,12.4,14.4,0.2,15.5,7.2,0.0,17.2,0.2,34.2,45.3,1.2,8.4,0,74,1,A01167,A01167_2020-03-23,0,2020-03-23
95.3,79.7,259.0,4.24,12.5,30.2,0.9,0.0,14.9,7.7,1.6,12.8,9.2,0.2,9.6,0.5,31.7,40.4,0.9,9.0,1,58,1,A00463,A00463_2020-03-23,0,2020-03-23
87.4,86.9,278.0,4.94,10.1,29.6,0.5,0.0,12.1,7.7,0.0,14.6,7.5,0.0,8.9,0.1,33.8,43.2,0.7,5.5,0,52,1,A00225,A00225_2020-03-23,0,2020-03-23
100.4,85.7,206.0,4.67,12.7,29.8,0.5,0.1,15.6,9.1,2.2,13.9,6.4,0.2,10.6,0.9,29.6,46.9,0.7,4.8,1,61,1,A00900,A00900_2020-03-23,0,2020-03-23
85.4,86.6,91.0,4.38,11.2,28.8,0.9,0.0,11.7,9.7,0.0,12.6,5.4,0.0,11.2,0.2,33.7,37.4,0.6,7.8,0,42,1,A00304,A00304_2020-03-23,0,2020-03-23
85.3,50.0,193.0,4.82,10.7,30.1,0.7,0.0,12.8,2.6,1.4,14.5,34.3,0.1,5.1,0.4,35.3,41.1,1.7,13.9,0,58,1,A01198,A01198_2020-03-23,0,2020-03-23
97.2,90.5,115.0,3.53,10.4,30.6,1.3,0.0,15.3,19.2,0.4,10.8,2.7,0.1,21.2,0.2,31.5,34.3,0.6,6.2,1,79,1,A00907,A00907_2020-03-23,0,2020-03-23
81.7,82.3,215.0,5.35,10.9,27.7,0.3,0.0,13.5,4.8,0.0,14.8,13.2,0.0,5.8,0.0,33.9,43.7,0.8,4.5,0,49,1,A00359,A00359_2020-03-23,0,2020-03-23
78.6,61.2,276.0,5.01,10.7,25.0,0.8,0.0,16.1,3.1,0.4,12.5,23.0,0.0,5.1,0.4,31.7,39.4,1.2,15.0,0,53,0,A00898,A00898_2020-03-23,0,2020-03-23
85.6,52.2,614.0,4.39,8.9,28.2,0.5,0.0,14.1,3.2,2.9,12.4,35.9,0.2,6.2,0.5,33.0,37.6,2.2,8.5,0,53,1,A00352,A00352_2020-03-23,0,2020-03-23
89.9,,153.0,5.25,11.9,29.3,,,13.1,,,15.4,,,14.0,,32.6,47.2,,,0,85,1,A00283,A00283_2020-03-23,0,2020-03-23
87.1,76.4,318.0,4.88,10.9,30.3,1.1,0.0,12.4,7.6,0.5,14.8,11.6,0.1,10.0,0.1,34.8,42.5,1.2,11.4,0,55,1,A01181,A01181_2020-03-23,0,2020-03-23
98.0,83.1,273.0,4.57,10.7,32.2,0.7,0.0,12.4,6.2,0.0,14.7,7.5,0.0,7.5,0.3,32.8,44.8,0.6,9.1,0,56,1,A00012,A00012_2020-03-23,0,2020-03-23
98.8,81.2,483.0,4.22,9.8,33.6,0.5,0.0,13.7,9.9,0.1,14.2,14.2,0.0,12.2,0.2,34.1,41.7,1.7,4.3,1,43,0,A01071,A01071_2020-03-23,1,2020-03-23
94.3,82.1,313.0,3.83,10.6,30.5,0.3,0.1,14.2,7.8,2.6,11.7,11.9,0.2,9.5,0.7,32.4,36.1,1.1,2.7,1,67,1,A00349,A00349_2020-03-23,0,2020-03-23
87.6,89.1,445.0,3.95,10.2,28.1,0.5,0.0,15.0,10.6,1.5,11.1,5.0,0.2,11.9,0.3,32.1,34.6,0.6,4.1,0,82,1,A01000,A01000_2020-03-23,0,2020-03-23
85.1,86.0,228.0,5.49,10.1,28.4,0.3,0.0,14.1,8.4,0.0,15.6,10.4,0.0,9.8,0.2,33.4,46.7,1.0,3.4,0,58,1,A01556,A01556_2020-03-23,0,2020-03-23
,,,,,,,,,,,,,,,,,,,,1,54,1,A01478,A01478_2020-03-23,0,2020-03-23
81.65,,256.0,4.23,9.1,27.05,,,17.2,,,11.45,,,9.2,,33.15,34.55,,,1,76,1,A00986,A00986_2020-03-23,0,2020-03-23
84.0,46.0,179.0,4.45,10.0,28.5,0.5,0.0,13.3,2.4,3.0,12.7,40.2,0.2,5.3,0.6,34.0,37.4,2.1,10.2,0,70,1,A01190,A01190_2020-03-23,0,2020-03-23
72.0,74.1,341.0,4.89,9.6,22.1,0.4,0.0,17.2,4.1,0.4,10.8,18.7,0.0,5.6,0.2,30.7,35.2,1.0,6.6,1,62,0,A01331,A01331_2020-03-23,0,2020-03-23
93.7,83.7,265.0,4.28,10.1,33.4,0.4,0.0,13.5,5.4,0.0,14.3,9.7,0.0,6.5,0.2,35.7,40.1,0.6,6.4,1,58,1,A01439,A01439_2020-03-23,0,2020-03-23
80.6,61.8,437.0,6.12,10.9,26.0,1.3,0.0,13.8,7.5,2.5,15.9,24.5,0.3,12.2,0.4,32.3,49.3,3.0,10.8,0,67,1,A00619,A00619_2020-03-23,0,2020-03-23
90.4,83.5,333.0,5.54,10.3,30.1,0.9,0.0,13.8,12.5,0.1,16.7,9.9,0.0,15.0,0.3,33.3,50.1,1.5,6.2,1,70,1,A01267,A01267_2020-03-23,0,2020-03-23
88.6,78.1,150.0,5.18,9.6,31.1,0.3,0.0,13.2,4.9,0.0,16.1,16.3,0.0,6.3,0.2,35.1,45.9,1.0,5.4,0,74,1,A00770,A00770_2020-03-23,0,2020-03-23
87.4,83.4,229.0,2.93,11.1,29.0,0.6,0.0,14.7,5.8,0.1,8.5,8.1,0.0,6.9,0.3,33.2,25.6,0.6,8.1,1,56,0,A00827,A00827_2020-03-23,0,2020-03-23
81.1,63.3,337.0,5.41,10.0,29.4,0.5,0.0,12.2,2.8,3.2,15.9,21.1,0.1,4.4,0.5,36.2,43.9,0.9,11.9,0,45,1,A01100,A01100_2020-03-23,0,2020-03-23
82.6,74.1,413.0,5.11,11.7,26.2,1.0,0.1,13.2,7.0,1.0,13.4,13.9,0.1,9.5,0.9,31.8,42.2,1.3,10.1,0,54,1,A00145,A00145_2020-03-23,0,2020-03-23
88.0,74.1,598.0,4.16,11.4,27.2,1.0,0.0,17.6,6.6,3.5,11.3,11.1,0.3,8.9,0.3,30.9,36.6,1.0,11.0,1,61,1,A01628,A01628_2020-03-23,0,2020-03-23
84.0,46.0,179.0,4.45,10.0,28.5,0.5,0.0,13.3,2.4,3.0,12.7,40.2,0.2,5.3,0.6,34.0,37.4,2.1,10.2,0,70,1,A01189,A01189_2020-03-23,0,2020-03-23
77.6,63.2,146.0,4.73,11.6,25.4,0.2,0.0,13.0,1.5,0.4,12.0,28.9,0.0,2.3,0.4,32.7,36.7,0.7,7.1,0,58,0,A00851,A00851_2020-03-23,0,2020-03-23
92.5,79.1,407.0,5.6,12.4,28.8,0.9,0.1,13.3,7.9,1.5,16.1,9.2,0.2,10.0,0.8,31.1,51.8,0.9,9.4,0,70,1,A00913,A00913_2020-03-23,0,2020-03-23
87.9,60.7,400.0,5.14,9.9,29.2,0.5,0.0,12.0,2.4,2.8,15.0,23.9,0.1,4.0,0.5,33.2,45.2,1.0,12.1,0,52,1,A00630,A00630_2020-03-23,0,2020-03-23
89.8,59.6,217.0,4.8,9.8,30.0,0.5,0.0,12.2,2.6,0.5,14.4,27.7,0.0,4.3,0.2,33.4,43.1,1.2,12.0,0,67,0,A01076,A01076_2020-03-23,0,2020-03-23
89.9,85.9,273.0,4.85,9.9,29.3,0.2,0.0,13.6,6.7,1.3,14.2,9.7,0.1,7.8,0.3,32.6,43.6,0.8,2.8,1,62,1,A01435,A01435_2020-03-23,0,2020-03-23
85.0,66.8,225.0,4.34,10.0,30.0,0.6,0.0,14.1,3.9,0.7,13.0,21.5,0.0,5.9,0.2,35.2,36.9,1.3,10.8,0,61,1,A00315,A00315_2020-03-23,0,2020-03-23
92.9,68.4,572.0,4.65,8.9,29.0,1.6,0.1,13.9,6.6,2.3,13.5,12.4,0.2,9.7,0.7,31.3,43.2,1.2,16.2,1,49,1,A00084,A00084_2020-03-23,0,2020-03-23
89.44999999999999,87.6,351.0,4.495,11.4,28.6,1.6,0.1,13.45,20.1,0.0,12.85,4.9,0.0,23.15,0.3,32.0,40.2,1.1,7.2,1,61,1,A01257,A01257_2020-03-23,0,2020-03-23
91.8,67.8,457.0,4.49,9.8,31.6,0.9,0.0,12.6,4.7,2.1,14.2,16.5,0.1,7.0,0.6,34.5,41.2,1.2,13.0,0,78,1,A00140,A00140_2020-03-23,0,2020-03-23
85.0,62.3,386.0,4.53,9.9,27.8,1.0,0.0,14.3,5.3,1.8,12.6,24.1,0.2,8.5,0.5,32.7,38.5,2.0,11.3,0,50,1,A00185,A00185_2020-03-23,0,2020-03-23
82.5,67.9,567.0,5.31,9.2,27.5,1.0,0.1,12.8,6.2,3.0,14.6,17.5,0.3,9.1,0.6,33.3,43.8,1.6,11.0,0,52,1,A00791,A00791_2020-03-23,0,2020-03-23
88.8,74.2,211.0,3.92,10.0,29.8,0.2,0.0,13.0,5.8,0.4,11.7,22.5,0.0,7.8,0.3,33.6,34.8,1.8,2.6,0,81,0,A01305,A01305_2020-03-23,0,2020-03-23
84.9,80.6,215.0,4.74,9.7,28.4,0.2,0.0,13.2,3.45,0.0,13.45,14.55,0.0,4.25,0.0,33.45,40.25,0.6,4.85,0,56,0,A00776,A00776_2020-03-23,0,2020-03-23
83.0,85.2,291.0,4.11,11.5,27.5,2.1,0.1,15.9,22.0,0.9,11.3,5.5,0.2,25.8,0.4,33.1,34.1,1.4,8.0,1,71,0,A00667,A00667_2020-03-23,0,2020-03-23
92.5,77.0,314.0,4.13,12.4,29.5,1.6,0.2,13.2,11.2,4.6,12.2,6.6,0.7,14.5,1.1,31.9,38.2,1.0,10.7,1,55,1,A01270,A01270_2020-03-23,0,2020-03-23
90.3,,128.0,3.72,10.6,31.7,,,13.8,,,11.8,,,5.9,,35.1,33.6,,,0,81,1,A00650,A00650_2020-03-23,0,2020-03-23
89.2,75.6,205.0,3.81,12.2,29.9,0.5,0.0,12.6,4.8,0.0,11.4,15.4,0.0,6.4,0.5,33.5,34.0,1.0,8.5,0,59,0,A01588,A01588_2020-03-23,0,2020-03-23
95.4,75.3,475.0,3.72,9.7,31.7,0.7,0.0,13.2,5.3,0.0,11.8,13.9,0.0,7.1,0.7,33.2,35.5,1.0,10.1,1,18,1,A00298,A00298_2020-03-23,0,2020-03-23
88.1,70.9,261.0,4.44,11.0,30.2,0.6,0.1,12.0,5.6,1.5,13.4,19.7,0.1,7.9,0.8,34.3,39.1,1.6,7.1,0,56,1,A00509,A00509_2020-03-23,0,2020-03-23
83.4,73.2,405.0,4.04,10.4,27.7,0.8,0.0,13.1,5.9,3.1,11.2,12.9,0.2,8.0,0.5,33.2,33.7,1.0,10.3,0,75,1,A00835,A00835_2020-03-23,0,2020-03-23
81.6,69.1,130.0,5.15,11.1,28.0,0.3,0.0,11.9,2.3,0.3,14.4,21.8,0.0,3.3,0.3,34.3,42.0,0.7,8.5,0,37,1,A00579,A00579_2020-03-23,0,2020-03-23
89.9,79.1,252.0,4.73,10.8,29.8,0.4,0.0,12.1,5.4,0.3,14.1,14.6,0.0,6.8,0.3,33.2,42.5,1.0,5.7,0,68,0,A00310,A00310_2020-03-23,0,2020-03-23
97.0,80.5,180.0,4.72,11.6,30.5,0.6,0.0,12.6,5.1,0.2,14.4,9.4,0.0,6.3,0.5,31.4,45.8,0.6,9.4,1,57,1,A01443,A01443_2020-03-23,0,2020-03-23
91.6,86.5,129.0,4.16,11.2,31.5,0.7,0.0,13.3,12.2,0.1,13.1,8.2,0.0,14.1,0.1,34.4,38.1,1.2,5.1,0,59,1,A01658,A01658_2020-03-23,0,2020-03-23
87.8,71.5,395.0,4.93,9.6,29.8,0.9,0.0,11.5,3.7,1.9,14.7,9.4,0.1,5.2,0.0,33.9,43.3,0.5,17.2,0,77,1,A00228,A00228_2020-03-23,0,2020-03-23
70.5,92.7,341.0,4.92,10.7,23.0,1.4,0.0,24.7,20.1,0.0,11.3,1.0,0.0,21.7,0.0,32.6,34.7,0.2,6.3,0,76,0,A01399,A01399_2020-03-23,0,2020-03-23
82.1,82.1,222.0,5.3,12.5,27.4,0.2,0.0,14.4,6.2,0.0,14.5,14.9,0.0,7.5,0.1,33.3,43.5,1.1,2.9,0,48,1,A00623,A00623_2020-03-23,0,2020-03-23
86.3,75.4,250.0,4.9,10.5,30.8,0.5,0.0,12.0,5.1,0.4,15.1,16.7,0.0,6.8,0.1,35.7,42.3,1.1,7.4,0,52,1,A01132,A01132_2020-03-23,0,2020-03-23
87.7,,367.0,3.17,10.0,28.7,,,14.3,,,9.1,,,13.9,,32.7,27.8,,,1,61,1,A00364,A00364_2020-03-23,0,2020-03-23
83.4,72.0,236.0,4.27,8.3,28.8,0.2,0.0,13.6,3.5,0.0,12.3,24.0,0.0,4.8,0.2,34.6,35.6,1.2,3.8,0,62,0,A00306,A00306_2020-03-23,0,2020-03-23
81.1,77.6,245.0,4.93,10.1,26.0,1.0,0.0,16.8,5.5,0.6,12.8,7.6,0.0,7.1,0.6,32.0,40.0,0.5,13.6,0,75,1,A00030,A00030_2020-03-23,0,2020-03-23
99.4,83.9,106.0,3.44,10.8,31.1,0.8,0.1,16.9,15.7,1.2,10.7,10.0,0.2,18.7,0.7,31.3,34.2,1.9,4.2,0,85,1,A01671,A01671_2020-03-23,0,2020-03-23
98.0,83.1,273.0,4.57,10.7,32.2,0.7,0.0,12.4,6.2,0.0,14.7,7.5,0.0,7.5,0.3,32.8,44.8,0.6,9.1,0,62,1,A00055,A00055_2020-03-23,0,2020-03-23
82.0,62.8,186.0,4.84,9.5,27.7,0.5,0.0,13.3,3.0,0.8,13.4,26.3,0.0,4.8,0.2,33.8,39.7,1.3,9.9,0,55,0,A00179,A00179_2020-03-23,0,2020-03-23
93.8,89.3,291.0,4.02,9.7,28.6,0.8,0.0,13.2,13.4,0.6,11.5,4.6,0.1,15.0,0.3,30.5,37.7,0.7,5.2,1,61,0,A01144,A01144_2020-03-23,0,2020-03-23
97.0,43.0,190.0,3.61,10.3,33.0,0.2,0.0,12.2,4.6,0.0,11.9,55.0,0.0,10.7,0.2,34.0,35.0,5.9,1.8,0,52,1,A00544,A00544_2020-03-23,0,2020-03-23
75.3,81.4,398.0,5.46,9.1,25.1,0.6,0.0,14.1,7.1,0.0,13.7,11.9,0.0,8.7,0.0,33.3,41.1,1.0,6.7,0,48,1,A00246,A00246_2020-03-23,0,2020-03-23
86.5,87.0,247.0,5.18,10.1,29.2,0.2,0.0,12.4,5.2,0.0,15.1,9.3,0.0,6.0,0.2,33.7,44.8,0.6,3.5,0,47,1,A00374,A00374_2020-03-24,0,2020-03-24
89.2,78.4,199.0,4.62,10.1,31.0,0.2,0.0,12.5,2.4,0.0,14.3,15.8,0.0,3.1,0.3,34.7,41.2,0.5,5.5,0,48,1,A00009,A00009_2020-03-24,0,2020-03-24
94.1,83.4,542.0,2.55,11.2,31.4,1.3,0.1,14.1,14.9,0.0,8.0,9.1,0.0,17.9,0.3,33.3,24.0,1.6,7.2,0,79,1,A01364,A01364_2020-03-24,0,2020-03-24
85.5,77.1,214.0,4.69,9.2,29.0,0.4,0.0,12.5,3.8,0.0,13.6,15.1,0.0,4.9,0.4,33.9,40.1,0.7,7.4,0,50,1,A01549,A01549_2020-03-24,0,2020-03-24
88.1,,256.0,5.05,10.1,29.7,,,12.1,,,15.0,,,7.6,,33.7,44.5,,,0,35,1,A01246,A01246_2020-03-24,0,2020-03-24
87.8,31.6,181.0,4.27,11.4,30.9,0.4,0.0,11.4,1.2,2.7,13.2,54.5,0.1,3.7,0.8,35.2,37.5,2.0,10.4,0,51,1,A00044,A00044_2020-03-24,0,2020-03-24
87.6,87.6,229.0,4.74,11.1,29.5,0.6,0.0,13.1,8.8,0.0,14.0,6.6,0.0,10.1,0.3,33.7,41.5,0.7,5.5,0,77,1,A00586,A00586_2020-03-24,0,2020-03-24
85.5,61.9,296.0,5.3,9.8,30.0,0.5,0.0,11.8,3.3,0.2,15.9,28.0,0.0,5.4,0.6,35.1,45.3,1.5,9.3,0,27,1,A01286,A01286_2020-03-24,0,2020-03-24
86.9,82.0,334.0,4.74,10.4,29.7,0.6,0.0,12.5,8.0,0.1,14.1,11.9,0.0,9.7,0.2,34.2,41.2,1.2,5.8,0,65,0,A00218,A00218_2020-03-24,0,2020-03-24
92.6,91.9,457.0,5.11,9.9,31.3,0.8,0.0,12.4,14.0,0.0,16.0,2.6,0.0,15.2,0.1,33.8,47.3,0.4,5.4,0,80,1,A00341,A00341_2020-03-24,0,2020-03-24
88.7,84.0,189.0,3.27,11.9,29.1,1.7,0.0,14.8,22.9,1.2,9.5,8.4,0.3,27.3,0.1,32.8,29.0,2.3,6.3,1,70,0,A01393,A01393_2020-03-24,0,2020-03-24
87.9,84.55000000000001,146.0,4.55,11.9,29.8,0.4,0.0,13.2,4.6,0.0,13.55,7.4,0.0,5.4,0.1,33.95,40.0,0.4,7.95,0,59,0,A00495,A00495_2020-03-24,0,2020-03-24
94.55,81.8,176.5,3.64,10.65,29.5,1.9,0.0,14.1,13.7,0.4,10.75,6.3,0.1,16.75,0.2,31.25,34.4,1.1,11.3,1,71,1,A00165,A00165_2020-03-24,1,2020-03-24
85.0,59.1,406.0,4.8,10.0,28.1,0.6,0.0,12.7,3.0,2.0,13.5,26.1,0.1,5.0,0.4,33.1,40.8,1.3,12.4,0,63,1,A00219,A00219_2020-03-24,0,2020-03-24
76.9,81.7,318.0,5.27,11.5,23.3,1.7,0.0,23.6,11.0,0.1,12.3,5.3,0.0,13.5,0.1,30.4,40.5,0.7,12.8,0,73,0,A00700,A00700_2020-03-24,0,2020-03-24
96.5,75.9,441.0,4.0,10.7,30.5,0.5,0.1,14.5,9.9,4.5,12.2,14.9,0.6,13.0,0.6,31.6,38.6,1.9,4.1,1,54,1,A01478,A01478_2020-03-24,0,2020-03-24
87.6,77.1,294.0,4.21,9.4,29.2,0.5,0.0,11.9,4.5,0.0,12.3,14.2,0.0,5.8,0.3,33.3,36.9,0.8,8.4,0,53,0,A00984,A00984_2020-03-24,0,2020-03-24
74.7,75.8,211.0,5.62,12.0,23.3,0.2,0.0,15.9,4.5,0.0,13.1,21.0,0.0,6.0,0.2,31.2,42.0,1.3,3.0,0,48,0,A00261,A00261_2020-03-24,0,2020-03-24
87.5,86.7,174.0,4.31,10.1,29.0,0.5,0.0,12.4,6.4,0.0,12.5,6.2,0.0,7.4,0.1,33.2,37.7,0.5,7.0,0,78,0,A00931,A00931_2020-03-24,0,2020-03-24
85.8,85.7,213.0,4.73,10.2,28.8,0.6,0.0,13.2,7.5,0.0,13.6,7.1,0.0,8.7,0.1,33.5,40.6,0.6,7.1,0,69,1,A01287,A01287_2020-03-24,0,2020-03-24
74.3,85.8,523.0,4.87,9.4,23.4,0.2,0.0,16.4,6.8,1.8,11.4,9.9,0.1,7.9,0.1,31.5,36.2,0.8,2.4,0,64,1,A00915,A00915_2020-03-24,0,2020-03-24
86.7,79.0,272.0,5.41,10.3,29.0,1.0,0.1,12.6,9.8,1.6,15.7,10.9,0.2,12.4,0.8,33.5,46.9,1.4,7.7,0,70,1,A00576,A00576_2020-03-24,0,2020-03-24
95.6,80.1,215.0,4.75,11.0,29.7,0.8,0.0,12.6,6.2,0.5,14.1,8.5,0.0,7.7,0.6,31.1,45.4,0.7,10.3,1,57,1,A01443,A01443_2020-03-24,0,2020-03-24
86.1,81.8,236.0,3.31,11.5,30.2,0.3,0.0,13.2,5.6,0.0,10.0,14.4,0.0,6.8,0.1,35.1,28.5,1.0,3.7,0,77,1,A00699,A00699_2020-03-24,0,2020-03-24
85.0,59.1,406.0,4.8,10.0,28.1,0.6,0.0,12.7,3.0,2.0,13.5,26.1,0.1,5.0,0.4,33.1,40.8,1.3,12.4,0,48,1,A00281,A00281_2020-03-24,0,2020-03-24
88.7,83.2,287.0,5.47,11.8,28.9,0.4,0.0,13.8,6.8,0.7,15.8,11.6,0.1,8.2,0.1,32.6,48.5,1.0,4.4,0,55,1,A01241,A01241_2020-03-24,0,2020-03-24
92.5,87.35,245.0,4.545,10.25,31.25,0.4,0.0,12.45,7.75,0.15,14.2,7.75,0.0,8.899999999999999,0.25,33.8,42.05,0.7,4.5,1,76,1,A00726,A00726_2020-03-24,0,2020-03-24
88.2,82.5,179.0,4.59,9.7,29.8,0.5,0.0,12.6,4.6,0.0,13.7,8.2,0.0,5.6,0.0,33.8,40.5,0.5,9.3,1,49,1,A01067,A01067_2020-03-24,0,2020-03-24
92.5,87.35,245.0,4.545,10.25,31.25,0.4,0.0,12.45,7.75,0.15,14.2,7.75,0.0,8.899999999999999,0.25,33.8,42.05,0.7,4.5,1,82,0,A00708,A00708_2020-03-24,0,2020-03-24
86.3,81.7,355.0,3.95,9.9,28.6,0.3,0.0,13.6,4.3,0.0,11.3,11.5,0.0,5.3,0.2,33.1,34.1,0.6,6.6,0,60,0,A01032,A01032_2020-03-24,0,2020-03-24
85.7,69.0,326.0,4.53,10.7,27.8,1.1,0.0,13.5,5.4,1.5,12.6,14.6,0.1,7.8,0.6,32.5,38.8,1.1,14.3,0,54,1,A00273,A00273_2020-03-24,0,2020-03-24
84.6,,362.0,4.79,12.6,25.9,,,15.5,,,12.4,,,19.4,,30.6,40.5,,,1,65,1,A01029,A01029_2020-03-24,1,2020-03-24
98.9,,289.0,3.6,10.2,34.4,,,13.9,,,12.4,,,11.4,,34.8,35.6,,,1,43,0,A01071,A01071_2020-03-24,1,2020-03-24
92.3,81.3,267.0,2.85,10.8,30.5,1.5,0.1,15.9,11.3,1.4,8.7,5.8,0.2,13.9,0.9,33.1,26.3,0.8,10.6,1,61,1,A01084,A01084_2020-03-24,0,2020-03-24
89.4,82.7,201.0,4.9,11.9,28.2,0.4,0.0,14.1,4.5,0.0,13.8,9.1,0.0,5.5,0.2,31.5,43.8,0.5,8.0,0,81,1,A00937,A00937_2020-03-24,0,2020-03-24
88.8,75.5,228.0,4.36,9.6,31.0,0.5,0.0,13.0,4.5,0.2,13.5,16.1,0.0,6.0,0.2,34.9,38.7,1.0,8.0,0,53,1,A00828,A00828_2020-03-24,0,2020-03-24
87.1,86.2,309.0,5.1,9.7,29.6,1.1,0.0,13.0,11.9,0.1,15.1,5.9,0.0,13.8,0.1,34.0,44.4,0.8,7.7,0,58,1,A01090,A01090_2020-03-24,0,2020-03-24
84.5,85.1,384.0,4.27,9.8,28.6,0.8,0.0,13.2,10.1,0.0,12.2,8.3,0.0,11.9,0.1,33.8,36.1,1.0,6.5,0,67,1,A01476,A01476_2020-03-24,0,2020-03-24
93.9,88.4,214.0,4.75,11.2,30.9,0.4,0.0,12.8,6.8,0.0,14.7,6.1,0.0,7.7,0.3,33.0,44.6,0.5,5.2,1,72,1,A01289,A01289_2020-03-24,0,2020-03-24
84.4,84.9,314.0,3.91,11.3,27.4,2.4,0.2,15.6,25.6,1.0,10.7,5.6,0.3,30.2,0.5,32.4,33.0,1.7,8.0,1,70,1,A00668,A00668_2020-03-24,0,2020-03-24
89.2,92.1,180.0,5.2,10.9,29.4,0.4,0.0,13.8,15.1,0.0,15.3,5.1,0.0,16.4,0.1,33.0,46.4,0.8,2.7,0,68,1,A00730,A00730_2020-03-24,0,2020-03-24
72.9,,215.5,4.555,9.3,22.3,,,17.25,,,10.15,,,8.6,,30.55,33.2,,,1,62,0,A01331,A01331_2020-03-24,0,2020-03-24
82.3,,224.0,3.93,9.133333333333333,27.13333333333334,,,17.26666666666667,,,10.66666666666667,,,8.766666666666666,,32.96666666666666,32.33333333333334,,,1,76,1,A00986,A00986_2020-03-24,0,2020-03-24
59.7,,199.0,6.98,,18.5,,,19.0,,,12.9,,,10.7,,30.9,41.7,,,1,65,1,A00507,A00507_2020-03-24,0,2020-03-24
84.2,,434.0,3.67,10.2,28.1,,,14.5,,,10.3,,,19.0,,33.3,30.9,,,1,61,1,A00364,A00364_2020-03-24,0,2020-03-24
87.1,79.0,297.0,5.59,10.7,29.5,0.4,0.0,13.6,5.9,2.4,16.5,13.2,0.2,7.5,0.3,33.9,48.7,1.0,5.1,0,56,1,A00050,A00050_2020-03-24,0,2020-03-24
77.3,63.3,283.0,5.24,10.0,25.6,1.0,0.1,13.2,7.3,1.1,13.4,26.3,0.1,11.6,0.7,33.1,40.5,3.1,8.6,0,52,0,A00002,A00002_2020-03-24,0,2020-03-24
97.30000000000001,87.5,304.0,3.505,9.7,31.25,0.6,0.1,13.3,9.5,0.1,10.95,6.6,0.0,10.1,0.5,32.15,34.15,0.7,5.3,1,18,1,A00298,A00298_2020-03-24,0,2020-03-24
86.8,90.0,160.0,4.54,11.1,29.7,0.3,0.0,12.6,6.5,0.0,13.5,5.2,0.0,7.2,0.0,34.3,39.4,0.4,4.8,0,85,1,A00950,A00950_2020-03-24,0,2020-03-24
90.0,78.9,233.0,4.6,11.4,30.0,0.4,0.0,12.0,4.7,0.3,13.8,14.6,0.0,6.0,0.3,33.3,41.4,0.9,5.9,0,68,0,A00310,A00310_2020-03-24,0,2020-03-24
100.6,89.3,97.0,3.54,10.4,31.4,1.8,0.1,15.3,22.9,0.3,11.1,3.1,0.1,25.6,0.4,31.2,35.6,0.8,6.9,1,79,1,A00907,A00907_2020-03-24,0,2020-03-24
89.5,,385.0,3.25,10.7,29.5,,,15.2,,,9.6,,,9.0,,33.0,29.1,,,0,48,0,A01688,A01688_2020-03-24,0,2020-03-24
94.7,78.6,169.0,4.94,10.8,30.2,1.1,0.1,13.0,8.5,1.1,14.9,9.5,0.1,10.8,0.6,31.8,46.8,1.0,10.2,0,93,1,A01622,A01622_2020-03-24,0,2020-03-24
80.8,74.2,628.0,5.16,10.6,27.7,0.9,0.0,13.7,5.4,1.9,14.3,10.8,0.1,7.3,0.5,34.3,41.7,0.8,12.6,0,58,1,A00425,A00425_2020-03-24,0,2020-03-24
91.7,66.3,396.0,5.06,9.5,30.0,0.5,0.0,14.2,4.6,2.5,15.2,22.9,0.2,6.9,0.7,32.8,46.4,1.6,7.6,1,46,1,A00830,A00830_2020-03-24,0,2020-03-24
85.2,,343.0,4.53,11.4,28.0,,,13.5,,,12.7,,,15.2,,32.9,38.6,,,1,61,1,A01257,A01257_2020-03-24,0,2020-03-24
85.9,85.3,216.0,4.61,10.9,28.4,0.4,0.0,12.3,6.8,1.4,13.1,8.4,0.1,8.0,0.1,33.1,39.6,0.7,4.8,0,54,1,A01363,A01363_2020-03-24,0,2020-03-24
78.0,,113.0,5.04,9.0,25.2,,,14.4,,,12.7,,,1.8,,32.3,39.3,,,0,56,0,A00046,A00046_2020-03-24,0,2020-03-24
100.0,81.6,218.0,4.78,12.6,29.1,0.4,0.1,15.9,8.7,5.3,13.9,8.4,0.6,10.7,0.8,29.1,47.8,0.9,3.9,1,61,1,A00900,A00900_2020-03-24,0,2020-03-24
85.5,77.1,524.0,4.62,9.7,28.4,0.4,0.1,14.3,7.7,3.5,13.1,14.6,0.4,10.0,0.7,33.2,39.5,1.5,4.1,0,80,1,A00693,A00693_2020-03-24,0,2020-03-24
86.6,60.9,248.0,4.99,10.8,29.1,0.7,0.0,12.6,5.2,0.8,14.5,30.2,0.1,8.5,0.4,33.6,43.2,2.6,7.7,0,42,1,A00300,A00300_2020-03-24,0,2020-03-24
89.3,69.8,607.0,4.3,11.0,26.3,1.3,0.0,18.0,6.6,4.2,11.3,12.1,0.4,9.5,0.5,29.4,38.4,1.1,13.4,1,61,1,A01628,A01628_2020-03-24,0,2020-03-24
85.0,84.6,313.0,4.92,10.5,28.7,0.4,0.0,13.2,9.3,0.3,14.1,11.1,0.0,11.0,0.2,33.7,41.8,1.2,3.8,0,50,1,A01369,A01369_2020-03-24,0,2020-03-24
91.8,64.0,437.0,4.01,10.5,31.4,0.4,0.0,12.4,2.6,3.4,12.6,21.7,0.1,4.1,0.5,34.2,36.8,0.9,10.4,0,66,1,A01575,A01575_2020-03-24,0,2020-03-24
87.1,46.7,330.0,4.57,11.0,29.3,0.6,0.1,12.5,2.3,5.7,13.4,33.5,0.3,5.0,2.2,33.7,39.8,1.7,11.9,0,52,1,A00169,A00169_2020-03-24,0,2020-03-24
92.3,56.0,290.0,4.56,9.8,30.7,0.6,0.1,13.3,5.9,1.6,14.0,35.7,0.2,10.5,0.6,33.3,42.1,3.7,6.1,0,41,0,A00482,A00482_2020-03-24,0,2020-03-24
90.1,88.3,296.0,4.23,10.5,29.1,1.2,0.0,14.1,15.2,0.1,12.3,4.2,0.0,17.2,0.2,32.3,38.1,0.7,7.2,0,75,1,A00692,A00692_2020-03-24,0,2020-03-24
91.0,88.8,322.0,4.21,10.0,29.2,0.7,0.1,13.5,19.4,0.4,12.3,7.1,0.1,21.9,0.4,32.1,38.3,1.6,3.3,1,52,1,A00123,A00123_2020-03-24,0,2020-03-24
87.3,83.0,89.0,4.11,11.3,28.7,0.8,0.0,12.0,7.1,0.1,11.8,7.0,0.0,8.6,0.1,32.9,35.9,0.6,9.8,0,42,1,A00304,A00304_2020-03-24,0,2020-03-24
80.9,57.2,325.0,5.35,10.6,28.8,0.6,0.0,11.8,2.5,2.5,15.4,25.2,0.1,4.4,0.7,35.6,43.3,1.1,14.4,0,45,1,A01100,A01100_2020-03-24,0,2020-03-24
74.9,89.9,90.0,3.95,,24.3,0.4,0.0,15.9,7.4,0.1,9.6,5.0,0.0,8.2,0.1,32.4,29.6,0.4,4.9,0,26,1,A00811,A00811_2020-03-24,0,2020-03-24
84.2,92.0,236.0,3.16,11.0,28.2,0.3,0.0,14.4,8.0,0.0,8.9,4.6,0.0,8.7,0.3,33.5,26.6,0.4,3.1,1,56,0,A00827,A00827_2020-03-24,0,2020-03-24
89.8,61.0,169.0,4.23,13.2,27.4,0.7,0.0,15.1,8.3,18.0,11.6,16.0,2.4,13.6,0.0,30.5,38.0,2.2,5.0,0,41,1,A00367,A00367_2020-03-24,0,2020-03-24
78.36666666666667,78.45,187.3333333333333,3.613333333333333,10.43333333333333,24.73333333333333,0.3,0.0,15.8,4.5,0.2,8.933333333333334,15.5,0.0,5.566666666666666,0.35,31.56666666666667,28.3,0.9,5.5,0,61,0,A00690,A00690_2020-03-24,0,2020-03-24
92.3,61.4,360.0,4.14,8.7,31.2,0.9,0.0,13.1,3.9,2.2,12.9,21.9,0.1,6.4,0.3,33.8,38.2,1.4,14.2,0,67,0,A01155,A01155_2020-03-24,0,2020-03-24
82.1,73.4,176.0,4.42,10.7,26.2,0.5,0.0,15.7,3.5,0.4,11.6,16.2,0.0,4.8,0.2,32.0,36.3,0.8,9.8,0,74,1,A01197,A01197_2020-03-24,0,2020-03-24
72.0,94.5,264.0,4.35,10.8,22.5,0.8,0.0,25.2,15.8,0.0,9.8,0.4,0.0,16.7,0.1,31.3,31.3,0.1,5.0,0,76,0,A01399,A01399_2020-03-24,0,2020-03-24
85.2,67.1,407.0,4.8,10.3,29.0,0.8,0.0,12.7,5.0,1.4,13.9,19.7,0.1,7.4,0.5,34.0,40.9,1.5,11.3,0,60,0,A01083,A01083_2020-03-24,0,2020-03-24
85.0,88.5,295.0,5.01,10.2,28.7,0.4,0.0,14.3,8.9,0.0,14.4,7.1,0.0,10.0,0.3,33.8,42.6,0.7,4.1,0,58,1,A01556,A01556_2020-03-24,0,2020-03-24
90.9,83.1,233.0,4.81,9.7,28.5,0.6,0.0,14.5,8.2,1.3,13.7,9.5,0.1,9.9,0.2,31.4,43.7,0.9,5.9,1,59,0,A01358,A01358_2020-03-24,0,2020-03-24
92.4,81.6,336.0,4.21,10.2,29.2,0.5,0.1,14.5,8.0,1.9,12.3,11.2,0.2,9.8,0.7,31.6,38.9,1.1,4.6,1,67,1,A00349,A00349_2020-03-24,0,2020-03-24
84.4,84.9,314.0,3.91,11.3,27.4,2.4,0.2,15.6,25.6,1.0,10.7,5.6,0.3,30.2,0.5,32.4,33.0,1.7,8.0,1,71,0,A00667,A00667_2020-03-24,0,2020-03-24
91.2,82.6,101.0,3.99,,31.3,0.3,0.0,13.3,3.7,0.0,12.5,9.7,0.0,4.5,0.2,34.3,36.4,0.4,7.5,0,78,1,A00142,A00142_2020-03-24,0,2020-03-24
84.6,78.9,527.0,4.74,9.8,28.3,0.6,0.0,12.9,8.0,1.5,13.4,13.8,0.2,10.1,0.3,33.4,40.1,1.4,5.5,0,52,1,A01330,A01330_2020-03-24,0,2020-03-24
90.6,71.9,204.0,3.83,12.1,29.8,0.6,0.0,12.6,4.0,0.0,11.4,16.5,0.0,5.5,0.4,32.9,34.7,0.9,11.2,0,59,0,A01588,A01588_2020-03-24,0,2020-03-24
92.4,75.2,308.0,3.8,11.9,30.3,1.4,0.2,12.8,10.8,6.1,11.5,7.3,0.9,14.3,1.3,32.8,35.1,1.0,10.1,1,55,1,A01270,A01270_2020-03-24,0,2020-03-24
96.1,39.0,209.0,3.61,10.9,32.7,0.5,0.0,12.1,4.6,0.0,11.8,57.0,0.0,11.9,0.0,34.0,34.7,6.8,4.0,0,52,1,A00544,A00544_2020-03-24,0,2020-03-24
86.8,42.3,120.0,5.59,12.5,28.4,0.2,0.0,14.4,6.9,0.0,15.9,56.1,0.0,16.3,0.1,32.8,48.5,9.1,1.5,1,65,1,A00394,A00394_2020-03-24,0,2020-03-24
78.2,80.2,129.0,4.96,11.6,26.2,1.2,0.0,15.8,9.1,0.2,13.0,8.7,0.0,11.4,0.3,33.5,38.8,1.0,10.6,0,79,1,A00853,A00853_2020-03-24,0,2020-03-24
88.5,59.8,268.0,4.07,11.4,30.5,0.5,0.1,11.9,3.6,2.2,12.4,28.5,0.1,6.0,1.0,34.4,36.0,1.7,8.5,0,56,1,A00509,A00509_2020-03-24,0,2020-03-24
81.9,83.1,164.0,4.32,10.9,27.5,0.6,0.0,12.9,6.4,0.7,11.9,8.3,0.1,7.7,0.1,33.6,35.4,0.6,7.8,0,85,0,A01099,A01099_2020-03-24,0,2020-03-24
81.5,76.7,183.0,5.14,12.9,29.6,0.4,0.0,11.8,4.1,1.0,15.2,13.9,0.1,5.3,0.2,36.3,41.9,0.7,8.2,0,49,1,A00651,A00651_2020-03-24,0,2020-03-24
93.4,51.8,519.0,4.53,9.0,28.5,1.8,0.1,14.2,3.9,3.5,12.9,19.0,0.3,7.5,1.5,30.5,42.3,1.4,24.2,1,49,1,A00084,A00084_2020-03-24,0,2020-03-24
93.8,81.8,295.0,4.0,9.5,28.5,1.0,0.1,13.2,11.7,0.3,11.4,10.3,0.0,14.3,0.4,30.4,37.5,1.5,7.2,1,61,0,A01144,A01144_2020-03-24,0,2020-03-24
90.1,86.5,177.0,5.27,10.4,30.6,0.2,0.0,12.3,9.4,0.0,16.1,12.0,0.0,10.9,0.1,33.9,47.5,1.3,1.4,0,58,1,A00077,A00077_2020-03-24,0,2020-03-24
87.6,88.4,201.0,5.08,10.4,28.9,0.3,0.0,14.0,8.0,0.0,14.7,7.8,0.0,9.1,0.2,33.0,44.5,0.7,3.6,0,88,0,A00363,A00363_2020-03-24,0,2020-03-24
92.5,77.0,256.0,3.59,11.6,30.4,1.3,0.1,13.6,9.7,0.0,10.9,12.2,0.0,12.6,0.6,32.8,33.2,1.5,10.2,0,34,1,A01367,A01367_2020-03-24,0,2020-03-24
85.0,84.6,313.0,4.92,10.5,28.7,0.4,0.0,13.2,9.3,0.3,14.1,11.1,0.0,11.0,0.2,33.7,41.8,1.2,3.8,0,57,1,A01422,A01422_2020-03-24,0,2020-03-24
84.0,75.0,355.0,4.45,10.0,28.8,0.9,0.0,12.3,5.6,0.7,12.8,12.7,0.1,7.4,0.1,34.2,37.4,0.9,11.5,0,67,0,A00568,A00568_2020-03-24,0,2020-03-24
82.9,82.5,256.0,4.09,8.6,28.9,0.2,0.0,13.1,4.3,0.0,11.8,13.4,0.0,5.2,0.2,34.8,33.9,0.7,3.9,0,62,0,A00306,A00306_2020-03-24,0,2020-03-24
91.1,87.1,342.0,4.71,9.9,29.1,0.3,0.0,13.8,7.2,2.3,13.7,6.7,0.2,8.3,0.4,31.9,42.9,0.6,3.5,1,62,1,A01435,A01435_2020-03-24,0,2020-03-24
86.1,43.3,217.0,4.59,10.4,30.5,0.7,0.0,12.5,2.2,3.0,14.0,39.3,0.2,5.0,0.8,35.4,39.5,2.0,13.6,0,58,1,A01198,A01198_2020-03-24,0,2020-03-24
91.1,64.8,678.0,4.85,9.4,29.5,1.0,0.0,12.8,5.4,2.0,14.3,20.8,0.2,8.3,0.6,32.4,44.2,1.7,11.8,0,65,1,A00230,A00230_2020-03-24,0,2020-03-24
88.0,69.8,195.0,5.1,8.9,30.2,0.5,0.0,12.1,4.5,0.2,15.4,22.2,0.0,6.4,0.5,34.3,44.9,1.4,7.3,0,46,0,A00635,A00635_2020-03-24,0,2020-03-24
99.5,90.4,259.0,3.88,12.3,31.7,1.1,0.1,14.6,24.3,0.1,12.3,4.8,0.0,26.9,0.5,31.9,38.6,1.3,4.2,1,72,1,A01338,A01338_2020-03-24,0,2020-03-24
77.9,54.2,180.0,4.57,10.4,26.0,0.3,0.0,14.3,1.7,0.6,11.9,35.6,0.0,3.2,0.3,33.4,35.6,1.1,9.3,0,45,0,A01496,A01496_2020-03-24,0,2020-03-24
88.5,95.0,156.0,4.54,11.0,29.1,0.5,0.0,14.3,14.0,0.1,13.2,1.2,0.0,14.7,0.3,32.8,40.2,0.2,3.4,0,88,0,A01566,A01566_2020-03-24,0,2020-03-24
100.0,75.6,256.0,4.25,11.8,29.4,1.0,0.0,15.3,6.8,1.4,12.5,11.5,0.1,9.0,0.4,29.4,42.5,1.0,11.1,1,58,1,A00463,A00463_2020-03-24,0,2020-03-24
94.7,88.0,175.0,4.37,11.1,30.9,0.7,0.1,12.7,11.0,0.6,13.5,5.3,0.1,12.5,0.4,32.6,41.4,0.7,5.7,1,46,1,A00594,A00594_2020-03-24,0,2020-03-24
93.1,88.5,519.0,5.22,9.6,31.2,1.4,0.0,12.1,15.2,0.0,16.3,3.1,0.0,17.2,0.2,33.5,48.6,0.5,8.2,0,80,1,A00341,A00341_2020-03-25,0,2020-03-25
84.0,62.1,482.0,4.63,10.9,27.6,0.8,0.0,15.4,5.0,2.1,12.8,25.0,0.2,8.0,0.3,32.9,38.9,2.0,10.5,0,49,1,A01483,A01483_2020-03-25,0,2020-03-25
89.5,72.7,239.0,5.03,9.0,31.4,0.7,0.0,12.6,6.3,0.1,15.8,19.4,0.0,8.7,0.2,35.1,45.0,1.7,7.6,0,47,1,A01180,A01180_2020-03-25,0,2020-03-25
94.5,61.0,401.0,4.39,10.9,32.6,0.6,0.1,11.8,3.7,0.8,14.3,27.4,0.0,6.1,1.0,34.5,41.5,1.7,9.8,0,74,1,A00134,A00134_2020-03-25,0,2020-03-25
75.2,61.6,349.0,5.49,9.3,24.8,0.7,0.0,13.6,3.9,0.0,13.6,26.7,0.0,6.3,0.2,32.9,41.3,1.7,11.5,0,48,1,A00246,A00246_2020-03-25,0,2020-03-25
98.2,72.9,302.0,4.38,12.0,29.5,1.0,0.1,15.0,6.3,2.1,12.9,12.3,0.2,8.6,1.5,30.0,43.0,1.1,11.2,1,58,1,A00463,A00463_2020-03-25,0,2020-03-25
99.1,61.1,151.0,4.56,12.1,32.2,0.6,0.0,11.9,3.8,1.4,14.7,27.3,0.1,6.3,0.3,32.5,45.2,1.7,9.9,0,67,0,A00320,A00320_2020-03-25,0,2020-03-25
85.5,57.9,213.0,4.4,9.2,29.3,0.5,0.0,13.0,2.1,1.4,12.9,26.4,0.1,3.6,0.3,34.3,37.6,1.0,14.0,0,56,1,A00870,A00870_2020-03-25,0,2020-03-25
96.83333333333333,73.0,183.0,2.813333333333334,11.63333333333333,31.46666666666667,0.6,0.03333333333333333,16.26666666666667,6.333333333333333,1.266666666666667,8.833333333333334,18.13333333333333,0.1,8.6,0.5333333333333333,32.53333333333333,27.1,1.533333333333333,7.066666666666666,0,74,1,A00102,A00102_2020-03-25,0,2020-03-25
99.0,89.0,86.0,3.13,12.0,30.7,0.3,0.0,18.4,5.5,0.0,9.6,6.0,0.0,6.2,0.0,31.0,31.0,0.4,5.0,0,89,0,A01186,A01186_2020-03-25,0,2020-03-25
85.7,57.3,333.0,5.16,10.1,28.7,0.7,0.0,11.9,2.9,2.9,14.8,24.9,0.1,5.1,0.6,33.5,44.2,1.3,14.3,0,47,1,A01485,A01485_2020-03-25,0,2020-03-25
90.7,77.3,296.0,4.62,9.4,31.6,0.5,0.0,12.0,7.4,0.7,14.6,16.4,0.1,9.6,0.3,34.8,41.9,1.6,5.3,0,59,1,A01648,A01648_2020-03-25,0,2020-03-25
89.8,85.3,290.0,4.1,11.0,29.3,0.8,0.1,13.5,14.8,0.4,12.0,9.4,0.1,17.4,0.5,32.6,36.8,1.6,4.4,1,52,1,A00123,A00123_2020-03-25,0,2020-03-25
87.7,40.8,127.0,5.79,12.3,28.2,0.3,0.0,14.3,8.4,0.0,16.3,57.4,0.0,20.6,0.2,32.1,50.8,11.8,1.6,1,65,1,A00394,A00394_2020-03-25,0,2020-03-25
98.5,91.1,301.0,4.07,12.4,31.2,0.8,0.2,14.6,25.0,1.1,12.7,4.3,0.3,27.4,0.6,31.7,40.1,1.2,2.9,1,72,1,A01338,A01338_2020-03-25,0,2020-03-25
94.1,72.5,406.0,3.9,10.7,30.0,0.6,0.1,14.6,8.6,7.1,11.7,14.2,0.8,11.8,0.8,31.9,36.7,1.7,5.4,1,54,1,A01478,A01478_2020-03-25,0,2020-03-25
99.2,89.5,259.0,2.49,9.4,32.1,0.5,0.1,16.3,9.4,0.0,8.0,4.9,0.0,10.5,0.8,32.4,24.7,0.5,4.8,0,79,1,A00434,A00434_2020-03-25,0,2020-03-25
89.6,83.1,203.0,4.02,8.6,30.3,0.3,0.0,14.6,7.1,0.0,12.2,13.5,0.0,8.6,0.4,33.9,36.0,1.2,3.0,0,83,1,A00672,A00672_2020-03-25,0,2020-03-25
87.2,73.9,248.0,4.39,11.4,27.1,0.5,0.0,15.3,4.0,0.0,11.9,17.3,0.0,5.4,0.2,31.1,38.3,0.9,8.6,0,54,0,A00617,A00617_2020-03-25,0,2020-03-25
86.2,61.4,178.0,4.14,11.6,26.3,0.7,0.0,14.1,4.0,2.0,10.9,25.9,0.1,6.5,0.6,30.5,35.7,1.7,10.1,0,69,0,A00186,A00186_2020-03-25,0,2020-03-25
61.7,,174.0,6.13,,19.1,,,19.2,,,11.7,,,9.4,,31.0,37.8,,,1,65,1,A00507,A00507_2020-03-25,0,2020-03-25
80.7,55.5,332.0,5.48,10.4,28.8,0.6,0.0,11.6,2.3,2.5,15.8,27.0,0.1,4.1,0.7,35.7,44.2,1.1,14.3,0,45,1,A01100,A01100_2020-03-25,0,2020-03-25
73.0,93.4,186.0,4.6,,23.3,1.2,0.0,26.6,20.5,0.0,10.7,1.1,0.0,21.9,0.1,31.8,33.6,0.2,5.4,0,76,0,A01399,A01399_2020-03-25,0,2020-03-25
93.69999999999999,91.65,202.0,4.435,11.15,30.8,0.35,0.0,13.15,7.699999999999999,0.0,13.65,4.0,0.0,8.4,0.3,32.9,41.55,0.3,4.05,1,72,1,A01289,A01289_2020-03-25,0,2020-03-25
93.8,78.5,336.0,3.88,10.3,31.7,1.7,0.1,14.0,13.3,0.1,12.3,10.7,0.0,16.9,0.6,33.8,36.4,1.8,10.1,0,34,1,A01367,A01367_2020-03-25,0,2020-03-25
85.3,65.2,369.0,4.41,9.7,30.2,0.6,0.0,12.1,2.9,2.0,13.3,19.4,0.1,4.4,0.5,35.4,37.6,0.9,12.9,0,87,0,A01616,A01616_2020-03-25,0,2020-03-25
87.8,82.8,499.0,4.33,10.5,29.1,0.9,0.2,13.8,14.8,0.1,12.6,10.8,0.0,17.9,1.1,33.2,38.0,1.9,5.2,0,79,0,A01239,A01239_2020-03-25,0,2020-03-25
89.3,82.6,269.0,4.03,11.3,29.3,0.5,0.0,14.3,8.1,0.0,11.8,11.7,0.0,9.8,0.2,32.8,36.0,1.1,5.5,0,82,1,A01206,A01206_2020-03-25,0,2020-03-25
84.1,80.35,315.0,4.345,8.2,28.75,0.3,0.0,13.3,4.35,0.0,12.5,14.5,0.0,5.45,0.1,34.2,36.55,0.8,5.05,0,62,0,A00306,A00306_2020-03-25,0,2020-03-25
88.5,44.1,216.0,4.7,12.4,29.1,0.5,0.0,13.4,1.6,3.6,13.7,36.9,0.1,3.6,1.1,32.9,41.6,1.3,14.3,0,63,1,A00265,A00265_2020-03-25,0,2020-03-25
90.9,84.8,141.0,4.41,9.7,30.8,0.7,0.0,12.2,11.8,0.0,13.6,10.4,0.0,13.9,0.1,33.9,40.1,1.4,4.7,0,74,0,A00021,A00021_2020-03-25,0,2020-03-25
81.93333333333334,,241.0,4.003333333333333,9.5,26.9,,,17.23333333333333,,,10.76666666666667,,,9.6,,32.8,32.8,,,1,76,1,A00986,A00986_2020-03-25,0,2020-03-25
82.0,66.3,258.0,4.82,9.4,27.4,0.4,0.0,13.2,4.0,1.8,13.2,24.7,0.1,6.0,0.3,33.4,39.5,1.5,6.9,0,55,0,A00179,A00179_2020-03-25,0,2020-03-25
89.2,,484.0,3.52,10.5,28.1,,,15.1,,,9.9,,,19.3,,31.5,31.4,,,1,61,1,A00364,A00364_2020-03-25,0,2020-03-25
88.6,83.3,181.0,4.37,10.1,28.8,0.7,0.0,12.5,5.7,0.0,12.6,7.1,0.0,6.8,0.0,32.6,38.7,0.5,9.6,0,78,0,A00931,A00931_2020-03-25,0,2020-03-25
100.0,73.7,206.0,4.08,9.9,34.6,0.8,0.0,13.6,6.4,2.9,14.1,13.4,0.3,8.7,0.5,34.6,40.8,1.2,9.5,0,82,1,A00345,A00345_2020-03-25,0,2020-03-25
87.8,46.8,386.0,3.93,9.9,29.3,0.3,0.0,13.9,1.1,0.0,11.5,38.7,0.0,2.4,0.9,33.3,34.5,0.9,13.6,0,60,0,A01032,A01032_2020-03-25,0,2020-03-25
84.0,62.1,482.0,4.63,10.9,27.6,0.8,0.0,15.4,5.0,2.1,12.8,25.0,0.2,8.0,0.3,32.9,38.9,2.0,10.5,0,49,1,A01482,A01482_2020-03-25,0,2020-03-25
86.6,73.5,332.0,4.25,8.9,29.2,0.6,0.0,11.9,4.6,0.0,12.4,16.4,0.0,6.2,0.3,33.7,36.8,1.0,9.8,0,53,0,A00984,A00984_2020-03-25,0,2020-03-25
91.6,72.5,172.0,4.88,10.4,30.9,0.4,0.0,15.2,5.4,0.0,15.1,22.5,0.0,7.5,0.3,33.8,44.7,1.7,4.7,0,89,0,A00638,A00638_2020-03-25,0,2020-03-25
75.3,86.2,108.0,4.05,,24.0,0.4,0.0,15.9,6.6,0.4,9.7,8.2,0.0,7.7,0.3,31.8,30.5,0.6,4.9,0,26,1,A00811,A00811_2020-03-25,0,2020-03-25
79.0,77.1,475.0,4.1,10.3,26.3,0.4,0.0,14.2,5.2,0.0,10.8,16.6,0.0,6.8,0.3,33.3,32.4,1.1,6.0,0,75,0,A01513,A01513_2020-03-25,0,2020-03-25
98.9,90.0,61.0,3.55,10.4,30.7,1.7,0.1,16.8,24.8,0.7,10.9,2.6,0.2,27.6,0.4,31.1,35.1,0.7,6.3,1,79,1,A00907,A00907_2020-03-25,0,2020-03-25
83.5,62.7,522.0,4.61,9.2,27.3,0.5,0.0,13.6,3.3,4.5,12.6,23.4,0.2,5.3,0.6,32.7,38.5,1.2,8.8,0,70,1,A00059,A00059_2020-03-25,0,2020-03-25
97.25,90.3,461.5,2.3,10.9,31.75,0.7,0.05,14.55,17.6,0.05,7.3,6.05,0.0,19.55,0.2,32.65000000000001,22.4,1.2,3.4,0,79,1,A01364,A01364_2020-03-25,0,2020-03-25
85.9,83.3,417.0,4.19,10.1,28.2,0.4,0.0,17.5,8.0,1.5,11.8,10.9,0.1,9.6,0.2,32.8,36.0,1.0,4.1,1,78,1,A01005,A01005_2020-03-25,0,2020-03-25
82.3,84.8,295.0,3.67,11.0,26.7,2.2,0.1,15.7,22.1,1.0,9.8,5.4,0.3,26.1,0.3,32.5,30.2,1.4,8.5,1,70,1,A00668,A00668_2020-03-25,0,2020-03-25
84.0,62.1,482.0,4.63,10.9,27.6,0.8,0.0,15.4,5.0,2.1,12.8,25.0,0.2,8.0,0.3,32.9,38.9,2.0,10.5,0,67,0,A01455,A01455_2020-03-25,0,2020-03-25
88.8,81.7,491.0,3.65,10.5,29.6,1.1,0.0,15.1,8.6,0.2,10.8,7.5,0.0,10.5,0.2,33.3,32.4,0.8,10.4,0,48,0,A01688,A01688_2020-03-25,0,2020-03-25
84.0,35.6,457.0,4.86,10.3,27.8,0.8,0.0,13.4,2.3,2.2,13.5,49.8,0.1,6.4,0.6,33.1,40.8,3.2,11.8,0,51,0,A00245,A00245_2020-03-25,0,2020-03-25
94.30000000000001,82.5,150.5,3.4,11.0,29.4,2.2,0.0,14.4,16.2,0.3,10.0,5.8,0.1,19.6,0.2,31.25,32.05,1.1,11.2,1,71,1,A00165,A00165_2020-03-25,1,2020-03-25
89.9,73.4,311.0,3.98,12.4,29.4,1.4,0.2,12.6,10.3,8.4,11.7,6.9,1.2,14.0,1.1,32.7,35.8,1.0,10.2,1,55,1,A01270,A01270_2020-03-25,0,2020-03-25
89.2,70.2,395.0,5.28,9.5,29.4,0.8,0.0,11.6,2.9,1.2,15.5,10.0,0.0,4.1,0.2,32.9,47.1,0.4,18.4,0,77,1,A00228,A00228_2020-03-25,0,2020-03-25
93.85,81.1,384.0,4.38,9.649999999999999,33.1,0.5,0.0,13.5,4.9,0.0,14.5,10.2,0.0,6.1,0.2,35.3,41.1,0.6,8.5,1,58,1,A01439,A01439_2020-03-25,0,2020-03-25
83.9,,566.0,4.66,9.5,28.8,,,13.0,,,13.4,,,7.8,,34.3,39.1,,,0,52,1,A01330,A01330_2020-03-25,0,2020-03-25
79.4,68.9,271.0,4.94,9.5,27.3,0.5,0.0,12.3,4.0,0.2,13.5,22.5,0.0,5.8,0.3,34.4,39.2,1.3,8.1,0,31,0,A01183,A01183_2020-03-25,0,2020-03-25
87.4,66.7,392.0,5.06,11.7,30.0,1.5,0.0,11.9,6.7,2.4,15.2,15.5,0.2,10.0,0.4,34.4,44.2,1.6,15.0,0,55,1,A01181,A01181_2020-03-25,0,2020-03-25
88.1,79.2,299.0,5.22,11.2,31.2,0.6,0.0,14.6,7.5,0.0,16.3,13.9,0.0,9.5,0.3,35.4,46.0,1.3,6.6,0,63,1,A00911,A00911_2020-03-25,0,2020-03-25
85.8,,393.0,5.15,12.7,26.4,,,17.0,,,13.6,,,23.1,,30.8,44.2,,,1,65,1,A01029,A01029_2020-03-25,1,2020-03-25
91.5,66.7,91.0,4.81,12.4,29.1,1.0,0.1,14.2,9.7,1.6,14.0,24.1,0.2,14.5,0.6,31.8,44.0,3.5,7.0,0,60,1,A01644,A01644_2020-03-25,0,2020-03-25
90.0,67.6,291.0,3.79,9.8,29.3,0.4,0.0,12.6,4.1,1.5,11.1,23.6,0.1,6.1,0.3,32.6,34.1,1.4,7.0,0,81,0,A01305,A01305_2020-03-25,0,2020-03-25
94.7,89.9,312.0,4.31,9.9,28.1,0.9,0.1,13.3,18.1,0.1,12.1,4.9,0.0,20.1,0.4,29.7,40.8,1.0,4.7,1,61,0,A01144,A01144_2020-03-25,0,2020-03-25
93.9,89.6,247.0,4.23,9.7,30.7,0.9,0.1,12.8,14.0,0.1,13.0,4.2,0.0,15.6,0.4,32.7,39.7,0.7,5.7,1,82,0,A00708,A00708_2020-03-25,0,2020-03-25
95.3,75.3,177.0,4.29,10.6,30.1,0.5,0.1,12.5,4.4,2.3,12.9,13.5,0.1,5.8,0.9,31.5,40.9,0.8,8.0,1,57,1,A01443,A01443_2020-03-25,0,2020-03-25
91.3,80.7,193.0,4.47,9.9,31.5,0.3,0.0,13.4,4.1,0.8,14.1,12.7,0.0,5.1,0.0,34.6,40.8,0.6,5.8,0,74,1,A00770,A00770_2020-03-25,0,2020-03-25
89.5,87.8,458.0,5.16,10.6,30.8,1.1,0.1,14.0,21.2,0.1,15.9,7.4,0.0,24.1,0.3,34.4,46.2,1.8,4.4,1,70,1,A01267,A01267_2020-03-25,0,2020-03-25
112.0,74.3,345.0,1.75,10.1,65.7,0.4,0.0,,5.1,0.1,11.5,18.8,0.0,6.8,0.4,58.7,19.6,1.3,6.4,0,74,1,A00542,A00542_2020-03-25,0,2020-03-25
90.5,69.2,201.0,4.75,12.0,28.6,0.6,0.1,14.5,5.3,2.6,13.6,20.0,0.2,7.6,0.7,31.6,43.0,1.5,7.5,0,73,1,A00512,A00512_2020-03-25,0,2020-03-25
85.5,88.8,275.0,3.38,10.5,28.7,0.7,0.0,14.5,10.4,0.1,9.7,4.8,0.0,11.7,0.2,33.6,28.9,0.6,6.1,1,56,0,A00827,A00827_2020-03-25,0,2020-03-25
97.2,51.5,95.0,3.22,12.0,32.3,0.5,0.0,13.3,2.7,1.0,10.4,38.2,0.1,5.2,0.4,33.2,31.3,2.0,8.9,0,89,0,A00162,A00162_2020-03-25,0,2020-03-25
93.9,75.6,265.0,3.62,10.4,29.6,0.6,0.1,14.9,8.9,2.0,10.7,16.6,0.2,11.8,0.5,31.5,34.0,2.0,5.3,1,67,1,A00349,A00349_2020-03-25,0,2020-03-25
93.9,89.6,247.0,4.23,9.7,30.7,0.9,0.1,12.8,14.0,0.1,13.0,4.2,0.0,15.6,0.4,32.7,39.7,0.7,5.7,1,76,1,A00726,A00726_2020-03-25,0,2020-03-25
87.1,82.5,226.0,4.72,11.0,28.2,0.4,0.0,11.9,6.0,1.2,13.3,11.1,0.1,7.3,0.3,32.4,41.1,0.8,4.9,0,54,1,A01363,A01363_2020-03-25,0,2020-03-25
86.6,70.1,357.0,4.99,10.9,26.7,0.9,0.1,13.4,6.7,2.3,13.3,17.5,0.2,9.5,0.8,30.8,43.2,1.7,9.3,0,54,1,A00145,A00145_2020-03-25,0,2020-03-25
80.7,78.9,245.0,4.82,9.6,26.1,0.3,0.0,15.9,3.2,0.0,12.6,13.0,0.0,4.1,0.2,32.4,38.9,0.5,7.9,0,61,0,A01122,A01122_2020-03-25,0,2020-03-25
93.3,,508.0,3.86,9.3,29.5,,,12.5,,,11.4,,,5.6,,31.7,36.0,,,0,49,0,A00814,A00814_2020-03-25,0,2020-03-25
82.7,88.0,251.0,4.73,10.4,28.3,0.5,0.0,13.5,6.4,0.0,13.4,5.6,0.0,7.3,0.1,34.3,39.1,0.4,6.3,0,65,0,A00952,A00952_2020-03-25,0,2020-03-25
97.6,82.1,225.0,4.65,12.5,29.0,0.5,0.1,16.5,8.7,4.5,13.5,8.0,0.5,10.6,0.7,29.7,45.4,0.8,4.7,1,61,1,A00900,A00900_2020-03-25,0,2020-03-25
79.7,76.7,182.0,4.73,11.9,26.2,1.5,0.1,15.5,9.0,0.8,12.4,9.6,0.1,11.7,0.5,32.9,37.7,1.1,12.4,0,79,1,A00853,A00853_2020-03-25,0,2020-03-25
88.9,65.5,172.0,3.88,13.0,28.1,0.8,0.1,14.8,7.6,1.6,10.9,25.5,0.2,11.6,0.6,31.6,34.5,3.0,6.8,0,41,1,A00367,A00367_2020-03-25,0,2020-03-25
82.0,78.5,179.0,4.99,10.7,29.1,0.6,0.0,11.9,7.5,0.0,14.5,15.4,0.0,9.5,0.2,35.5,40.9,1.5,5.9,0,44,1,A00838,A00838_2020-03-25,0,2020-03-25
94.2,86.9,575.0,4.67,11.1,30.0,0.8,0.0,14.4,13.6,0.0,14.0,8.0,0.0,15.6,0.2,31.8,44.0,1.2,4.9,0,59,1,A01280,A01280_2020-03-25,0,2020-03-25
86.2,77.6,230.0,4.71,9.5,30.6,0.2,0.0,12.0,3.8,0.0,14.4,17.9,0.0,4.9,0.0,35.5,40.6,0.9,4.5,0,51,1,A00051,A00051_2020-03-25,0,2020-03-25
89.7,47.4,281.0,4.74,10.1,30.2,0.9,0.0,12.0,1.8,1.1,14.3,27.7,0.0,3.8,0.3,33.6,42.5,1.1,23.5,0,68,1,A00336,A00336_2020-03-25,0,2020-03-25
86.5,71.4,338.0,4.21,10.4,29.2,1.1,0.0,12.2,5.6,1.5,12.3,12.6,0.1,7.9,0.1,33.8,36.4,1.0,14.4,0,67,0,A00568,A00568_2020-03-25,0,2020-03-25
91.5,76.2,256.0,4.0,9.8,31.3,0.2,0.0,12.8,3.9,0.4,12.5,18.5,0.0,5.1,0.2,34.2,36.6,0.9,4.7,0,66,0,A01175,A01175_2020-03-25,0,2020-03-25
95.4,87.3,233.0,4.54,10.2,28.6,1.0,0.0,14.7,13.3,0.0,13.0,6.0,0.0,15.2,0.1,30.0,43.3,0.9,6.6,1,59,0,A01358,A01358_2020-03-25,0,2020-03-25
90.4,61.9,362.0,4.27,9.5,30.4,0.7,0.1,13.4,3.3,2.4,13.0,21.2,0.1,5.4,1.1,33.7,38.6,1.1,13.4,0,54,1,A01442,A01442_2020-03-25,0,2020-03-25
85.9,83.6,376.0,5.12,9.8,28.3,0.6,0.1,14.3,8.4,0.0,14.5,10.2,0.0,10.0,0.6,33.0,44.0,1.0,5.6,0,58,1,A01556,A01556_2020-03-25,0,2020-03-25
92.1,72.5,362.0,4.91,9.4,30.3,0.5,0.1,14.2,5.1,2.3,14.9,16.6,0.2,7.0,0.9,33.0,45.2,1.2,7.7,1,46,1,A00830,A00830_2020-03-25,0,2020-03-25
91.9,62.4,217.0,4.45,9.8,30.8,0.4,0.0,12.3,3.0,0.2,13.7,28.3,0.0,4.8,0.4,33.5,40.9,1.4,8.7,0,67,0,A01076,A01076_2020-03-25,0,2020-03-25
82.9,79.4,195.0,5.09,10.9,28.5,0.3,0.0,12.7,4.0,0.0,14.5,14.1,0.0,5.0,0.0,34.4,42.2,0.7,6.5,0,86,1,A01437,A01437_2020-03-25,0,2020-03-25
82.8,74.8,421.0,4.3,9.6,27.9,0.8,0.0,13.3,5.3,0.1,12.0,14.3,0.0,7.1,0.1,33.7,35.6,1.0,10.7,0,80,0,A00249,A00249_2020-03-25,0,2020-03-25
89.2,56.8,293.0,4.09,11.2,29.8,0.5,0.1,11.9,3.4,3.4,12.2,30.1,0.2,5.9,1.2,33.4,36.5,1.8,8.5,0,56,1,A00509,A00509_2020-03-25,0,2020-03-25
91.9,85.2,317.0,2.73,10.8,28.9,1.3,0.1,15.7,12.4,0.1,7.9,5.3,0.0,14.5,0.4,31.5,25.1,0.8,9.0,0,61,1,A01084,A01084_2020-03-25,0,2020-03-25
91.4,71.8,587.0,4.09,11.0,26.4,1.3,0.1,18.0,7.1,4.4,10.8,10.1,0.4,9.9,0.6,28.9,37.4,1.0,13.1,1,61,1,A01628,A01628_2020-03-25,0,2020-03-25
91.0,75.8,327.0,4.11,10.3,31.4,1.0,0.1,11.9,7.7,1.8,12.9,12.3,0.2,10.1,0.5,34.5,37.4,1.2,9.6,0,76,1,A01378,A01378_2020-03-25,0,2020-03-25
85.3,75.6,158.0,4.91,12.0,27.3,0.2,0.0,16.1,3.3,0.0,13.4,20.1,0.0,4.4,0.2,32.0,41.9,0.9,4.1,0,62,0,A01077,A01077_2020-03-25,0,2020-03-25
82.3,84.8,295.0,3.67,11.0,26.7,2.2,0.1,15.7,22.1,1.0,9.8,5.4,0.3,26.1,0.3,32.5,30.2,1.4,8.5,1,71,0,A00667,A00667_2020-03-25,0,2020-03-25
88.4,76.4,251.0,5.07,9.4,30.6,0.6,0.0,13.1,6.3,0.0,15.5,16.4,0.0,8.2,0.2,34.6,44.8,1.3,7.0,0,53,1,A00501,A00501_2020-03-25,0,2020-03-25
85.5,76.6,394.0,4.76,11.1,28.8,1.1,0.0,13.7,9.3,1.3,13.7,12.3,0.2,12.1,0.4,33.7,40.7,1.5,9.4,0,61,1,A01257,A01257_2020-03-25,0,2020-03-25
86.3,92.9,413.0,4.74,10.9,30.2,0.4,0.0,11.9,15.3,0.0,14.3,4.5,0.0,16.5,0.1,35.0,40.9,0.7,2.5,0,61,1,A00980,A00980_2020-03-25,0,2020-03-25
99.8,,77.0,4.56,12.6,32.7,,,14.1,,,14.9,,,13.0,,32.7,45.5,,,0,58,1,A01247,A01247_2020-03-25,0,2020-03-25
84.8,92.6,281.0,5.25,10.4,27.6,0.2,0.0,16.0,10.7,0.2,14.5,5.1,0.0,11.6,0.2,32.6,44.5,0.6,1.9,0,77,1,A01188,A01188_2020-03-25,0,2020-03-25
87.1,85.1,184.0,2.79,11.9,29.4,1.7,0.0,15.1,24.2,2.0,8.2,6.9,0.6,28.4,0.1,33.7,24.3,2.0,5.9,1,70,0,A01393,A01393_2020-03-25,0,2020-03-25
90.8,85.9,374.0,4.47,9.6,29.8,0.3,0.0,14.1,6.0,3.2,13.3,5.8,0.2,7.0,0.6,32.8,40.6,0.4,4.5,1,62,1,A01435,A01435_2020-03-25,0,2020-03-25
86.3,80.9,209.0,2.93,10.9,29.4,0.6,0.0,13.2,6.3,0.0,8.6,11.8,0.0,7.8,0.1,34.0,25.3,0.9,7.2,0,77,1,A00699,A00699_2020-03-25,0,2020-03-25
93.2,50.9,527.0,4.71,9.1,29.1,1.8,0.1,14.2,3.9,3.3,13.7,21.3,0.3,7.7,1.2,31.2,43.9,1.6,23.3,1,49,1,A00084,A00084_2020-03-25,0,2020-03-25
84.3,55.2,298.0,4.07,8.8,26.8,0.9,0.1,13.3,3.1,1.9,10.9,25.5,0.1,5.7,1.8,31.8,34.3,1.5,15.6,0,71,1,A01103,A01103_2020-03-25,0,2020-03-25
96.1,74.0,158.0,4.31,10.9,33.9,0.3,0.0,11.8,3.3,0.0,14.6,18.5,0.0,4.4,0.2,35.3,41.4,0.8,7.3,0,87,1,A01026,A01026_2020-03-25,0,2020-03-25
86.0,60.7,310.0,5.28,10.6,29.0,1.4,0.1,12.8,5.7,3.1,15.3,21.0,0.3,9.4,0.7,33.7,45.4,2.0,14.5,0,56,1,A00321,A00321_2020-03-25,0,2020-03-25
97.8,88.4,156.0,4.15,11.2,30.8,0.4,0.1,13.1,8.3,0.2,12.8,6.2,0.0,9.4,0.9,31.5,40.6,0.6,4.3,1,46,1,A00594,A00594_2020-03-25,0,2020-03-25
94.8,74.9,209.0,4.8,10.7,29.4,0.6,0.0,15.0,5.9,1.9,14.1,14.6,0.2,7.9,0.6,31.0,45.5,1.2,8.0,0,77,1,A00198,A00198_2020-03-25,0,2020-03-25
96.7,55.6,309.0,3.03,11.0,32.0,1.2,0.0,11.9,3.8,3.1,9.7,23.2,0.2,6.8,0.6,33.1,29.3,1.6,17.5,0,66,1,A00015,A00015_2020-03-26,0,2020-03-26
90.2,63.3,72.0,5.28,12.9,28.0,0.2,0.0,14.3,7.7,0.0,14.8,34.7,0.0,12.1,0.0,31.1,47.6,4.2,2.0,1,65,1,A00394,A00394_2020-03-26,0,2020-03-26
90.2,94.5,366.0,4.7,10.8,30.2,0.5,0.0,13.2,16.5,0.0,14.2,2.3,0.0,17.5,0.1,33.5,42.4,0.4,3.1,0,77,1,A00586,A00586_2020-03-26,0,2020-03-26
92.9,,239.0,3.96,10.1,30.8,,,12.5,,,12.2,,,5.2,,33.2,36.8,,,0,67,0,A01076,A01076_2020-03-26,0,2020-03-26
87.1,62.0,289.0,4.49,9.5,30.1,0.1,0.0,12.0,1.4,0.5,13.5,32.4,0.0,2.2,0.0,34.5,39.1,0.7,5.1,0,51,1,A00051,A00051_2020-03-26,0,2020-03-26
105.0,,382.0,3.18,10.1,31.8,,,15.7,,,10.1,,,11.0,,30.2,33.4,,,0,84,0,A00453,A00453_2020-03-26,0,2020-03-26
90.9,53.8,315.0,3.94,10.7,30.5,0.6,0.1,12.0,3.2,6.8,12.0,28.2,0.4,5.9,1.0,33.5,35.8,1.7,10.2,0,56,1,A00509,A00509_2020-03-26,0,2020-03-26
99.8,93.2,66.0,4.04,10.4,31.4,1.2,0.1,19.0,26.9,0.7,12.7,1.7,0.2,28.9,0.4,31.5,40.3,0.5,4.0,1,79,1,A00907,A00907_2020-03-26,0,2020-03-26
88.69999999999999,74.45,229.0,4.48,9.8,29.7,0.25,0.0,12.9,3.1,0.15,13.3,19.45,0.0,4.1,0.25,33.45,39.75,0.75,5.7,0,48,1,A00009,A00009_2020-03-26,0,2020-03-26
85.7,66.3,268.0,4.47,9.4,28.4,0.6,0.0,13.1,3.0,1.7,12.7,18.1,0.1,4.6,0.2,33.2,38.3,0.8,13.7,0,56,1,A00870,A00870_2020-03-26,0,2020-03-26
92.5,80.45,275.0,2.75,11.85,30.9,1.1,0.0,16.7,11.3,1.45,8.5,9.7,0.2,13.95,0.3,33.40000000000001,25.45,1.3,8.1,0,79,1,A01364,A01364_2020-03-26,0,2020-03-26
86.8,38.8,335.0,4.61,11.1,29.3,0.5,0.1,12.6,2.0,3.3,13.5,46.0,0.2,5.2,2.3,33.8,40.0,2.4,9.6,0,52,1,A00169,A00169_2020-03-26,0,2020-03-26
81.9,89.4,181.0,4.75,12.2,27.4,0.3,0.0,14.4,7.8,0.1,13.0,7.5,0.0,8.7,0.1,33.4,38.9,0.7,2.9,0,48,1,A00623,A00623_2020-03-26,0,2020-03-26
90.6,67.9,523.0,4.06,11.1,26.8,1.4,0.0,18.3,5.9,3.3,10.9,12.5,0.3,8.7,0.5,29.6,36.8,1.1,15.8,1,61,1,A01628,A01628_2020-03-26,0,2020-03-26
100.5,78.9,192.0,4.41,12.9,29.7,0.4,0.1,16.6,9.1,5.8,13.1,10.8,0.7,11.5,0.6,29.6,44.3,1.2,3.9,1,61,1,A00900,A00900_2020-03-26,0,2020-03-26
94.1,57.6,276.0,4.55,11.0,30.1,0.5,0.0,13.8,2.3,0.8,13.7,28.0,0.0,4.0,0.5,32.0,42.8,1.1,13.1,0,88,0,A00972,A00972_2020-03-26,0,2020-03-26
84.2,60.1,583.0,4.36,10.6,26.8,1.0,0.0,14.6,4.9,2.4,11.7,24.5,0.2,8.2,0.4,31.9,36.7,2.0,12.6,0,67,0,A01455,A01455_2020-03-26,0,2020-03-26
86.2,44.4,215.0,4.36,9.6,28.9,0.6,0.1,12.9,2.8,2.9,12.6,42.0,0.2,6.3,0.8,33.5,37.6,2.6,9.9,0,70,1,A01190,A01190_2020-03-26,0,2020-03-26
93.5,88.8,503.0,5.52,10.2,30.6,1.3,0.0,11.9,15.0,0.0,16.9,3.6,0.0,16.9,0.2,32.8,51.6,0.6,7.4,0,80,1,A00341,A00341_2020-03-26,0,2020-03-26
91.4,64.6,292.0,3.82,10.2,31.2,0.3,0.0,12.8,2.8,0.9,11.9,27.8,0.0,4.3,0.2,34.1,34.9,1.2,6.5,0,66,0,A01175,A01175_2020-03-26,0,2020-03-26
94.6,66.8,360.0,5.04,9.8,30.4,0.6,0.1,14.3,5.3,3.3,15.3,20.6,0.3,7.9,1.1,32.1,47.7,1.6,8.2,1,46,1,A00830,A00830_2020-03-26,0,2020-03-26
87.0,,504.0,3.15,10.4,28.9,,,16.1,,,9.1,,,21.0,,33.2,27.4,,,1,61,1,A00364,A00364_2020-03-26,0,2020-03-26
88.6,88.2,226.0,3.06,12.0,29.4,1.3,0.0,15.5,22.5,1.6,9.0,5.1,0.4,25.5,0.1,33.2,27.1,1.3,5.0,1,70,0,A01393,A01393_2020-03-26,0,2020-03-26
85.4,,283.0,5.12,9.7,29.5,,,13.5,,,15.1,,,8.8,,34.6,43.7,,,0,59,0,A00652,A00652_2020-03-26,0,2020-03-26
92.9,72.8,213.0,4.76,11.4,29.0,0.8,0.0,14.7,5.6,1.6,13.8,15.1,0.1,7.7,0.5,31.2,44.2,1.2,10.0,0,77,1,A00198,A00198_2020-03-26,0,2020-03-26
89.6,41.3,100.0,3.93,12.6,28.5,0.8,0.0,13.9,0.9,0.5,11.2,23.0,0.0,2.2,0.5,31.8,35.2,0.5,34.7,0,90,1,A00882,A00882_2020-03-26,0,2020-03-26
89.1,76.7,216.0,3.48,9.4,31.9,0.8,0.0,11.8,6.8,0.1,11.1,14.0,0.0,8.9,0.2,35.8,31.0,1.2,9.0,0,63,1,A01034,A01034_2020-03-26,0,2020-03-26
93.8,82.3,401.0,5.48,9.7,32.8,1.2,0.1,12.0,13.5,0.3,18.0,9.8,0.0,16.4,0.4,35.0,51.4,1.6,7.2,0,47,1,A00217,A00217_2020-03-26,0,2020-03-26
74.1,93.5,140.0,4.75,,23.2,1.1,0.0,28.3,19.5,0.0,11.0,1.1,0.0,20.9,0.2,31.3,35.2,0.2,5.2,0,76,0,A01399,A01399_2020-03-26,0,2020-03-26
96.9,88.8,184.0,3.92,10.6,28.6,0.7,0.0,14.4,12.9,0.1,11.2,6.3,0.0,14.5,0.3,29.5,38.0,0.9,4.5,1,59,0,A01358,A01358_2020-03-26,0,2020-03-26
97.8,85.9,159.0,4.64,13.7,31.7,0.5,0.0,12.9,11.4,0.0,14.7,10.4,0.0,13.3,0.2,32.4,45.4,1.4,3.5,0,78,1,A00308,A00308_2020-03-26,0,2020-03-26
80.5,33.8,272.0,4.47,10.2,27.5,0.3,0.0,13.4,1.6,0.0,12.3,58.5,0.0,4.6,0.2,34.2,36.0,2.7,7.5,0,38,0,A01127,A01127_2020-03-26,0,2020-03-26
90.2,79.5,290.0,5.39,11.3,30.4,0.8,0.0,15.2,7.5,0.0,16.4,12.0,0.0,9.4,0.1,33.7,48.6,1.1,8.4,0,63,1,A00911,A00911_2020-03-26,0,2020-03-26
87.3,73.9,292.0,5.1,9.2,29.4,1.0,0.0,11.9,7.2,0.2,15.0,15.5,0.0,9.8,0.4,33.7,44.5,1.5,10.0,0,54,1,A01642,A01642_2020-03-26,0,2020-03-26
81.3,62.5,408.0,4.77,11.2,27.9,0.9,0.1,11.9,5.2,2.3,13.3,23.3,0.2,8.3,1.1,34.3,38.8,1.9,10.8,0,62,1,A00895,A00895_2020-03-26,0,2020-03-26
82.6,62.4,240.0,5.96,9.9,27.5,0.5,0.0,13.0,3.9,1.1,16.4,28.3,0.1,6.2,0.3,33.3,49.2,1.8,7.9,0,42,1,A01361,A01361_2020-03-26,0,2020-03-26
60.1,,174.0,6.04,,19.4,,,18.3,,,11.7,,,11.1,,32.2,36.3,,,1,65,1,A00507,A00507_2020-03-26,0,2020-03-26
86.3,66.6,362.0,4.02,10.4,29.1,0.7,0.0,12.3,3.9,3.2,11.7,18.1,0.2,5.9,0.5,33.7,34.7,1.1,11.6,0,67,0,A00568,A00568_2020-03-26,0,2020-03-26
87.2,54.1,247.0,4.94,11.1,29.6,0.7,0.1,12.1,4.2,6.0,14.6,29.5,0.5,7.8,0.8,33.9,43.1,2.3,9.6,0,74,0,A00130,A00130_2020-03-26,0,2020-03-26
89.8,89.1,310.0,3.72,10.0,30.6,0.7,0.0,13.9,12.6,0.0,11.4,6.0,0.0,14.1,0.1,34.1,33.4,0.8,4.8,0,54,1,A01442,A01442_2020-03-26,0,2020-03-26
78.5,87.4,138.0,4.46,13.9,24.4,0.3,0.0,16.2,6.0,1.0,10.9,7.2,0.1,6.9,0.4,31.1,35.0,0.5,4.0,0,26,1,A00811,A00811_2020-03-26,0,2020-03-26
92.1,,456.0,5.04,10.6,30.8,,,13.7,,,15.5,,,18.6,,33.4,46.4,,,1,70,1,A01267,A01267_2020-03-26,0,2020-03-26
97.0,90.8,267.0,4.35,10.2,30.6,1.3,0.1,13.2,23.8,0.0,13.3,3.6,0.0,26.2,0.5,31.5,42.2,0.9,5.1,1,76,1,A00726,A00726_2020-03-26,0,2020-03-26
88.1,72.0,235.0,4.54,9.4,29.7,0.7,0.0,12.7,3.6,0.2,13.5,13.6,0.0,5.0,0.2,33.8,40.0,0.7,14.0,1,49,1,A01067,A01067_2020-03-26,0,2020-03-26
79.1,64.7,188.0,5.56,10.7,27.3,1.3,0.0,16.4,4.7,1.5,15.2,14.7,0.1,7.2,0.4,34.5,44.0,1.1,18.7,0,39,1,A01387,A01387_2020-03-26,0,2020-03-26
87.2,85.3,283.0,3.27,11.3,26.9,1.9,0.1,15.9,21.8,1.2,8.8,5.8,0.3,25.6,0.3,30.9,28.5,1.5,7.4,1,70,1,A00668,A00668_2020-03-26,0,2020-03-26
87.5,54.5,222.0,4.72,12.2,30.3,0.6,0.0,12.4,2.5,0.9,14.3,31.2,0.0,4.5,0.4,34.6,41.3,1.4,13.0,0,79,1,A01624,A01624_2020-03-26,0,2020-03-26
94.4,88.9,274.0,3.78,10.2,28.3,0.7,0.1,13.7,16.3,0.1,10.7,6.9,0.0,18.3,0.4,30.0,35.7,1.3,3.7,1,61,0,A01144,A01144_2020-03-26,0,2020-03-26
87.7,51.8,189.0,4.07,10.6,28.5,0.5,0.1,12.8,2.3,1.3,11.6,33.5,0.1,4.5,1.3,32.5,35.7,1.5,12.1,0,70,0,A00874,A00874_2020-03-26,0,2020-03-26
95.2,70.5,316.0,4.58,12.1,29.0,1.1,0.1,14.7,6.6,1.6,13.3,14.9,0.1,9.3,1.3,30.5,43.6,1.4,11.7,1,58,1,A00463,A00463_2020-03-26,0,2020-03-26
77.1,51.1,312.0,5.59,12.5,24.3,0.7,0.0,14.9,2.7,4.6,13.6,30.7,0.2,5.3,0.8,31.6,43.1,1.6,12.8,0,47,1,A00558,A00558_2020-03-26,0,2020-03-26
92.1,89.1,116.0,5.09,11.9,30.6,0.3,0.0,12.9,12.6,0.6,15.6,8.2,0.1,14.1,0.3,33.3,46.9,1.2,1.8,0,71,1,A01048,A01048_2020-03-26,0,2020-03-26
93.1,77.9,266.0,2.75,11.4,30.2,0.4,0.0,14.5,4.4,1.8,8.3,12.9,0.1,5.6,0.4,32.4,25.6,0.7,7.0,0,48,0,A00834,A00834_2020-03-26,0,2020-03-26
83.2,77.65,260.5,4.52,9.0,28.65,0.3,0.0,12.55,5.45,0.0,12.95,17.55,0.0,7.0,0.1,34.4,37.6,1.25,4.699999999999999,0,50,1,A01549,A01549_2020-03-26,0,2020-03-26
94.1,91.1,200.0,4.41,11.2,31.3,0.3,0.0,13.7,8.9,0.3,13.8,5.0,0.0,9.8,0.4,33.3,41.5,0.5,3.2,1,72,1,A01289,A01289_2020-03-26,0,2020-03-26
85.15,47.34999999999999,478.0,5.695,9.850000000000001,29.5,0.4,0.0,11.75,1.5,2.2,16.8,36.25,0.1,3.2,1.05,34.65000000000001,48.5,1.2,13.15,0,27,1,A01286,A01286_2020-03-26,0,2020-03-26
83.0,71.9,376.0,5.58,10.1,27.4,0.5,0.0,12.6,4.6,0.9,15.3,18.5,0.1,6.4,0.2,33.0,46.3,1.2,8.5,0,35,1,A01607,A01607_2020-03-26,0,2020-03-26
86.8,60.0,436.0,4.38,8.8,27.4,0.4,0.0,13.9,4.1,1.7,12.0,31.2,0.1,6.9,0.7,31.6,38.0,2.2,6.4,0,53,1,A00352,A00352_2020-03-26,0,2020-03-26
93.6,58.1,461.0,4.55,9.2,28.4,1.8,0.1,14.3,5.2,1.2,12.9,19.8,0.1,9.0,1.0,30.3,42.6,1.8,19.9,1,49,1,A00084,A00084_2020-03-26,0,2020-03-26
92.0,76.125,177.25,3.005,11.65,30.75,0.9,0.05,17.475,9.35,1.325,9.25,14.85,0.175,12.275,0.475,33.45,27.675,1.825,7.225,0,74,1,A00102,A00102_2020-03-26,0,2020-03-26
88.6,60.5,418.0,5.16,9.7,28.9,0.5,0.0,11.9,2.5,2.0,14.9,24.2,0.1,4.1,0.5,32.6,45.7,1.0,12.8,0,52,1,A00630,A00630_2020-03-26,0,2020-03-26
81.8,56.5,171.0,4.89,11.0,26.4,0.6,0.0,17.1,3.5,2.6,12.9,30.3,0.2,6.2,0.3,32.3,40.0,1.9,10.3,0,75,1,A00030,A00030_2020-03-26,0,2020-03-26
80.7,83.4,288.0,5.55,9.4,29.2,0.5,0.0,11.7,7.9,0.0,16.2,10.8,0.0,9.5,0.1,36.2,44.8,1.0,5.7,0,47,1,A00819,A00819_2020-03-26,0,2020-03-26
89.4,95.4,155.0,4.63,10.1,30.2,0.4,0.0,13.3,13.6,0.0,14.0,2.0,0.0,14.3,0.1,33.8,41.4,0.3,2.5,0,56,1,A00340,A00340_2020-03-26,0,2020-03-26
93.8,79.4,302.0,4.32,9.8,31.3,0.5,0.0,12.5,8.0,1.4,13.5,14.4,0.1,10.1,0.3,33.3,40.5,1.5,4.5,0,59,1,A01648,A01648_2020-03-26,0,2020-03-26
87.5,56.9,132.0,4.08,10.9,28.2,0.6,0.0,11.7,2.0,0.3,11.5,25.4,0.0,3.5,0.6,32.2,35.7,0.9,16.8,0,42,1,A00304,A00304_2020-03-26,0,2020-03-26
89.3,75.4,201.0,5.21,11.0,30.9,0.6,0.0,12.5,8.4,0.1,16.1,18.9,0.0,11.1,0.2,34.6,46.5,2.1,5.4,0,60,1,A01432,A01432_2020-03-26,0,2020-03-26
97.3,93.1,307.0,4.14,12.4,30.7,1.0,0.1,14.8,25.1,0.4,12.7,2.3,0.1,27.0,0.4,31.5,40.3,0.6,3.8,1,72,1,A01338,A01338_2020-03-26,0,2020-03-26
98.2,69.6,77.0,3.34,12.7,32.0,0.6,0.0,13.8,4.5,0.8,10.7,20.7,0.1,6.4,0.2,32.6,32.8,1.3,8.7,0,89,0,A00162,A00162_2020-03-26,0,2020-03-26
82.93333333333334,,238.3333333333333,3.873333333333334,9.433333333333332,27.53333333333333,,,17.3,,,10.66666666666667,,,8.666666666666666,,33.2,32.13333333333333,,,1,76,1,A00986,A00986_2020-03-26,0,2020-03-26
92.8,72.6,350.0,4.14,10.6,29.5,0.6,0.1,13.2,5.7,1.3,12.2,18.2,0.1,7.9,0.8,31.8,38.4,1.4,7.1,1,52,1,A00123,A00123_2020-03-26,0,2020-03-26
99.1,50.9,214.0,3.27,11.0,32.1,0.3,0.0,12.3,5.7,0.0,10.5,46.2,0.0,11.2,0.1,32.4,32.4,5.2,2.8,0,52,1,A00544,A00544_2020-03-26,0,2020-03-26
97.0,90.8,267.0,4.35,10.2,30.6,1.3,0.1,13.2,23.8,0.0,13.3,3.6,0.0,26.2,0.5,31.5,42.2,0.9,5.1,1,82,0,A00708,A00708_2020-03-26,0,2020-03-26
84.4,73.3,394.0,4.29,8.6,28.2,0.4,0.0,13.4,4.3,0.0,12.1,19.4,0.0,5.9,0.2,33.4,36.2,1.1,7.1,0,62,0,A00306,A00306_2020-03-26,0,2020-03-26
85.5,86.9,266.0,5.1,10.7,29.4,1.1,0.0,13.1,12.0,0.0,15.0,5.3,0.0,13.8,0.1,34.4,43.6,0.7,7.7,0,69,1,A01287,A01287_2020-03-26,0,2020-03-26
92.3,53.7,667.0,4.55,9.1,30.1,0.9,0.0,12.9,3.2,3.2,13.7,28.0,0.2,6.0,0.8,32.6,42.0,1.7,14.3,0,65,1,A00230,A00230_2020-03-26,0,2020-03-26
88.2,87.4,279.0,3.63,10.8,28.7,1.1,0.0,14.6,14.4,0.1,10.4,5.9,0.0,16.5,0.2,32.5,32.0,1.0,6.4,1,56,0,A00827,A00827_2020-03-26,0,2020-03-26
93.9,61.1,315.0,3.93,9.6,32.1,0.9,0.0,13.0,3.5,2.4,12.6,21.0,0.1,5.8,0.3,34.1,36.9,1.2,15.2,0,67,0,A01155,A01155_2020-03-26,0,2020-03-26
80.5,57.5,356.0,5.68,10.4,26.2,1.6,0.1,14.1,7.4,2.3,14.9,27.4,0.3,12.9,0.5,32.6,45.7,3.5,12.3,0,67,1,A00619,A00619_2020-03-26,0,2020-03-26
89.9,65.0,224.0,4.85,10.2,30.9,0.4,0.0,12.7,3.1,1.3,15.0,25.8,0.1,4.7,0.2,34.4,43.6,1.2,7.7,0,58,1,A00077,A00077_2020-03-26,0,2020-03-26
85.7,87.0,151.0,4.28,11.3,29.2,0.3,0.0,12.5,5.4,0.0,12.5,8.3,0.0,6.2,0.2,34.1,36.7,0.5,4.5,0,85,1,A00950,A00950_2020-03-26,0,2020-03-26
93.7,80.7,385.0,4.26,9.7,32.9,0.5,0.0,13.7,5.3,0.0,14.0,10.9,0.0,6.6,0.2,35.1,39.9,0.7,8.2,1,58,1,A01439,A01439_2020-03-26,0,2020-03-26
85.5,88.6,284.0,5.04,11.0,28.6,0.5,0.0,13.2,8.2,0.2,14.4,5.7,0.0,9.2,0.2,33.4,43.1,0.5,5.3,0,76,1,A00765,A00765_2020-03-26,0,2020-03-26
82.2,82.6,646.0,5.34,9.8,27.7,0.1,0.0,12.9,5.3,0.0,14.8,14.7,0.0,6.4,0.5,33.7,43.9,0.9,2.2,0,52,1,A01330,A01330_2020-03-26,0,2020-03-26
77.9,82.1,164.0,5.34,11.7,26.8,0.6,0.0,13.8,5.4,0.0,14.3,8.6,0.0,6.6,0.2,34.4,41.6,0.6,9.1,0,46,1,A00865,A00865_2020-03-26,0,2020-03-26
93.2,57.8,548.0,3.96,10.6,31.3,0.6,0.0,12.4,2.6,2.9,12.4,25.3,0.1,4.5,0.7,33.6,36.9,1.1,13.3,0,66,1,A01575,A01575_2020-03-26,0,2020-03-26
98.8,,132.0,3.39,10.9,30.1,,,14.6,,,10.2,,,17.9,,30.4,33.5,,,1,71,1,A00165,A00165_2020-03-26,1,2020-03-26
92.2,86.8,361.0,4.36,9.5,29.1,0.4,0.0,14.3,7.3,3.8,12.7,4.7,0.3,8.4,0.5,31.6,40.2,0.4,4.2,1,62,1,A01435,A01435_2020-03-26,0,2020-03-26
90.4,59.9,196.0,4.59,8.8,31.2,0.8,0.0,12.5,5.9,2.2,14.3,29.4,0.2,9.8,0.3,34.5,41.5,2.9,8.2,0,62,1,A00637,A00637_2020-03-26,0,2020-03-26
86.1,87.0,548.0,4.76,10.1,27.9,0.5,0.0,12.8,11.7,0.0,13.3,9.0,0.0,13.4,0.1,32.4,41.0,1.2,3.9,0,63,1,A00219,A00219_2020-03-26,0,2020-03-26
85.2,79.7,224.0,3.51,10.8,30.2,0.6,0.0,13.4,5.7,0.0,10.6,12.0,0.0,7.2,0.1,35.5,29.9,0.9,8.2,0,77,1,A00699,A00699_2020-03-26,0,2020-03-26
83.6,79.9,215.0,5.37,8.9,27.7,0.3,0.0,12.5,4.9,0.0,14.9,15.1,0.0,6.1,0.2,33.2,44.9,0.9,4.8,0,65,1,A00928,A00928_2020-03-26,0,2020-03-26
84.4,77.5,163.0,5.01,11.0,28.5,0.5,0.0,13.6,5.6,0.0,14.3,14.9,0.0,7.2,0.1,33.8,42.3,1.1,7.5,0,69,1,A00398,A00398_2020-03-26,0,2020-03-26
99.0,66.1,174.0,4.08,11.1,30.1,0.5,0.1,12.3,3.8,3.1,12.3,20.6,0.2,5.8,0.9,30.4,40.4,1.2,9.3,1,57,1,A01443,A01443_2020-03-26,0,2020-03-26
92.8,85.6,104.0,3.74,10.0,31.3,0.7,0.0,12.9,9.2,0.0,11.7,7.7,0.0,10.8,0.4,33.7,34.7,0.8,6.3,0,85,0,A01373,A01373_2020-03-26,0,2020-03-26
84.2,60.1,583.0,4.36,10.6,26.8,1.0,0.0,14.6,4.9,2.4,11.7,24.5,0.2,8.2,0.4,31.9,36.7,2.0,12.6,0,49,1,A01482,A01482_2020-03-26,0,2020-03-26
94.9,75.5,509.0,4.71,11.5,29.9,1.3,0.0,13.8,13.5,0.1,14.1,16.7,0.0,17.9,0.2,31.5,44.7,3.0,7.5,0,59,1,A01280,A01280_2020-03-26,0,2020-03-26
80.8,79.4,445.0,3.75,10.3,26.7,0.6,0.0,14.5,6.1,0.0,10.0,12.9,0.0,7.7,0.3,33.0,30.3,1.0,7.4,0,75,0,A01513,A01513_2020-03-26,0,2020-03-26
94.4,73.4,269.0,3.4,10.6,29.4,0.9,0.0,14.2,6.1,1.1,10.0,13.9,0.1,8.3,0.2,31.2,32.1,1.2,11.4,0,86,0,A00419,A00419_2020-03-26,0,2020-03-26
82.0,,197.0,4.55,10.2,28.4,,,11.9,,,12.9,,,7.2,,34.6,37.3,,,0,37,1,A00579,A00579_2020-03-26,0,2020-03-26
88.5,84.5,359.0,4.87,9.2,29.8,0.5,0.0,13.6,10.2,0.0,14.5,10.8,0.0,12.1,0.2,33.6,43.1,1.3,4.5,0,53,1,A00501,A00501_2020-03-26,0,2020-03-26
82.1,90.5,379.0,4.31,10.3,27.8,0.7,0.0,14.4,11.2,0.5,12.0,3.5,0.1,12.4,0.1,33.9,35.4,0.4,5.4,1,65,0,A01086,A01086_2020-03-26,0,2020-03-26
82.2,86.9,508.0,4.09,8.3,27.6,0.5,0.0,12.9,8.0,0.7,11.3,6.6,0.1,9.2,0.1,33.6,33.6,0.6,5.7,0,63,0,A01131,A01131_2020-03-26,0,2020-03-26
93.8,97.0,126.0,4.03,10.2,32.0,0.1,0.0,15.7,6.3,0.0,12.9,1.7,0.0,6.5,0.2,34.1,37.8,0.1,1.1,0,76,1,A00078,A00078_2020-03-26,0,2020-03-26
82.9,73.5,166.0,4.85,12.2,26.6,0.5,0.0,16.0,3.5,0.0,12.9,16.9,0.0,4.7,0.0,32.1,40.2,0.8,9.6,0,62,0,A01077,A01077_2020-03-26,0,2020-03-26
88.5,83.1,374.0,3.91,12.4,30.2,1.4,0.1,12.4,14.1,0.4,11.8,7.4,0.1,17.0,0.6,34.1,34.6,1.3,8.5,1,55,1,A01270,A01270_2020-03-26,0,2020-03-26
95.7,57.9,361.0,4.44,10.5,31.8,0.7,0.0,11.9,3.5,0.7,14.1,29.6,0.0,6.0,0.7,33.2,42.5,1.8,11.1,0,74,1,A00134,A00134_2020-03-26,0,2020-03-26
84.5,61.4,436.0,4.4,9.5,27.7,0.6,0.0,13.4,4.0,2.5,12.2,26.0,0.2,6.5,0.5,32.8,37.2,1.7,9.6,0,70,1,A00059,A00059_2020-03-26,0,2020-03-26
96.0,68.85,373.0,3.875,10.95,30.2,0.7,0.1,14.5,7.899999999999999,5.5,11.7,19.15,0.65,11.45,0.6499999999999999,31.5,37.2,2.2,5.85,1,54,1,A01478,A01478_2020-03-26,0,2020-03-26
86.1,87.0,548.0,4.76,10.1,27.9,0.5,0.0,12.8,11.7,0.0,13.3,9.0,0.0,13.4,0.1,32.4,41.0,1.2,3.9,0,48,1,A00281,A00281_2020-03-26,0,2020-03-26
95.4,69.6,253.0,3.92,10.7,29.8,0.5,0.1,14.9,5.9,2.2,11.7,21.3,0.2,8.5,0.6,31.3,37.4,1.8,6.3,1,67,1,A00349,A00349_2020-03-26,0,2020-03-26
87.2,85.3,283.0,3.27,11.3,26.9,1.9,0.1,15.9,21.8,1.2,8.8,5.8,0.3,25.6,0.3,30.9,28.5,1.5,7.4,1,71,0,A00667,A00667_2020-03-26,0,2020-03-26
86.2,44.4,215.0,4.36,9.6,28.9,0.6,0.1,12.9,2.8,2.9,12.6,42.0,0.2,6.3,0.8,33.5,37.6,2.6,9.9,0,70,1,A01189,A01189_2020-03-26,0,2020-03-26
86.2,76.3,422.0,4.87,10.0,28.7,1.4,0.0,12.9,11.0,0.0,14.0,13.7,0.0,14.4,0.3,33.3,42.0,2.0,9.7,0,67,1,A01476,A01476_2020-03-26,0,2020-03-26
85.8,82.4,453.0,4.36,9.3,28.4,0.6,0.1,14.2,10.4,2.6,12.4,9.6,0.3,12.6,0.6,33.2,37.4,1.2,4.8,0,80,1,A00693,A00693_2020-03-26,0,2020-03-26
90.6,87.8,164.0,4.45,11.8,30.1,1.3,0.0,15.6,13.0,0.2,13.4,2.6,0.0,14.8,0.3,33.3,40.3,0.4,9.1,0,88,0,A00149,A00149_2020-03-26,0,2020-03-26
99.8,85.5,181.0,4.34,11.2,32.7,0.6,0.0,15.1,9.3,0.1,14.2,9.0,0.0,10.9,0.2,32.8,43.3,1.0,5.2,0,59,1,A01658,A01658_2020-03-26,0,2020-03-26
95.0,63.2,266.0,4.4,9.8,32.7,0.4,0.0,12.5,3.5,0.7,14.4,28.2,0.0,5.5,0.4,34.4,41.8,1.6,7.5,0,43,0,A00324,A00324_2020-03-26,0,2020-03-26
90.1,70.4,149.0,2.82,11.7,28.7,0.2,0.0,19.5,2.3,1.8,8.1,20.2,0.1,3.3,0.3,31.9,25.4,0.7,7.3,0,81,0,A00316,A00316_2020-03-26,0,2020-03-26
87.4,80.5,286.0,5.22,9.7,28.4,0.3,0.0,12.6,4.3,0.8,14.8,13.0,0.0,5.3,0.4,32.5,45.6,0.7,5.3,0,47,1,A00374,A00374_2020-03-26,0,2020-03-26
87.9,71.5,142.0,4.13,11.7,31.0,0.3,0.0,12.9,3.6,0.2,12.8,23.2,0.0,5.1,0.0,35.3,36.3,1.2,5.1,0,55,0,A01306,A01306_2020-03-26,0,2020-03-26
87.2,87.0,64.0,3.68,11.3,30.2,0.8,0.0,12.8,9.7,0.0,11.1,5.3,0.0,11.1,0.2,34.6,32.1,0.6,7.5,0,65,0,A00204,A00204_2020-03-26,0,2020-03-26
88.3,,464.0,5.04,13.3,27.0,,,16.6,,,13.6,,,43.9,,30.6,44.5,,,1,65,1,A01029,A01029_2020-03-26,1,2020-03-26
84.2,60.1,583.0,4.36,10.6,26.8,1.0,0.0,14.6,4.9,2.4,11.7,24.5,0.2,8.2,0.4,31.9,36.7,2.0,12.6,0,49,1,A01483,A01483_2020-03-26,0,2020-03-26
100.2,82.9,149.0,4.23,11.3,30.3,0.5,0.1,13.3,6.2,1.1,12.8,8.5,0.1,7.5,0.9,30.2,42.4,0.6,6.6,1,46,1,A00594,A00594_2020-03-26,0,2020-03-26
89.6,65.1,319.0,4.03,9.7,30.3,0.6,0.0,13.1,3.4,2.1,12.2,21.5,0.1,5.2,0.4,33.8,36.1,1.1,10.9,0,53,1,A00828,A00828_2020-03-27,0,2020-03-27
89.3,58.8,185.0,4.6,10.9,31.7,0.5,0.0,12.0,2.2,0.3,14.6,26.5,0.0,3.7,0.5,35.5,41.1,1.0,13.9,0,32,0,A00975,A00975_2020-03-27,0,2020-03-27
79.6,77.8,350.0,5.09,9.1,29.5,0.6,0.0,11.7,6.0,0.1,15.0,14.8,0.0,7.7,0.1,37.0,40.5,1.1,7.2,0,58,0,A00606,A00606_2020-03-27,0,2020-03-27
84.3,83.7,361.0,4.92,9.7,29.9,0.4,0.0,12.6,5.9,0.1,14.7,9.7,0.0,7.1,0.3,35.4,41.5,0.7,6.2,0,67,1,A01217,A01217_2020-03-27,0,2020-03-27
82.9,82.6,338.0,4.85,10.1,24.7,0.4,0.0,17.9,7.8,0.1,12.0,13.3,0.0,9.5,0.2,29.9,40.2,1.3,3.8,0,56,0,A01081,A01081_2020-03-27,0,2020-03-27
95.8,86.3,267.0,4.08,10.7,30.6,0.3,0.0,12.6,6.1,1.6,12.5,7.3,0.1,7.1,0.3,32.0,39.1,0.5,4.5,0,56,0,A00314,A00314_2020-03-27,0,2020-03-27
91.0,76.5,298.0,3.79,10.3,36.7,0.5,0.0,13.6,4.1,2.4,13.9,12.4,0.1,5.3,0.2,40.3,34.5,0.7,8.5,0,74,1,A00770,A00770_2020-03-27,0,2020-03-27
59.0,,182.0,6.3,,18.9,,,18.3,,,11.9,,,14.7,,32.0,37.2,,,1,65,1,A00507,A00507_2020-03-27,0,2020-03-27
92.6,68.4,249.0,4.44,10.8,30.4,0.5,0.0,13.8,3.3,0.4,13.5,20.9,0.0,4.8,0.2,32.8,41.1,1.0,10.1,0,88,0,A00972,A00972_2020-03-27,0,2020-03-27
90.2,40.3,226.0,4.38,10.3,29.9,0.8,0.0,12.2,1.2,1.3,13.1,31.6,0.0,3.1,0.6,33.2,39.5,1.0,26.2,0,68,1,A00336,A00336_2020-03-27,0,2020-03-27
85.9,76.1,403.0,4.76,11.8,26.3,0.4,0.0,15.5,4.6,0.0,12.5,17.8,0.0,6.1,0.2,30.6,40.9,1.1,5.9,0,54,0,A00617,A00617_2020-03-27,0,2020-03-27
95.3,94.3,200.0,2.78,9.4,31.3,0.2,0.0,17.2,9.3,0.0,8.7,3.3,0.0,9.9,0.4,32.8,26.5,0.3,2.0,0,79,1,A00434,A00434_2020-03-27,0,2020-03-27
91.9,78.2,371.0,3.84,11.9,29.7,1.1,0.1,12.4,11.2,4.9,11.4,8.3,0.7,14.3,0.9,32.3,35.3,1.2,7.7,1,55,1,A01270,A01270_2020-03-27,0,2020-03-27
86.6,86.2,366.0,4.47,10.4,30.0,0.8,0.0,11.9,10.9,0.0,13.4,7.4,0.0,12.6,0.1,34.6,38.7,0.9,6.3,0,61,1,A00980,A00980_2020-03-27,0,2020-03-27
77.2,67.0,224.0,4.57,10.5,25.6,0.2,0.0,12.7,2.1,0.9,11.7,24.1,0.0,3.2,0.3,33.1,35.3,0.8,7.7,0,58,0,A00851,A00851_2020-03-27,0,2020-03-27
83.4,83.5,233.0,4.27,10.8,28.6,1.7,0.1,15.9,18.9,1.5,12.2,7.2,0.3,22.6,0.4,34.3,35.6,1.6,7.4,1,71,0,A00667,A00667_2020-03-27,0,2020-03-27
102.3,67.2,203.0,2.56,9.5,33.6,0.7,0.1,13.2,5.8,3.3,8.6,20.3,0.3,8.6,0.6,32.8,26.2,1.7,8.6,0,97,1,A00885,A00885_2020-03-27,0,2020-03-27
88.2,66.0,141.0,5.43,11.8,31.1,0.5,0.0,11.8,2.8,0.2,16.9,22.2,0.0,4.3,0.5,35.3,47.9,1.0,11.1,0,47,1,A00361,A00361_2020-03-27,0,2020-03-27
93.2,87.4,404.0,4.58,9.0,32.5,0.6,0.0,11.8,12.8,0.0,14.9,8.0,0.0,14.6,0.2,34.9,42.7,1.2,4.4,0,49,1,A01274,A01274_2020-03-27,0,2020-03-27
87.5,60.0,171.0,4.01,9.5,27.7,0.2,0.0,17.5,3.1,0.4,11.1,35.6,0.0,5.1,0.4,31.6,35.1,1.8,3.6,0,64,1,A00522,A00522_2020-03-27,0,2020-03-27
90.7,73.1,152.0,4.1,,31.2,0.7,0.0,14.4,4.3,3.9,12.8,10.0,0.2,5.9,0.8,34.4,37.2,0.6,12.2,0,65,1,A00073,A00073_2020-03-27,0,2020-03-27
89.4,83.9,358.0,3.97,10.2,29.2,0.7,0.1,12.5,11.0,0.0,11.6,10.3,0.0,13.1,0.4,32.7,35.5,1.3,5.4,1,52,1,A00123,A00123_2020-03-27,0,2020-03-27
93.1,87.2,391.0,4.03,9.9,32.5,0.5,0.0,12.8,14.1,0.0,13.1,9.4,0.0,16.2,0.1,34.9,37.5,1.5,3.3,0,61,1,A00682,A00682_2020-03-27,0,2020-03-27
80.9,38.1,210.0,5.14,12.3,28.0,0.3,0.0,11.7,0.7,5.1,14.4,41.0,0.1,1.8,0.6,34.6,41.6,0.7,15.2,0,49,1,A00651,A00651_2020-03-27,0,2020-03-27
88.0,82.0,250.0,5.65,10.4,29.7,0.5,0.0,12.5,4.6,0.0,16.8,9.0,0.0,5.6,0.2,33.8,49.7,0.5,8.8,0,60,1,A01271,A01271_2020-03-27,0,2020-03-27
88.9,73.7,334.0,4.76,9.2,29.6,0.9,0.0,12.1,6.1,0.7,14.1,14.8,0.1,8.3,0.5,33.3,42.3,1.2,10.3,1,49,1,A01067,A01067_2020-03-27,0,2020-03-27
85.6,88.6,221.0,4.86,9.8,29.6,0.4,0.0,12.4,8.1,0.0,14.4,6.7,0.0,9.1,0.1,34.6,41.6,0.6,4.6,0,48,1,A00188,A00188_2020-03-27,0,2020-03-27
95.0,74.8,520.0,4.01,11.8,26.4,1.7,0.1,18.4,9.0,1.6,10.6,8.6,0.2,12.0,0.5,27.8,38.1,1.0,14.5,1,61,1,A01628,A01628_2020-03-27,0,2020-03-27
80.6,74.4,558.0,4.39,9.4,27.6,1.2,0.0,13.0,7.3,0.2,12.1,12.5,0.0,9.8,0.3,34.2,35.4,1.2,12.6,0,80,0,A00249,A00249_2020-03-27,0,2020-03-27
87.7,85.0,179.0,2.92,10.9,28.8,0.6,0.0,14.6,8.7,1.4,8.4,7.5,0.1,10.2,0.4,32.8,25.6,0.8,5.7,1,56,0,A00827,A00827_2020-03-27,0,2020-03-27
84.44999999999999,,233.5,3.795,9.35,27.25,,,17.85,,,10.35,,,8.6,,32.3,32.05,,,1,76,1,A00986,A00986_2020-03-27,0,2020-03-27
82.8,83.0,227.0,4.3,11.8,28.4,0.4,0.0,14.5,6.0,1.3,12.2,10.1,0.1,7.2,0.1,34.3,35.6,0.7,5.5,0,48,1,A00623,A00623_2020-03-27,0,2020-03-27
78.0,75.19999999999999,233.0,3.635,9.85,25.15,0.35,0.0,15.85,3.15,0.65,9.149999999999999,16.1,0.0,4.2,0.25,32.3,28.35,0.7,7.8,0,61,0,A00690,A00690_2020-03-27,0,2020-03-27
87.05,82.0,442.5,3.08,10.95,28.55,1.0,0.1,15.25,14.4,0.1,8.8,11.9,0.0,18.05,0.3,32.85,26.8,2.1,5.7,1,61,1,A00364,A00364_2020-03-27,0,2020-03-27
94.4,82.3,263.0,2.69,11.9,31.2,0.4,0.0,14.6,4.6,0.5,8.4,10.4,0.0,5.6,0.4,33.1,25.4,0.6,6.4,0,48,0,A00834,A00834_2020-03-27,0,2020-03-27
91.6,78.3,186.0,4.89,9.7,31.7,0.5,0.0,13.2,4.7,0.0,15.5,12.1,0.0,6.0,0.5,34.6,44.8,0.7,9.1,0,58,1,A00976,A00976_2020-03-27,0,2020-03-27
91.9,60.1,489.0,5.04,9.2,28.4,2.1,0.1,14.3,8.3,0.9,14.3,22.6,0.1,13.8,0.9,30.9,46.3,3.1,15.5,1,49,1,A00084,A00084_2020-03-27,0,2020-03-27
94.8,89.2,348.0,3.85,9.9,29.6,0.3,0.0,14.5,7.2,3.0,11.4,4.0,0.2,8.1,0.6,31.2,36.5,0.3,3.2,1,62,1,A01435,A01435_2020-03-27,0,2020-03-27
80.6,69.2,192.0,4.84,11.5,26.7,1.2,0.1,15.9,6.2,1.2,12.9,15.2,0.1,8.9,0.6,33.1,39.0,1.4,13.8,0,79,1,A00853,A00853_2020-03-27,0,2020-03-27
90.7,73.1,152.0,4.1,,31.2,0.7,0.0,14.4,4.3,3.9,12.8,10.0,0.2,5.9,0.8,34.4,37.2,0.6,12.2,0,58,1,A00045,A00045_2020-03-27,0,2020-03-27
92.3,84.19999999999999,327.5,4.93,10.95,30.9,0.8,0.0,12.65,11.35,0.1,15.25,9.45,0.0,13.45,0.25,33.55,45.5,1.3,6.0,0,73,1,A00144,A00144_2020-03-27,0,2020-03-27
83.4,74.3,242.0,4.93,9.9,28.4,0.5,0.0,12.3,4.5,0.0,14.0,16.5,0.0,6.1,0.2,34.1,41.1,1.0,9.0,0,45,1,A00327,A00327_2020-03-27,0,2020-03-27
96.5,89.4,253.0,3.43,10.4,29.4,0.9,0.1,13.9,16.8,0.0,10.1,5.5,0.0,18.8,0.3,30.5,33.1,1.0,4.8,1,61,0,A01144,A01144_2020-03-27,0,2020-03-27
90.6,73.9,334.0,4.89,9.6,30.3,1.0,0.1,14.3,9.1,2.8,14.8,14.4,0.3,12.3,0.6,33.4,44.3,1.8,8.3,1,46,1,A00830,A00830_2020-03-27,0,2020-03-27
99.7,86.0,323.0,3.97,9.5,31.2,0.9,0.2,15.2,14.4,0.1,12.4,7.6,0.0,16.7,0.9,31.3,39.6,1.3,5.4,0,78,0,A01492,A01492_2020-03-27,0,2020-03-27
95.8,82.5,176.0,4.24,12.2,29.5,0.5,0.0,16.4,9.2,4.4,12.5,8.6,0.5,11.2,0.4,30.8,40.6,1.0,4.1,1,61,1,A00900,A00900_2020-03-27,0,2020-03-27
90.6,40.5,54.0,5.24,13.6,28.4,0.4,0.0,14.4,6.8,0.2,14.9,56.7,0.0,16.7,0.1,31.4,47.5,9.5,2.5,1,65,1,A00394,A00394_2020-03-27,1,2020-03-27
86.9,87.1,304.0,4.75,10.4,28.4,0.4,0.0,14.2,5.7,0.2,13.5,6.5,0.0,6.6,0.3,32.7,41.3,0.4,5.9,0,88,0,A00363,A00363_2020-03-27,0,2020-03-27
88.6,74.0,255.0,4.58,9.4,29.3,0.6,0.0,12.5,6.0,0.2,13.4,18.2,0.0,8.1,0.2,33.0,40.6,1.5,7.4,0,47,1,A01180,A01180_2020-03-27,0,2020-03-27
90.1,90.6,323.0,4.03,10.4,28.5,0.5,0.0,14.2,11.3,0.0,11.5,5.0,0.0,12.5,0.2,31.7,36.3,0.6,4.2,0,82,1,A01206,A01206_2020-03-27,0,2020-03-27
92.3,,482.0,4.93,10.5,32.9,,,13.7,,,16.2,,,16.6,,35.6,45.5,,,1,70,1,A01267,A01267_2020-03-27,0,2020-03-27
94.6,80.3,161.0,3.5,11.6,33.7,0.3,0.0,11.9,3.3,0.0,11.8,12.9,0.0,4.1,0.0,35.6,33.1,0.5,6.8,0,87,1,A00003,A00003_2020-03-27,0,2020-03-27
87.7,89.0,244.0,3.0,12.1,29.7,1.4,0.0,15.6,21.8,1.3,8.9,4.0,0.3,24.5,0.1,33.8,26.3,1.0,5.6,1,70,0,A01393,A01393_2020-03-27,0,2020-03-27
86.4,62.9,235.0,4.49,9.9,29.6,0.7,0.0,13.2,2.6,0.0,13.3,18.9,0.0,4.1,0.0,34.3,38.8,0.8,18.2,0,58,1,A01090,A01090_2020-03-27,0,2020-03-27
97.9,77.0,158.0,4.33,13.9,31.2,0.7,0.0,12.9,11.6,2.7,13.5,15.7,0.4,15.1,0.2,31.8,42.4,2.4,4.4,0,64,0,A00628,A00628_2020-03-27,0,2020-03-27
92.3,87.4,148.0,4.02,11.8,31.3,0.6,0.0,17.4,10.4,0.3,12.6,7.4,0.0,11.9,0.2,34.0,37.1,0.9,4.7,0,76,1,A00379,A00379_2020-03-27,0,2020-03-27
90.9,,109.0,4.85,12.4,30.3,,,13.1,,,14.7,,,13.8,,33.3,44.1,,,0,71,1,A01048,A01048_2020-03-27,0,2020-03-27
92.8,87.9,158.0,3.34,9.8,31.1,0.9,0.0,13.6,15.7,0.3,10.4,6.8,0.1,17.9,0.2,33.5,31.0,1.2,4.8,1,76,1,A00726,A00726_2020-03-27,0,2020-03-27
95.6,,96.0,3.17,11.6,30.3,,,14.6,,,9.6,,,23.3,,31.7,30.3,,,1,71,1,A00165,A00165_2020-03-27,1,2020-03-27
88.9,63.8,60.0,4.69,12.5,28.4,1.4,0.2,13.7,10.7,1.7,13.3,25.0,0.3,16.8,0.9,31.9,41.7,4.2,8.6,0,60,1,A01644,A01644_2020-03-27,0,2020-03-27
98.1,52.6,251.0,4.24,9.7,33.0,0.4,0.0,14.1,1.4,0.0,14.0,31.1,0.0,2.6,1.9,33.7,41.6,0.8,14.4,0,55,1,A00992,A00992_2020-03-27,0,2020-03-27
91.3,74.7,247.0,4.02,9.1,29.9,0.2,0.0,14.7,3.3,0.0,12.0,21.2,0.0,4.4,0.0,32.7,36.7,0.9,4.1,0,83,1,A00672,A00672_2020-03-27,0,2020-03-27
97.7,92.5,80.0,3.86,10.5,31.3,1.1,0.0,18.6,22.9,0.8,12.1,2.1,0.2,24.8,0.2,32.1,37.7,0.5,4.4,1,79,1,A00907,A00907_2020-03-27,0,2020-03-27
79.7,90.6,309.0,4.68,9.8,25.9,0.1,0.0,16.2,7.1,0.0,12.1,7.4,0.0,7.8,0.3,32.4,37.3,0.6,1.7,0,61,0,A01122,A01122_2020-03-27,0,2020-03-27
94.3,96.9,82.0,3.84,11.0,31.8,0.1,0.0,15.9,5.6,0.0,12.2,1.5,0.0,5.8,0.2,33.7,36.2,0.1,1.4,0,76,1,A00078,A00078_2020-03-27,0,2020-03-27
86.0,67.7,391.0,4.01,8.7,28.2,0.4,0.0,13.4,3.3,0.2,11.3,23.9,0.0,4.9,0.2,32.8,34.5,1.2,8.0,0,62,0,A00306,A00306_2020-03-27,0,2020-03-27
85.9,78.0,269.0,3.47,10.1,29.4,0.5,0.0,12.3,4.4,0.5,10.2,12.5,0.0,5.7,0.0,34.2,29.8,0.7,9.0,0,48,0,A00489,A00489_2020-03-27,0,2020-03-27
92.7,86.9,356.0,5.61,10.0,31.0,1.1,0.0,11.9,10.5,0.1,17.4,4.0,0.0,12.1,0.1,33.5,52.0,0.5,8.9,0,80,1,A00341,A00341_2020-03-27,0,2020-03-27
93.3,67.8,268.0,4.61,11.0,31.9,0.7,0.0,12.8,7.9,0.4,14.7,25.6,0.0,11.6,0.3,34.2,43.0,3.0,5.9,0,60,1,A01432,A01432_2020-03-27,0,2020-03-27
94.6,90.9,160.0,3.72,9.9,29.0,0.6,0.0,14.1,14.0,0.1,10.8,5.0,0.0,15.4,0.2,30.7,35.2,0.8,3.8,1,59,0,A01358,A01358_2020-03-27,1,2020-03-27
84.9,76.2,155.0,4.83,10.5,27.7,0.3,0.0,14.8,3.4,0.0,13.4,17.6,0.0,4.5,0.0,32.7,41.0,0.8,6.2,0,57,0,A00956,A00956_2020-03-27,0,2020-03-27
96.5,86.7,504.0,4.34,9.8,32.3,0.7,0.0,14.1,10.5,0.1,14.0,7.1,0.0,12.1,0.1,33.4,41.9,0.9,6.0,1,58,1,A01439,A01439_2020-03-27,0,2020-03-27
92.5,81.8,149.0,4.02,12.3,29.9,1.1,0.0,15.4,10.1,0.7,12.0,8.0,0.1,12.3,0.2,32.3,37.2,1.0,9.3,0,88,0,A00149,A00149_2020-03-27,0,2020-03-27
87.0,75.7,237.0,5.06,12.0,27.7,0.6,0.0,11.7,5.9,1.2,14.0,15.6,0.1,7.8,0.3,31.8,44.0,1.2,7.2,0,54,1,A01363,A01363_2020-03-27,0,2020-03-27
103.95,,307.0,2.845,10.5,31.35,,,15.65,,,8.9,,,10.8,,30.1,29.55,,,0,84,0,A00453,A00453_2020-03-27,0,2020-03-27
93.8,87.8,62.0,5.01,12.4,31.7,0.7,0.0,13.5,12.6,0.1,15.9,6.6,0.0,14.3,0.3,33.8,47.0,0.9,5.2,1,73,1,A01470,A01470_2020-03-27,0,2020-03-27
88.7,65.7,232.0,4.76,10.0,30.7,0.8,0.0,12.3,3.9,0.7,14.6,20.2,0.0,5.9,0.2,34.6,42.2,1.2,13.2,0,66,1,A00292,A00292_2020-03-27,0,2020-03-27
97.4,67.8,226.0,3.84,10.9,29.4,0.7,0.1,15.6,6.0,2.5,11.3,21.3,0.2,8.8,0.9,30.2,37.4,1.9,7.5,1,67,1,A00349,A00349_2020-03-27,0,2020-03-27
97.4,91.3,292.0,3.89,12.2,31.1,0.8,0.1,14.9,21.0,1.5,12.1,3.4,0.3,23.0,0.4,31.9,37.9,0.8,3.4,1,72,1,A01338,A01338_2020-03-27,0,2020-03-27
93.0,75.7,178.0,4.45,10.4,31.5,2.1,0.0,14.3,8.9,0.0,14.0,5.9,0.0,11.8,0.3,33.8,41.4,0.7,18.1,0,79,1,A01240,A01240_2020-03-27,0,2020-03-27
80.2,52.0,467.0,4.79,10.0,25.1,0.8,0.0,15.8,3.1,2.7,12.0,30.8,0.2,5.9,0.7,31.3,38.4,1.8,13.8,0,53,0,A00898,A00898_2020-03-27,0,2020-03-27
89.5,83.8,456.0,4.3,10.5,29.3,1.0,0.1,14.3,14.3,0.1,12.6,9.7,0.0,17.1,0.4,32.7,38.5,1.7,6.0,0,79,0,A01239,A01239_2020-03-27,0,2020-03-27
97.0,65.3,313.0,4.63,12.4,29.2,1.0,0.1,14.7,6.3,2.2,13.5,20.9,0.2,9.6,0.7,30.1,44.9,2.0,10.9,1,58,1,A00463,A00463_2020-03-27,0,2020-03-27
81.7,78.8,206.0,5.42,10.6,29.3,0.8,0.0,12.9,6.2,0.0,15.9,11.0,0.0,7.9,0.1,35.9,44.3,0.9,10.1,0,58,1,A00085,A00085_2020-03-27,0,2020-03-27
101.4,73.6,201.0,3.64,10.0,34.6,0.7,0.1,13.2,6.3,2.9,12.6,14.8,0.2,8.5,0.6,34.1,36.9,1.3,8.1,0,82,1,A00345,A00345_2020-03-27,0,2020-03-27
86.9,62.5,312.0,2.89,9.4,29.4,0.5,0.0,14.5,2.9,4.8,8.5,21.1,0.2,4.6,0.7,33.9,25.1,1.0,10.9,0,50,0,A01025,A01025_2020-03-27,0,2020-03-27
96.8,91.9,228.0,4.4,11.1,31.1,0.5,0.1,13.9,12.6,0.1,13.7,3.5,0.0,13.7,0.6,32.2,42.6,0.5,3.9,1,72,1,A01289,A01289_2020-03-27,0,2020-03-27
90.6,89.3,325.0,3.13,10.15,29.25,0.65,0.0,15.25,13.65,2.45,9.15,3.85,0.35,15.3,0.25,32.3,28.35,0.6,4.15,0,48,0,A01688,A01688_2020-03-27,0,2020-03-27
88.5,62.0,555.0,4.51,8.5,30.4,0.4,0.0,11.8,3.6,1.2,13.7,29.4,0.1,5.8,0.3,34.3,39.9,1.7,7.1,0,46,0,A01082,A01082_2020-03-27,0,2020-03-27
92.8,87.9,158.0,3.34,9.8,31.1,0.9,0.0,13.6,15.7,0.3,10.4,6.8,0.1,17.9,0.2,33.5,31.0,1.2,4.8,1,82,0,A00708,A00708_2020-03-27,0,2020-03-27
89.2,71.6,136.0,3.8,11.2,29.7,0.7,0.0,13.4,4.6,2.2,11.3,14.8,0.1,6.4,0.2,33.3,33.9,0.9,11.2,0,81,1,A00650,A00650_2020-03-27,0,2020-03-27
89.80000000000001,90.9,379.0,4.68,10.65,30.05,0.2,0.0,13.4,8.35,0.6000000000000001,14.05,5.8,0.05,9.15,0.1,33.45,42.0,0.55,2.6,0,77,1,A00586,A00586_2020-03-27,0,2020-03-27
86.6,91.9,433.0,3.72,10.9,29.0,0.9,0.0,13.2,17.5,0.2,10.8,3.1,0.0,19.0,0.2,33.5,32.2,0.6,4.6,1,63,1,A01125,A01125_2020-03-27,0,2020-03-27
89.0,63.2,271.0,5.08,10.4,29.1,0.7,0.1,12.7,4.6,4.3,14.8,22.1,0.3,7.2,1.0,32.7,45.2,1.6,9.4,0,70,1,A00576,A00576_2020-03-27,0,2020-03-27
88.2,77.5,219.0,5.19,12.8,28.9,0.9,0.0,17.0,7.1,0.0,15.0,12.8,0.0,9.1,0.2,32.8,45.8,1.2,9.5,0,100,1,A00580,A00580_2020-03-27,0,2020-03-27
94.7,79.9,474.0,4.94,11.0,31.4,1.4,0.0,13.6,15.0,0.1,15.5,12.4,0.0,18.8,0.1,33.1,46.8,2.3,7.5,0,59,1,A01280,A01280_2020-03-27,0,2020-03-27
92.2,85.6,130.0,3.72,10.9,30.6,0.4,0.0,13.1,6.7,1.5,11.4,8.1,0.1,7.8,0.3,33.2,34.3,0.6,4.5,0,85,0,A01373,A01373_2020-03-27,0,2020-03-27
74.3,83.8,241.0,5.3,12.4,22.8,0.1,0.0,15.5,5.4,0.0,12.1,14.0,0.0,6.4,0.2,30.7,39.4,0.9,2.0,0,48,0,A00261,A00261_2020-03-27,0,2020-03-27
76.5,91.1,116.0,4.9,,23.1,1.1,0.0,29.7,13.3,0.1,11.3,1.3,0.0,14.6,0.3,30.1,37.5,0.2,7.2,0,76,0,A01399,A01399_2020-03-27,0,2020-03-27
87.1,74.9,136.0,4.87,10.1,29.4,0.2,0.0,12.9,2.9,0.3,14.3,18.9,0.0,3.9,0.3,33.7,42.4,0.7,5.6,0,62,1,A00487,A00487_2020-03-27,0,2020-03-27
95.7,59.6,337.0,3.04,11.0,31.9,1.0,0.0,11.9,4.6,2.8,9.7,23.5,0.2,7.7,0.5,33.3,29.1,1.8,13.6,0,66,1,A00015,A00015_2020-03-27,0,2020-03-27
85.9,71.8,290.0,3.62,10.6,30.7,0.9,0.0,13.5,6.4,0.4,11.1,17.2,0.0,8.9,0.2,35.7,31.1,1.5,10.4,0,77,1,A00699,A00699_2020-03-27,0,2020-03-27
88.7,91.3,339.0,6.0,11.4,29.5,1.0,0.0,14.6,15.8,0.0,17.7,2.9,0.0,17.3,0.2,33.3,53.2,0.5,5.6,0,55,1,A00173,A00173_2020-03-27,0,2020-03-27
87.9,,198.0,5.2,10.1,29.2,,,13.2,,,15.2,,,14.2,,33.3,45.7,,,0,56,1,A00340,A00340_2020-03-27,0,2020-03-27
92.1,74.8,162.0,3.78,10.9,29.9,0.4,0.0,11.7,3.6,2.9,11.3,13.7,0.1,4.8,0.6,32.5,34.8,0.7,8.0,1,57,1,A01443,A01443_2020-03-27,0,2020-03-27
100.0,82.7,158.0,4.27,11.4,30.2,0.4,0.1,13.3,5.4,0.9,12.9,9.8,0.1,6.5,1.1,30.2,42.7,0.6,5.5,1,46,1,A00594,A00594_2020-03-27,0,2020-03-27
83.4,83.5,233.0,4.27,10.8,28.6,1.7,0.1,15.9,18.9,1.5,12.2,7.2,0.3,22.6,0.4,34.3,35.6,1.6,7.4,1,70,1,A00668,A00668_2020-03-27,0,2020-03-27
83.1,91.2,229.0,4.37,10.2,28.6,0.3,0.0,13.2,9.7,0.8,12.5,5.1,0.1,10.6,0.2,34.4,36.3,0.5,2.7,0,60,1,A00382,A00382_2020-03-28,0,2020-03-28
97.5,77.3,236.0,4.01,11.8,29.4,0.6,0.1,15.2,7.0,1.3,11.8,14.5,0.1,9.0,0.6,30.2,39.1,1.3,6.3,1,67,1,A00349,A00349_2020-03-28,0,2020-03-28
85.8,83.8,233.0,4.36,10.8,27.8,1.4,0.1,16.5,19.5,2.4,12.1,7.4,0.6,23.3,0.3,32.4,37.4,1.7,6.1,1,70,1,A00668,A00668_2020-03-28,0,2020-03-28
95.2,51.6,334.0,2.93,11.1,30.7,1.2,0.1,11.8,3.9,3.9,9.0,27.6,0.3,7.5,0.7,32.3,27.9,2.1,16.2,0,66,1,A00015,A00015_2020-03-28,0,2020-03-28
86.7,53.6,138.0,3.54,12.3,27.4,0.5,0.1,14.3,5.0,9.7,9.7,30.6,0.9,9.4,0.9,31.6,30.7,2.9,5.2,0,41,1,A00367,A00367_2020-03-28,0,2020-03-28
93.8,91.2,237.0,5.92,10.5,31.4,0.4,0.0,11.8,6.6,0.0,18.6,2.9,0.0,7.2,0.3,33.5,55.5,0.2,5.6,0,80,1,A00341,A00341_2020-03-28,0,2020-03-28
92.6,63.0,303.0,4.74,9.9,30.0,1.2,0.1,14.6,6.6,5.7,14.2,19.4,0.6,10.5,0.9,32.3,43.9,2.0,11.0,1,46,1,A00830,A00830_2020-03-28,0,2020-03-28
96.1,88.5,246.0,3.57,10.5,28.0,1.0,0.0,14.2,15.4,0.0,10.0,5.7,0.0,17.4,0.2,29.2,34.3,1.0,5.6,1,61,0,A01144,A01144_2020-03-28,0,2020-03-28
80.4,46.0,163.0,5.81,10.3,27.9,0.6,0.0,13.2,1.9,0.2,16.2,40.4,0.0,4.2,0.2,34.7,46.7,1.7,13.2,0,38,1,A00557,A00557_2020-03-28,0,2020-03-28
91.6,46.8,136.0,3.94,12.1,30.5,0.7,0.0,12.4,2.2,0.2,12.0,38.7,0.0,4.8,0.2,33.2,36.1,1.9,14.1,0,40,0,A00553,A00553_2020-03-28,0,2020-03-28
94.0,92.7,157.0,4.96,14.4,31.7,0.3,0.0,12.6,12.0,0.0,15.7,4.7,0.0,12.9,0.2,33.7,46.6,0.6,2.4,0,78,1,A00308,A00308_2020-03-28,0,2020-03-28
94.5,90.5,224.0,4.37,11.2,30.4,0.8,0.1,14.0,14.2,0.1,13.3,3.6,0.0,15.7,0.5,32.2,41.3,0.6,5.3,1,72,1,A01289,A01289_2020-03-28,0,2020-03-28
90.4,82.9,417.0,3.35,9.9,29.3,1.6,0.1,13.9,15.3,0.4,9.8,7.5,0.1,18.4,0.3,32.3,30.3,1.4,8.9,0,76,1,A00645,A00645_2020-03-28,0,2020-03-28
83.2,78.0,180.0,5.55,11.0,28.3,0.5,0.0,14.6,3.8,0.0,15.7,11.7,0.0,4.9,0.2,34.0,46.2,0.6,10.1,0,74,1,A00401,A00401_2020-03-28,0,2020-03-28
91.3,,475.0,5.03,10.4,30.0,,,13.9,,,15.1,,,15.4,,32.9,45.9,,,1,70,1,A01267,A01267_2020-03-28,0,2020-03-28
90.3,59.7,366.0,3.92,11.1,30.4,0.6,0.1,12.2,3.6,5.5,11.9,23.8,0.3,6.0,1.2,33.6,35.4,1.4,9.8,0,56,1,A00509,A00509_2020-03-28,0,2020-03-28
95.4,70.0,369.0,4.74,12.8,29.5,0.9,0.2,15.0,7.1,3.4,14.0,15.8,0.3,10.1,1.5,31.0,45.2,1.6,9.3,1,58,1,A00463,A00463_2020-03-28,0,2020-03-28
97.3,89.4,270.0,4.49,10.6,31.6,0.3,0.0,12.5,8.1,1.4,14.2,5.1,0.1,9.1,0.4,32.5,43.7,0.5,3.7,0,56,0,A00314,A00314_2020-03-28,0,2020-03-28
84.1,69.8,284.0,5.34,10.9,29.2,0.7,0.0,13.7,4.2,0.5,15.6,17.9,0.0,6.0,0.3,34.7,44.9,1.1,11.5,0,56,1,A00710,A00710_2020-03-28,0,2020-03-28
95.0,87.8,142.0,3.23,10.7,30.0,0.7,0.0,14.0,12.6,0.4,9.7,6.5,0.1,14.3,0.1,31.6,30.7,0.9,5.2,1,76,1,A00726,A00726_2020-03-28,0,2020-03-28
87.1,67.0,160.0,5.26,11.7,28.5,0.6,0.0,12.6,3.1,0.6,15.0,19.7,0.0,4.7,0.4,32.8,45.8,0.9,12.3,0,51,0,A00161,A00161_2020-03-28,0,2020-03-28
59.2,,164.0,5.98,,18.7,,,17.9,,,11.2,,,14.8,,31.6,35.4,,,1,65,1,A00507,A00507_2020-03-28,0,2020-03-28
77.7,83.0,141.0,3.94,13.5,24.4,0.3,0.0,16.7,4.3,2.7,9.6,8.3,0.1,5.2,0.4,31.4,30.6,0.4,5.6,0,26,1,A00811,A00811_2020-03-28,0,2020-03-28
87.1,76.1,231.0,4.65,11.3,29.2,0.6,0.0,12.2,5.6,0.0,13.6,15.4,0.0,7.3,0.1,33.6,40.5,1.1,8.4,0,56,0,A01347,A01347_2020-03-28,0,2020-03-28
80.8,71.1,257.0,3.75,11.5,27.2,0.4,0.0,13.4,3.4,0.0,10.2,21.3,0.0,4.8,0.2,33.7,30.3,1.0,7.4,0,57,0,A00813,A00813_2020-03-28,0,2020-03-28
94.4,93.0,58.0,5.02,,32.1,0.2,0.0,13.8,10.0,0.1,16.1,4.8,0.0,10.8,0.1,34.0,47.4,0.5,2.0,1,73,1,A01470,A01470_2020-03-28,0,2020-03-28
94.6,91.2,93.0,3.55,10.4,30.1,0.8,0.1,18.0,16.4,1.5,10.7,2.3,0.3,18.0,0.3,31.8,33.6,0.4,4.7,1,79,1,A00907,A00907_2020-03-28,0,2020-03-28
85.15,,248.0,3.94,9.6,27.55,,,18.65,,,10.85,,,10.25,,32.35,33.55,,,1,76,1,A00986,A00986_2020-03-28,0,2020-03-28
87.1,76.0,431.0,5.29,10.0,29.5,0.5,0.0,13.0,4.9,1.2,15.6,14.0,0.1,6.5,0.5,33.8,46.1,0.9,8.3,0,69,1,A01591,A01591_2020-03-28,0,2020-03-28
91.9,73.3,354.0,3.84,12.9,29.4,1.0,0.1,12.8,9.7,7.9,11.3,10.0,1.1,13.3,1.1,32.0,35.3,1.3,7.7,0,55,1,A01270,A01270_2020-03-28,0,2020-03-28
88.7,54.3,91.0,4.51,12.3,29.3,1.2,0.2,13.6,7.7,3.0,13.2,33.0,0.4,14.2,1.3,33.0,40.0,4.7,8.4,0,60,1,A01644,A01644_2020-03-28,0,2020-03-28
92.3,71.6,158.0,4.04,11.9,29.0,0.4,0.0,14.8,4.7,4.4,11.7,17.3,0.3,6.6,0.5,31.4,37.3,1.1,6.2,0,73,1,A00512,A00512_2020-03-28,0,2020-03-28
89.9,74.3,245.0,3.36,9.5,30.7,0.6,0.0,11.6,5.3,0.8,10.3,15.7,0.1,7.2,0.6,34.1,30.2,1.1,8.6,0,63,1,A01034,A01034_2020-03-28,0,2020-03-28
90.8,60.1,522.0,5.3,10.0,27.9,2.9,0.2,14.3,10.6,0.8,14.8,21.5,0.1,17.7,1.4,30.8,48.1,3.8,16.2,0,49,1,A00084,A00084_2020-03-28,0,2020-03-28
91.6,61.1,174.0,4.05,9.6,30.9,0.6,0.0,13.1,4.2,2.9,12.5,27.3,0.2,6.9,0.1,33.7,37.1,1.9,8.6,0,74,0,A00021,A00021_2020-03-28,0,2020-03-28
94.3,66.8,317.0,4.56,10.8,30.3,1.0,0.1,13.8,5.6,2.8,13.8,18.4,0.2,8.4,0.6,32.1,43.0,1.5,11.4,0,61,1,A00256,A00256_2020-03-28,0,2020-03-28
88.7,94.3,230.0,4.67,10.1,29.6,0.3,0.0,13.4,9.5,0.0,13.8,2.2,0.0,10.1,0.1,33.3,41.4,0.2,3.4,0,56,1,A00340,A00340_2020-03-28,0,2020-03-28
85.6,71.5,250.0,4.59,11.0,30.1,0.2,0.0,12.7,3.9,0.0,13.8,25.0,0.0,5.4,0.4,35.1,39.3,1.4,3.1,0,52,0,A01533,A01533_2020-03-28,0,2020-03-28
85.8,83.8,233.0,4.36,10.8,27.8,1.4,0.1,16.5,19.5,2.4,12.1,7.4,0.6,23.3,0.3,32.4,37.4,1.7,6.1,1,71,0,A00667,A00667_2020-03-28,0,2020-03-28
96.6,85.5,185.0,4.43,12.8,29.3,0.6,0.1,17.1,10.9,2.0,13.0,7.6,0.3,12.8,0.5,30.4,42.8,1.0,4.4,1,61,1,A00900,A00900_2020-03-28,0,2020-03-28
88.0,87.6,493.0,4.08,11.0,27.9,1.3,0.1,13.5,19.1,1.3,11.4,5.0,0.3,21.8,0.3,31.8,35.9,1.1,5.8,1,63,1,A01125,A01125_2020-03-28,0,2020-03-28
87.9,83.7,337.0,4.06,10.4,28.3,0.5,0.1,12.6,8.5,0.7,11.5,9.6,0.1,10.2,0.7,32.2,35.7,1.0,5.3,1,52,1,A00123,A00123_2020-03-28,0,2020-03-28
78.5,85.1,214.0,5.57,10.9,26.4,0.2,0.0,16.5,4.8,0.0,14.7,10.7,0.0,5.6,0.4,33.6,43.7,0.6,3.8,0,39,1,A01387,A01387_2020-03-28,0,2020-03-28
88.5,81.5,147.0,3.4,11.5,27.9,0.2,0.0,19.0,3.2,0.3,9.5,11.7,0.0,3.9,0.3,31.6,30.1,0.5,6.2,0,81,0,A00316,A00316_2020-03-28,0,2020-03-28
83.0,91.9,307.0,3.47,9.9,25.4,0.4,0.0,17.2,11.4,0.2,8.8,4.7,0.0,12.4,0.3,30.6,28.8,0.6,2.9,0,67,0,A01225,A01225_2020-03-28,0,2020-03-28
95.0,87.8,142.0,3.23,10.7,30.0,0.7,0.0,14.0,12.6,0.4,9.7,6.5,0.1,14.3,0.1,31.6,30.7,0.9,5.2,1,82,0,A00708,A00708_2020-03-28,0,2020-03-28
91.7,87.3,270.0,3.61,10.3,28.8,0.5,0.0,14.5,9.5,2.6,10.4,5.2,0.3,10.9,0.1,31.4,33.1,0.6,4.8,0,75,1,A00692,A00692_2020-03-28,0,2020-03-28
89.5,80.1,465.0,4.95,11.0,31.1,0.8,0.0,11.6,5.9,0.4,15.4,9.2,0.0,7.4,0.1,34.8,44.3,0.7,10.2,0,57,1,A00663,A00663_2020-03-28,0,2020-03-28
80.0,71.1,326.0,4.81,10.0,27.2,0.6,0.0,12.0,4.6,1.7,13.1,18.0,0.1,6.4,0.5,34.0,38.5,1.2,8.7,0,37,1,A00579,A00579_2020-03-28,0,2020-03-28
86.0,88.8,353.0,4.28,10.8,29.7,0.4,0.0,14.0,7.5,0.0,12.7,5.8,0.0,8.4,0.2,34.5,36.8,0.5,5.2,0,65,0,A00952,A00952_2020-03-28,0,2020-03-28
82.5,37.7,222.0,4.98,11.9,29.1,0.3,0.0,11.6,0.8,4.4,14.5,42.2,0.1,2.0,0.5,35.3,41.1,0.8,15.2,0,49,1,A00651,A00651_2020-03-28,0,2020-03-28
98.8,77.8,143.0,4.13,14.1,32.2,0.7,0.1,12.8,12.7,2.6,13.3,14.7,0.4,16.3,0.4,32.6,40.8,2.4,4.5,0,64,0,A00628,A00628_2020-03-28,0,2020-03-28
94.4,82.3,174.0,4.12,11.3,30.6,0.4,0.0,11.8,6.0,1.7,12.6,10.3,0.1,7.3,0.6,32.4,38.9,0.8,5.1,1,57,1,A01443,A01443_2020-03-28,0,2020-03-28
85.3,83.5,487.0,4.43,9.4,28.7,0.8,0.1,14.1,10.4,2.2,12.7,7.2,0.3,12.5,0.5,33.6,37.8,0.9,6.6,0,80,1,A00693,A00693_2020-03-28,0,2020-03-28
91.3,57.2,274.0,4.13,10.9,31.2,0.4,0.0,16.8,4.9,0.1,12.9,38.2,0.0,8.5,0.1,34.2,37.7,3.2,4.4,0,68,0,A01222,A01222_2020-03-28,0,2020-03-28
92.5,52.3,585.0,4.56,9.4,30.0,1.0,0.0,12.7,3.4,2.8,13.7,28.8,0.2,6.5,0.6,32.5,42.2,1.9,15.5,0,65,1,A00230,A00230_2020-03-28,0,2020-03-28
84.3,88.9,282.0,5.03,9.4,27.8,0.6,0.0,14.3,13.2,0.0,14.0,7.2,0.0,14.8,0.1,33.0,42.4,1.1,3.8,1,65,1,A00060,A00060_2020-03-28,0,2020-03-28
97.2,91.9,399.0,4.25,10.0,29.9,0.3,0.0,14.6,9.5,1.2,12.7,3.7,0.1,10.3,0.4,30.8,41.3,0.4,2.8,1,62,1,A01435,A01435_2020-03-28,0,2020-03-28
99.8,85.1,462.0,4.25,10.0,33.2,0.6,0.0,14.2,8.0,1.6,14.1,6.9,0.2,9.4,0.3,33.3,42.4,0.6,6.1,1,58,1,A01439,A01439_2020-03-28,0,2020-03-28
95.3,50.4,564.0,4.03,10.7,31.5,0.8,0.0,12.8,2.8,1.6,12.7,33.3,0.1,5.5,0.5,33.1,38.4,1.8,14.2,0,66,1,A01575,A01575_2020-03-28,0,2020-03-28
94.25,32.9,46.5,5.15,14.4,28.75,1.3,0.05,14.45,16.6,0.0,14.8,64.8,0.0,56.25,0.1,30.5,48.55,38.25,2.2,1,65,1,A00394,A00394_2020-03-28,1,2020-03-28
87.4,64.5,388.0,4.99,8.4,29.9,0.5,0.1,12.2,3.4,3.5,14.9,21.0,0.2,5.2,1.2,34.2,43.6,1.1,9.8,0,48,1,A01384,A01384_2020-03-28,0,2020-03-28
75.1,80.8,260.0,5.14,10.4,23.0,1.3,0.0,23.9,9.7,1.4,11.8,6.8,0.2,12.0,0.3,30.6,38.6,0.8,10.7,0,73,0,A00700,A00700_2020-03-28,0,2020-03-28
86.9,85.9,271.0,4.82,11.1,28.2,0.6,0.0,13.6,7.7,0.8,13.6,6.4,0.1,9.0,0.2,32.5,41.9,0.6,6.7,0,76,1,A00765,A00765_2020-03-28,0,2020-03-28
87.3,80.3,159.0,4.32,9.8,30.3,0.3,0.0,12.6,4.6,0.0,13.1,14.8,0.0,5.7,0.0,34.7,37.7,0.8,4.9,0,46,1,A00052,A00052_2020-03-28,0,2020-03-28
89.8,37.9,268.0,5.21,9.8,30.7,1.1,0.0,13.1,4.5,2.4,16.0,50.5,0.3,11.9,0.3,34.2,46.8,6.0,8.9,0,73,1,A00334,A00334_2020-03-28,0,2020-03-28
97.5,87.8,168.0,4.08,11.7,33.3,0.3,0.0,11.6,5.8,0.0,13.6,7.4,0.0,6.6,0.2,34.2,39.8,0.5,4.6,0,87,1,A01026,A01026_2020-03-28,0,2020-03-28
100.7,,74.0,2.89,12.1,29.8,,,15.4,,,8.6,,,24.9,,29.6,29.1,,,1,71,1,A00165,A00165_2020-03-28,1,2020-03-28
81.5,86.3,339.0,4.97,10.3,28.4,0.3,0.0,12.7,6.5,0.0,14.1,9.7,0.0,7.5,0.1,34.8,40.5,0.7,3.9,0,61,1,A00523,A00523_2020-03-28,0,2020-03-28
92.9,90.6,278.0,3.96,10.3,28.0,0.6,0.1,14.6,20.5,0.2,11.1,6.1,0.0,22.6,0.3,30.2,36.8,1.4,2.8,1,59,0,A01358,A01358_2020-03-28,1,2020-03-28
100.4,86.4,219.0,2.64,9.7,32.2,0.7,0.1,17.1,9.1,0.1,8.5,5.6,0.0,10.5,0.8,32.1,26.5,0.6,7.1,0,79,1,A00434,A00434_2020-03-28,0,2020-03-28
89.5,54.3,219.0,4.46,10.3,30.3,0.6,0.0,12.7,4.6,1.9,13.5,35.7,0.2,8.4,0.5,33.8,39.9,3.0,7.6,0,47,1,A00175,A00175_2020-03-28,0,2020-03-28
98.8,81.6,172.0,4.16,11.8,31.5,0.4,0.0,13.2,6.7,1.6,13.1,10.9,0.1,8.2,0.6,31.9,41.1,0.9,5.3,1,46,1,A00594,A00594_2020-03-28,0,2020-03-28
81.4,91.6,364.0,4.14,9.7,26.6,0.2,0.0,16.4,8.8,0.1,11.0,5.8,0.0,9.6,0.2,32.6,33.7,0.6,2.3,0,61,0,A01122,A01122_2020-03-28,0,2020-03-28
97.75,93.1,315.0,4.235,12.45,31.05,0.9,0.1,14.85,23.0,0.1,13.15,2.4,0.0,27.75,0.6,31.75,41.4,0.6,3.8,1,72,1,A01338,A01338_2020-03-28,0,2020-03-28
83.0,59.1,182.0,4.89,11.1,28.0,0.8,0.0,13.0,4.3,0.1,13.7,30.1,0.0,7.3,0.1,33.7,40.6,2.2,10.6,0,53,0,A01264,A01264_2020-03-28,0,2020-03-28
87.5,85.9,139.0,2.81,10.9,28.8,0.5,0.0,14.7,9.3,0.4,8.1,9.0,0.0,10.8,0.3,32.9,24.6,1.0,4.4,1,56,0,A00827,A00827_2020-03-28,0,2020-03-28
88.4,86.7,272.0,2.76,11.9,28.6,1.7,0.2,17.2,22.8,1.0,7.9,5.3,0.3,26.3,0.6,32.4,24.4,1.4,6.4,1,70,0,A01393,A01393_2020-03-28,0,2020-03-28
93.8,71.7,451.0,3.9,11.9,26.9,1.9,0.1,18.6,7.6,1.3,10.5,8.4,0.1,10.6,0.8,28.7,36.6,0.9,17.8,1,61,1,A01628,A01628_2020-03-28,0,2020-03-28
93.6,78.6,183.0,4.04,12.5,30.9,0.4,0.0,13.0,4.3,0.9,12.5,13.0,0.0,5.5,0.4,33.1,37.8,0.7,7.1,0,71,1,A00039,A00039_2020-03-28,0,2020-03-28
98.4,89.7,222.0,4.39,11.6,31.2,1.1,0.1,14.4,15.9,0.1,13.7,3.5,0.0,17.7,0.5,31.7,43.2,0.6,6.2,1,72,1,A01289,A01289_2020-03-29,0,2020-03-29
87.7,79.9,214.0,3.81,11.6,28.1,1.0,0.1,16.1,16.1,4.4,10.7,10.3,0.9,20.1,0.3,32.0,33.4,2.1,5.1,1,71,0,A00667,A00667_2020-03-29,0,2020-03-29
85.3,70.7,281.0,4.22,11.1,29.6,0.3,0.0,13.0,5.4,0.3,12.5,24.5,0.0,7.7,0.3,34.7,36.0,1.9,4.2,0,52,0,A01533,A01533_2020-03-29,0,2020-03-29
87.7,79.9,214.0,3.81,11.6,28.1,1.0,0.1,16.1,16.1,4.4,10.7,10.3,0.9,20.1,0.3,32.0,33.4,2.1,5.1,1,70,1,A00668,A00668_2020-03-29,0,2020-03-29
87.8,71.8,315.0,4.66,10.4,29.8,0.5,0.0,12.9,5.5,2.4,13.9,19.1,0.2,7.6,0.5,34.0,40.9,1.5,6.2,0,57,1,A01422,A01422_2020-03-29,0,2020-03-29
81.4,50.9,415.0,3.61,10.5,25.8,1.2,0.0,14.0,3.5,0.9,9.3,30.2,0.1,6.9,0.4,31.6,29.4,2.1,17.6,0,75,0,A01513,A01513_2020-03-29,0,2020-03-29
96.3,82.1,143.0,3.27,10.8,30.3,0.6,0.0,14.1,7.5,0.8,9.9,9.8,0.1,9.1,0.3,31.4,31.5,0.9,7.0,1,76,1,A00726,A00726_2020-03-29,0,2020-03-29
90.65,35.5,183.5,4.175,10.3,30.8,0.6499999999999999,0.0,12.55,1.1,2.1,12.85,39.7,0.1,3.1,0.45,33.95,37.85,1.25,22.25,0,68,1,A00336,A00336_2020-03-29,0,2020-03-29
59.6,,133.0,5.59,,19.0,,,18.5,,,10.6,,,15.2,,31.8,33.3,,,1,65,1,A00507,A00507_2020-03-29,0,2020-03-29
96.6,83.7,171.0,4.45,,31.9,0.4,0.0,12.5,8.4,0.5,14.2,11.7,0.1,10.0,0.3,33.0,43.0,1.2,3.8,0,78,1,A00308,A00308_2020-03-29,0,2020-03-29
87.0,74.19999999999999,273.0,3.34,11.0,30.85,0.75,0.0,13.65,6.15,3.5,10.3,13.0,0.3,8.25,0.3,35.45,29.05,1.1,9.0,0,77,1,A00699,A00699_2020-03-29,0,2020-03-29
84.8,82.9,436.0,5.2,10.7,28.3,0.4,0.1,13.2,9.0,6.8,14.7,5.9,0.7,10.8,0.5,33.3,44.1,0.6,3.9,1,49,1,A00359,A00359_2020-03-29,0,2020-03-29
70.0,88.2,318.0,4.36,11.5,22.2,0.3,0.0,16.0,6.6,0.0,9.7,7.8,0.0,7.5,0.1,31.8,30.5,0.6,3.9,1,90,0,A01593,A01593_2020-03-29,1,2020-03-29
87.8,71.8,315.0,4.66,10.4,29.8,0.5,0.0,12.9,5.5,2.4,13.9,19.1,0.2,7.6,0.5,34.0,40.9,1.5,6.2,0,50,1,A01369,A01369_2020-03-29,0,2020-03-29
83.9,51.4,546.0,4.48,10.7,27.0,0.8,0.0,14.2,3.6,1.8,12.1,34.9,0.1,7.1,0.6,32.2,37.6,2.5,11.3,0,67,0,A01455,A01455_2020-03-29,0,2020-03-29
91.2,85.3,169.0,3.17,10.8,31.2,1.2,0.0,13.7,11.9,0.4,9.9,5.7,0.1,14.0,0.2,34.3,28.9,0.8,8.4,1,81,0,A01301,A01301_2020-03-29,0,2020-03-29
61.4,92.3,601.0,5.73,9.3,20.1,0.8,0.0,15.6,16.2,0.0,11.5,2.8,0.0,17.6,0.1,32.7,35.2,0.5,4.8,0,69,1,A01129,A01129_2020-03-29,0,2020-03-29
96.69999999999999,89.9,245.0,3.365,10.2,31.5,0.55,0.0,14.95,9.05,0.15,10.6,4.050000000000001,0.0,10.1,0.4,32.55,32.55,0.45,5.5,0,78,0,A01492,A01492_2020-03-29,0,2020-03-29
98.4,80.4,185.0,4.42,11.3,29.9,0.4,0.0,13.4,6.1,1.5,13.2,12.0,0.1,7.6,0.5,30.3,43.5,0.9,5.6,1,46,1,A00594,A00594_2020-03-29,0,2020-03-29
86.5,79.7,223.0,5.1,10.1,29.6,0.6,0.0,12.8,6.4,0.0,15.1,12.2,0.0,8.0,0.1,34.2,44.1,1.0,8.0,0,62,1,A00487,A00487_2020-03-29,0,2020-03-29
96.2,73.1,225.0,3.68,12.1,30.7,0.8,0.1,15.4,8.6,1.6,11.3,17.7,0.2,11.7,0.5,31.9,35.4,2.1,7.1,1,67,1,A00349,A00349_2020-03-29,0,2020-03-29
88.5,94.5,310.0,5.795,10.75,29.65,0.6499999999999999,0.05,14.7,19.6,0.0,17.2,1.9,0.0,20.65,0.15,33.55,51.25,0.35,3.45,0,55,1,A00173,A00173_2020-03-29,0,2020-03-29
90.7,82.3,323.0,5.38,10.9,30.5,0.5,0.0,14.1,8.1,1.8,16.4,10.1,0.2,9.9,0.4,33.6,48.8,1.0,5.4,1,56,1,A00050,A00050_2020-03-29,0,2020-03-29
95.0,86.5,193.0,3.79,10.6,28.8,0.4,0.1,14.8,15.9,0.6,10.9,10.2,0.1,18.4,0.5,30.3,36.0,1.9,2.2,1,59,0,A01358,A01358_2020-03-29,1,2020-03-29
94.5,82.2,404.0,3.82,11.5,27.5,1.1,0.0,19.0,8.5,0.5,10.5,6.5,0.1,10.3,0.2,29.1,36.1,0.7,10.6,1,61,1,A01628,A01628_2020-03-29,0,2020-03-29
81.44999999999999,96.0,266.0,4.63,9.9,28.3,0.55,0.0,14.0,23.6,0.0,13.1,1.6,0.0,24.55,0.15,34.75,37.7,0.4,2.25,1,65,0,A01086,A01086_2020-03-29,0,2020-03-29
88.9,74.3,291.0,4.4,10.0,30.5,0.6,0.0,12.8,4.5,0.7,13.4,13.8,0.0,6.0,0.5,34.3,39.1,0.8,10.7,0,48,1,A00188,A00188_2020-03-29,0,2020-03-29
84.4,82.7,193.0,5.27,11.1,28.5,0.6,0.0,14.6,5.8,0.0,15.0,8.6,0.0,7.0,0.3,33.7,44.5,0.6,8.4,0,74,1,A00401,A00401_2020-03-29,0,2020-03-29
84.8,83.5,186.0,4.95,9.8,29.7,0.5,0.0,13.6,6.8,0.1,14.7,10.6,0.0,8.2,0.1,35.0,42.0,0.9,5.7,0,60,1,A01176,A01176_2020-03-29,0,2020-03-29
98.5,84.5,172.0,4.12,13.1,29.1,0.5,0.1,17.0,11.6,1.8,12.0,9.8,0.2,13.7,0.6,29.6,40.6,1.3,3.3,1,61,1,A00900,A00900_2020-03-29,0,2020-03-29
100.6,91.8,107.0,3.15,10.2,31.4,0.8,0.0,18.5,13.9,1.0,9.9,1.6,0.2,15.1,0.3,31.2,31.7,0.2,5.3,1,79,1,A00907,A00907_2020-03-29,0,2020-03-29
83.6,87.6,298.0,4.77,10.0,28.1,0.4,0.0,13.3,11.0,1.2,13.4,7.9,0.2,12.6,0.2,33.6,39.9,1.0,3.1,0,60,1,A00382,A00382_2020-03-29,0,2020-03-29
82.9,35.5,229.0,5.03,11.9,28.8,0.3,0.0,11.8,0.8,3.6,14.5,44.5,0.1,2.2,0.9,34.8,41.7,1.0,15.5,0,49,1,A00651,A00651_2020-03-29,0,2020-03-29
90.9,84.4,226.0,2.42,11.9,29.8,1.0,0.1,16.8,15.2,4.7,7.2,4.6,0.8,18.0,0.6,32.7,22.0,0.8,5.7,1,70,0,A01393,A01393_2020-03-29,0,2020-03-29
95.8,90.8,383.0,4.24,10.5,29.0,0.2,0.0,14.1,8.4,2.8,12.3,4.5,0.3,9.3,0.2,30.3,40.6,0.4,1.7,1,62,1,A01435,A01435_2020-03-29,0,2020-03-29
83.8,67.9,421.5,4.745,10.65,27.75,0.9500000000000001,0.0,11.95,4.5,0.35,13.15,17.1,0.0,6.65,0.6,33.05,39.75,1.1,14.05,0,55,1,A00802,A00802_2020-03-29,0,2020-03-29
84.8,77.9,602.0,4.29,9.5,27.5,0.8,0.1,14.0,6.9,2.3,11.8,9.4,0.2,8.8,0.8,32.4,36.4,0.8,9.6,0,80,1,A00693,A00693_2020-03-29,0,2020-03-29
92.2,38.6,241.0,4.72,10.1,31.4,0.6,0.1,12.5,2.8,3.7,14.8,48.4,0.3,7.3,0.7,34.0,43.5,3.5,8.6,0,73,1,A00334,A00334_2020-03-29,0,2020-03-29
93.6,78.4,341.0,3.58,11.1,31.0,1.7,0.0,13.6,11.1,0.1,11.1,9.2,0.0,14.1,0.3,33.1,33.5,1.3,12.0,0,34,1,A01367,A01367_2020-03-29,0,2020-03-29
88.5,90.1,196.0,5.04,9.4,29.8,0.1,0.0,13.2,5.9,0.0,15.0,8.2,0.0,6.5,0.2,33.6,44.6,0.5,1.5,0,46,1,A00052,A00052_2020-03-29,0,2020-03-29
78.4,77.4,138.0,3.94,12.4,24.9,0.3,0.0,16.7,3.6,3.9,9.8,11.3,0.2,4.6,0.7,31.7,30.9,0.5,6.7,0,26,1,A00811,A00811_2020-03-29,0,2020-03-29
94.4,94.4,125.0,4.31,11.6,33.4,0.2,0.0,11.9,9.1,0.0,14.4,3.5,0.0,9.6,0.1,35.4,40.7,0.3,2.0,0,87,1,A01026,A01026_2020-03-29,0,2020-03-29
94.7,56.8,298.0,4.35,11.5,32.2,0.6,0.0,11.8,3.3,1.4,14.0,30.9,0.1,5.8,0.7,34.0,41.2,1.8,10.2,0,74,1,A00134,A00134_2020-03-29,0,2020-03-29
83.3,70.0,211.0,5.92,11.4,29.2,1.1,0.0,12.3,6.9,0.6,17.3,18.4,0.1,9.8,0.2,35.1,49.3,1.8,10.8,0,31,1,A01047,A01047_2020-03-29,0,2020-03-29
91.3,79.9,137.0,5.95,10.9,31.1,0.8,0.0,11.8,6.2,0.1,18.5,9.4,0.0,7.8,0.4,34.1,54.3,0.7,10.2,0,80,1,A00341,A00341_2020-03-29,0,2020-03-29
86.3,77.1,223.0,5.31,8.9,29.9,0.5,0.0,12.6,5.8,0.0,15.9,16.0,0.0,7.5,0.1,34.7,45.8,1.2,6.8,0,38,1,A01454,A01454_2020-03-29,0,2020-03-29
73.8,88.0,492.0,4.31,9.4,23.7,0.3,0.0,16.3,8.4,1.2,10.2,7.9,0.1,9.5,0.1,32.1,31.8,0.8,2.8,1,64,1,A00915,A00915_2020-03-29,0,2020-03-29
84.3,55.2,355.0,4.65,10.2,27.7,0.8,0.1,13.3,4.0,1.4,12.9,31.9,0.1,7.3,1.0,32.9,39.2,2.3,10.5,0,70,1,A00059,A00059_2020-03-29,0,2020-03-29
86.0,50.6,186.0,4.84,12.4,29.3,0.6,0.0,12.8,2.2,1.9,14.2,32.9,0.1,4.3,0.7,34.1,41.6,1.4,13.9,0,79,1,A01624,A01624_2020-03-29,0,2020-03-29
82.9,75.6,416.0,4.39,10.7,24.1,0.8,0.0,18.3,7.2,0.1,10.6,16.2,0.0,9.5,0.1,29.1,36.4,1.5,8.0,0,56,0,A01081,A01081_2020-03-29,0,2020-03-29
85.4,67.4,247.0,5.08,11.4,30.1,0.6,0.1,12.6,7.3,1.3,15.3,25.1,0.1,10.9,0.5,35.3,43.4,2.7,5.7,0,41,0,A00609,A00609_2020-03-29,0,2020-03-29
94.44999999999999,68.85,115.0,4.12,14.4,31.45,0.6,0.1,12.85,10.4,4.0,12.95,22.5,0.6,15.05,0.45,33.3,38.90000000000001,3.4,4.199999999999999,0,64,0,A00628,A00628_2020-03-29,0,2020-03-29
97.7,74.3,290.0,3.92,10.0,32.9,0.4,0.0,13.7,3.4,0.0,12.9,16.7,0.0,4.6,0.6,33.7,38.3,0.8,8.4,0,55,1,A00992,A00992_2020-03-29,0,2020-03-29
94.0,84.4,141.0,3.83,10.6,30.5,0.4,0.0,12.1,6.7,1.8,11.7,8.3,0.1,7.9,0.4,32.5,36.0,0.7,5.1,1,57,1,A01443,A01443_2020-03-29,0,2020-03-29
91.1,86.6,373.0,2.92,9.7,29.8,0.6,0.1,15.4,13.6,4.1,8.7,4.9,0.6,15.7,0.4,32.7,26.6,0.8,4.0,1,48,0,A01688,A01688_2020-03-29,0,2020-03-29
100.7,34.4,78.0,4.34,13.0,29.0,1.2,0.1,14.8,20.4,0.0,12.6,63.5,0.0,59.3,0.1,28.8,43.7,37.7,2.0,1,65,1,A00394,A00394_2020-03-29,1,2020-03-29
89.6,35.0,277.0,4.23,11.2,31.7,0.5,0.0,14.3,6.2,0.0,13.4,62.0,0.0,17.8,0.0,35.4,37.9,11.0,3.0,0,78,1,A01474,A01474_2020-03-29,0,2020-03-29
88.8,57.5,354.0,3.74,10.2,29.4,0.7,0.1,12.7,3.5,4.0,11.0,25.1,0.2,6.0,1.0,33.1,33.2,1.5,12.4,0,67,0,A00568,A00568_2020-03-29,0,2020-03-29
86.7,89.1,223.0,4.66,10.3,29.8,0.3,0.0,12.2,11.1,0.0,13.9,8.5,0.0,12.5,0.1,34.4,40.4,1.1,2.3,0,68,0,A01663,A01663_2020-03-29,0,2020-03-29
84.85,,229.5,3.635,9.399999999999999,27.65,,,18.9,,,10.05,,,9.85,,32.6,30.85,,,1,76,1,A00986,A00986_2020-03-29,0,2020-03-29
87.3,56.8,138.0,4.71,10.2,30.4,0.2,0.0,12.7,2.6,0.0,14.3,38.1,0.0,4.5,0.7,34.8,41.1,1.7,4.4,0,38,0,A00589,A00589_2020-03-29,0,2020-03-29
83.0,57.9,237.0,3.42,11.2,27.5,0.4,0.0,13.5,2.8,0.0,9.4,33.6,0.0,4.8,0.2,33.1,28.4,1.6,8.3,0,57,0,A00813,A00813_2020-03-29,0,2020-03-29
83.7,88.2,421.0,4.17,10.8,28.5,0.4,0.0,14.1,7.3,0.1,11.9,6.0,0.0,8.3,0.4,34.1,34.9,0.5,5.3,0,65,0,A00952,A00952_2020-03-29,0,2020-03-29
76.3,70.6,326.0,4.26,9.6,24.9,1.2,0.0,17.6,5.9,1.8,10.6,13.5,0.2,8.4,0.2,32.6,32.5,1.1,13.9,0,65,0,A01054,A01054_2020-03-29,0,2020-03-29
96.3,82.1,143.0,3.27,10.8,30.3,0.6,0.0,14.1,7.5,0.8,9.9,9.8,0.1,9.1,0.3,31.4,31.5,0.9,7.0,1,82,0,A00708,A00708_2020-03-29,0,2020-03-29
83.7,76.1,412.0,4.85,11.0,28.5,1.2,0.1,12.8,9.6,0.6,13.8,13.3,0.1,12.6,0.5,34.0,40.6,1.7,9.5,0,60,0,A01083,A01083_2020-03-29,0,2020-03-29
94.1,,485.0,4.91,9.8,29.9,,,14.0,,,14.7,,,14.8,,31.8,46.2,,,1,70,1,A01267,A01267_2020-03-29,0,2020-03-29
96.5,54.2,95.0,3.16,12.3,32.0,0.7,0.1,14.1,4.1,2.1,10.1,33.6,0.2,7.6,0.8,33.1,30.5,2.6,9.3,0,89,0,A00162,A00162_2020-03-29,0,2020-03-29
83.5,69.2,473.0,5.14,8.7,29.6,0.9,0.0,12.2,5.3,1.6,15.2,16.7,0.1,7.7,0.3,35.4,42.9,1.3,12.2,0,47,1,A00819,A00819_2020-03-29,0,2020-03-29
93.94999999999999,69.95,239.5,2.705,12.5,30.45,1.55,0.0,15.35,8.85,3.85,8.25,14.0,0.45,12.6,0.1,32.45,25.4,1.75,12.1,0,79,1,A01364,A01364_2020-03-29,0,2020-03-29
95.8,69.4,346.0,4.52,13.0,29.0,1.1,0.3,14.7,8.5,4.4,13.1,15.0,0.5,12.3,2.2,30.3,43.3,1.8,9.0,1,58,1,A00463,A00463_2020-03-29,0,2020-03-29
86.9,69.1,221.0,4.88,10.7,28.7,0.7,0.0,13.4,4.8,0.3,14.0,19.9,0.0,7.0,0.3,33.0,42.4,1.4,10.4,0,69,1,A00398,A00398_2020-03-29,0,2020-03-29
85.9,70.9,277.0,5.23,10.0,28.1,0.6,0.0,13.5,6.9,0.8,14.7,21.8,0.1,9.8,0.4,32.7,44.9,2.1,6.1,0,66,0,A00945,A00945_2020-03-29,0,2020-03-29
83.9,51.4,546.0,4.48,10.7,27.0,0.8,0.0,14.2,3.6,1.8,12.1,34.9,0.1,7.1,0.6,32.2,37.6,2.5,11.3,0,49,1,A01482,A01482_2020-03-29,0,2020-03-29
83.5,72.5,266.0,4.43,9.8,28.0,0.3,0.0,13.0,5.3,0.0,12.4,23.3,0.0,7.3,0.1,33.5,37.0,1.7,4.1,0,48,0,A01419,A01419_2020-03-29,0,2020-03-29
88.7,87.75,489.0,2.825,10.75,29.55,1.05,0.05,16.45,15.8,1.25,8.35,4.800000000000001,0.2,17.95,0.3,33.3,25.05,0.8500000000000001,5.9,0,61,1,A01084,A01084_2020-03-29,0,2020-03-29
85.1,63.8,198.0,5.37,8.9,31.7,0.8,0.0,12.7,5.0,1.3,17.0,24.7,0.1,7.8,0.5,37.2,45.7,1.9,9.7,0,48,1,A00771,A00771_2020-03-29,0,2020-03-29
91.4,70.1,387.0,4.98,11.7,30.3,1.1,0.0,13.2,8.8,0.2,15.1,21.1,0.0,12.6,0.2,33.2,45.5,2.7,8.4,0,59,1,A01280,A01280_2020-03-29,0,2020-03-29
85.6,61.7,279.0,4.51,9.3,29.0,0.7,0.0,13.0,2.8,1.7,13.1,21.8,0.1,4.6,0.4,33.9,38.6,1.0,14.4,0,56,1,A00870,A00870_2020-03-29,0,2020-03-29
87.9,85.7,302.0,3.73,10.0,29.2,0.3,0.0,12.8,9.0,0.0,10.9,10.9,0.0,10.5,0.3,33.2,32.8,1.1,3.1,1,52,1,A00123,A00123_2020-03-29,0,2020-03-29
88.7,76.5,377.0,4.88,10.1,29.7,1.4,0.1,12.6,9.9,0.0,14.5,12.4,0.0,12.9,0.4,33.5,43.3,1.6,10.7,0,67,1,A01476,A01476_2020-03-29,0,2020-03-29
83.8,88.7,451.0,5.06,10.2,29.8,0.3,0.0,13.0,6.0,0.0,15.1,7.2,0.0,6.8,0.1,35.6,42.4,0.5,4.0,0,67,1,A01217,A01217_2020-03-29,0,2020-03-29
93.2,59.3,284.0,5.0,9.9,30.2,1.3,0.1,14.1,6.9,6.5,15.1,22.4,0.8,11.6,1.0,32.4,46.6,2.6,10.8,1,46,1,A00830,A00830_2020-03-29,0,2020-03-29
100.2,82.2,456.0,4.25,9.5,32.5,0.4,0.0,14.2,6.0,3.3,13.8,8.1,0.2,7.3,0.4,32.4,42.6,0.6,6.0,1,58,1,A01439,A01439_2020-03-29,0,2020-03-29
85.7,65.9,318.0,4.89,10.5,30.1,0.6,0.0,11.7,4.0,0.0,14.7,24.5,0.0,6.1,0.3,35.1,41.9,1.5,9.3,0,31,0,A01401,A01401_2020-03-29,0,2020-03-29
90.9,73.8,341.0,4.07,12.0,29.5,0.9,0.1,13.1,8.3,5.0,12.0,12.1,0.6,11.2,1.0,32.4,37.0,1.4,8.1,0,55,1,A01270,A01270_2020-03-29,0,2020-03-29
90.0,70.5,383.0,4.18,10.4,31.1,0.7,0.1,12.2,4.3,2.6,13.0,15.0,0.2,6.1,1.2,34.6,37.6,0.9,10.7,0,56,1,A00509,A00509_2020-03-29,0,2020-03-29
97.5,73.4,261.0,5.25,10.0,31.0,0.8,0.1,14.6,7.3,0.1,16.3,17.7,0.0,10.0,0.5,31.8,51.2,1.8,8.3,0,89,0,A00638,A00638_2020-03-29,0,2020-03-29
78.8,83.1,446.0,4.1,9.5,25.4,0.4,0.0,16.8,6.8,0.2,10.4,10.7,0.0,8.2,0.6,32.2,32.3,0.9,5.4,0,61,0,A01122,A01122_2020-03-29,0,2020-03-29
80.0,54.1,221.0,5.09,11.4,26.3,0.8,0.0,14.0,2.6,1.7,13.4,26.6,0.1,4.8,0.8,32.9,40.7,1.3,16.8,0,46,1,A00865,A00865_2020-03-29,0,2020-03-29
93.5,70.1,351.0,4.59,8.8,30.9,0.9,0.1,13.7,16.8,0.8,14.2,24.9,0.2,23.9,0.3,33.1,42.9,6.0,3.9,0,87,0,A01018,A01018_2020-03-29,0,2020-03-29
83.9,51.4,546.0,4.48,10.7,27.0,0.8,0.0,14.2,3.6,1.8,12.1,34.9,0.1,7.1,0.6,32.2,37.6,2.5,11.3,0,49,1,A01483,A01483_2020-03-29,0,2020-03-29
82.9,91.1,356.0,4.92,9.2,27.8,0.5,0.0,14.3,13.8,0.0,13.7,5.4,0.0,15.2,0.2,33.6,40.8,0.8,3.3,1,65,1,A00060,A00060_2020-03-29,0,2020-03-29
88.3,89.5,97.0,2.22,10.7,28.8,0.3,0.0,15.0,10.2,0.7,6.4,6.8,0.1,11.4,0.2,32.7,19.6,0.8,2.8,1,56,0,A00827,A00827_2020-03-29,0,2020-03-29
92.8,87.0,541.0,4.01,10.8,28.9,1.9,0.1,13.9,21.0,0.5,11.6,4.5,0.1,24.1,0.3,31.2,37.2,1.1,7.7,1,63,1,A01125,A01125_2020-03-29,0,2020-03-29
91.5,79.9,265.0,3.88,9.3,29.4,0.3,0.0,14.4,5.4,0.0,11.4,15.7,0.0,6.7,0.1,32.1,35.5,1.1,4.3,0,83,1,A00672,A00672_2020-03-29,0,2020-03-29
99.7,89.6,237.0,3.41,10.7,29.0,0.9,0.0,14.3,16.8,0.1,9.9,5.1,0.0,18.7,0.2,29.1,34.0,1.0,5.0,1,61,0,A01144,A01144_2020-03-29,0,2020-03-29
93.8,79.69999999999999,504.0,4.654999999999999,9.1,32.34999999999999,0.6499999999999999,0.0,12.15,6.75,0.4,15.05,11.4,0.05,8.5,0.35,34.5,43.65,0.95,8.15,0,49,1,A01274,A01274_2020-03-29,0,2020-03-29
60.7,58.8,481.0,4.96,11.3,19.6,0.6,0.1,18.4,3.4,0.2,9.7,29.4,0.0,5.7,1.2,32.2,30.1,1.7,10.4,0,53,1,A00481,A00481_2020-03-29,0,2020-03-29
89.8,78.3,285.0,5.11,10.4,30.5,0.5,0.0,12.4,4.9,0.2,15.6,12.7,0.0,6.3,0.3,34.0,45.9,0.8,8.5,0,60,1,A01271,A01271_2020-03-29,0,2020-03-29
95.3,57.0,316.0,3.01,10.4,31.9,0.9,0.0,11.9,4.4,4.2,9.6,26.5,0.3,7.7,0.4,33.4,28.7,2.0,11.9,0,66,1,A00015,A00015_2020-03-29,0,2020-03-29
89.3,86.6,277.0,3.63,11.0,31.4,0.7,0.0,13.4,10.0,0.0,11.4,7.3,0.0,11.5,0.1,35.2,32.4,0.8,6.0,0,54,1,A01442,A01442_2020-03-29,0,2020-03-29
89.2,74.6,164.0,3.42,12.1,28.4,0.4,0.0,18.7,3.3,1.1,9.7,14.0,0.0,4.4,0.2,31.8,30.5,0.6,10.1,0,81,0,A00316,A00316_2020-03-29,0,2020-03-29
90.30000000000001,89.15,426.0,4.48,10.7,29.7,0.5,0.0,14.15,9.05,0.0,13.3,5.6,0.0,10.15,0.25,32.84999999999999,40.45,0.55,5.0,0,58,1,A01556,A01556_2020-03-29,0,2020-03-29
90.4,72.4,174.0,4.28,10.6,30.6,0.7,0.0,12.1,4.6,1.3,13.1,15.3,0.1,6.3,0.0,33.9,38.7,1.0,11.0,0,78,0,A00931,A00931_2020-03-29,0,2020-03-29
86.9,78.8,314.0,4.19,7.8,28.4,0.5,0.0,13.3,6.1,1.7,11.9,12.1,0.1,7.7,0.3,32.7,36.4,0.9,7.1,0,62,0,A00306,A00306_2020-03-29,0,2020-03-29
97.2,94.2,292.0,4.99,12.6,30.7,0.8,0.2,14.6,26.7,0.1,15.3,2.3,0.0,28.3,0.6,31.5,48.5,0.7,2.8,1,72,1,A01338,A01338_2020-03-29,0,2020-03-29
86.9,69.0,207.0,4.9,10.6,30.2,0.7,0.0,12.3,4.3,0.0,14.8,19.0,0.0,6.2,0.2,34.7,42.6,1.2,11.8,0,78,1,A00571,A00571_2020-03-29,0,2020-03-29
84.8,77.0,153.0,4.0,10.0,28.8,0.4,0.0,11.6,4.8,0.0,11.5,15.7,0.0,6.2,0.3,33.9,33.9,1.0,7.0,0,42,1,A00304,A00304_2020-03-30,0,2020-03-30
94.9,79.8,148.0,3.76,10.3,30.1,0.6,0.0,12.3,6.1,3.5,11.3,8.6,0.3,7.7,0.4,31.7,35.7,0.7,7.7,1,57,1,A01443,A01443_2020-03-30,0,2020-03-30
87.1,89.3,227.0,4.74,9.7,29.7,0.3,0.0,13.0,7.5,0.0,14.1,7.3,0.0,8.4,0.1,34.1,41.3,0.6,3.3,0,46,1,A00052,A00052_2020-03-30,0,2020-03-30
83.5,80.7,180.0,5.4,10.5,29.8,0.6,0.0,13.5,8.3,0.0,16.1,13.8,0.0,10.3,0.1,35.7,45.1,1.4,5.4,0,63,0,A00258,A00258_2020-03-30,0,2020-03-30
87.3,62.0,339.0,4.96,12.5,30.6,1.5,0.1,11.5,5.5,1.8,15.2,18.7,0.2,8.8,0.9,35.1,43.3,1.6,16.6,0,55,1,A01181,A01181_2020-03-30,0,2020-03-30
96.4,68.5,197.0,4.18,11.3,32.1,1.1,0.0,14.3,5.1,1.5,13.4,14.7,0.1,7.4,0.5,33.3,40.3,1.1,14.8,0,79,1,A01240,A01240_2020-03-30,0,2020-03-30
88.6,92.1,292.0,5.35,11.3,29.5,0.3,0.0,12.3,15.5,0.0,15.8,5.7,0.0,16.8,0.2,33.3,47.4,1.0,2.0,0,73,1,A00144,A00144_2020-03-30,0,2020-03-30
86.0,88.3,197.0,4.79,10.2,29.9,0.7,0.0,12.2,11.9,0.0,14.3,6.7,0.0,13.5,0.1,34.7,41.2,0.9,4.9,0,57,1,A00731,A00731_2020-03-30,0,2020-03-30
91.6,65.1,161.0,2.98,11.4,30.9,0.8,0.0,16.5,4.9,2.9,9.2,21.2,0.2,7.6,0.5,33.7,27.3,1.6,10.3,0,74,1,A00102,A00102_2020-03-30,0,2020-03-30
89.4,86.2,294.0,3.78,10.6,28.6,0.3,0.1,12.9,11.0,1.2,10.8,9.8,0.2,12.8,0.5,32.0,33.8,1.3,2.3,1,52,1,A00123,A00123_2020-03-30,0,2020-03-30
88.6,66.2,216.0,3.68,9.9,31.5,1.1,0.0,13.2,4.8,3.7,11.6,15.3,0.3,7.3,0.4,35.6,32.6,1.1,14.4,0,81,1,A00650,A00650_2020-03-30,0,2020-03-30
69.7,93.2,204.0,4.42,,21.3,0.4,0.0,16.3,13.4,0.0,9.4,3.7,0.0,14.4,0.1,30.5,30.8,0.5,3.0,1,90,0,A01593,A01593_2020-03-30,1,2020-03-30
60.5,92.9,143.0,5.55,,19.1,0.6,0.1,18.8,15.7,0.7,10.6,2.5,0.1,16.9,0.3,31.5,33.6,0.4,3.6,1,65,1,A00507,A00507_2020-03-30,0,2020-03-30
85.3,84.9,196.0,3.74,11.3,27.8,0.9,0.0,15.9,17.3,2.9,10.4,7.4,0.6,20.4,0.2,32.6,31.9,1.5,4.6,1,71,0,A00667,A00667_2020-03-30,0,2020-03-30
99.7,89.7,133.0,3.43,9.8,30.0,1.0,0.0,19.0,13.4,1.6,10.3,2.0,0.2,14.9,0.3,30.1,34.2,0.3,6.4,1,79,1,A00907,A00907_2020-03-30,0,2020-03-30
87.4,89.3,529.0,4.2,10.9,27.1,0.4,0.0,18.1,11.1,0.5,11.4,6.8,0.1,12.4,0.3,31.1,36.7,0.8,3.1,0,70,0,A00491,A00491_2020-03-30,0,2020-03-30
82.6,49.4,496.0,4.49,10.0,25.4,1.0,0.1,15.7,3.9,1.6,11.4,35.6,0.1,7.9,0.9,30.7,37.1,2.8,12.5,0,53,0,A00898,A00898_2020-03-30,0,2020-03-30
80.7,69.2,452.0,4.91,9.0,26.9,1.0,0.0,15.7,5.5,0.0,13.2,18.2,0.0,8.0,0.1,33.3,39.6,1.5,12.5,0,68,1,A01102,A01102_2020-03-30,0,2020-03-30
83.1,,366.0,4.85,9.4,27.0,,,14.3,,,13.1,,,12.7,,32.5,40.3,,,1,65,1,A00060,A00060_2020-03-30,0,2020-03-30
88.1,85.65,238.5,4.225,10.1,30.15,0.45,0.0,12.05,8.45,0.1,12.75,9.75,0.0,9.9,0.2,34.25,37.2,0.95,4.3,0,82,0,A00991,A00991_2020-03-30,0,2020-03-30
83.0,76.4,235.0,4.47,12.0,27.5,0.5,0.0,14.6,4.7,2.6,12.3,13.3,0.2,6.2,0.2,33.2,37.1,0.8,7.5,0,48,1,A00623,A00623_2020-03-30,0,2020-03-30
94.5,62.5,216.0,3.08,10.1,29.9,0.9,0.0,14.5,3.9,2.5,9.2,20.6,0.2,6.3,0.3,31.6,29.1,1.3,14.1,0,86,0,A00419,A00419_2020-03-30,0,2020-03-30
98.8,79.6,180.0,3.36,11.1,30.7,1.0,0.0,14.0,7.7,0.8,10.3,8.5,0.1,9.7,0.5,31.0,33.2,0.8,10.6,1,76,1,A00726,A00726_2020-03-30,0,2020-03-30
91.5,73.1,252.0,4.94,9.6,31.0,0.6,0.0,12.5,4.5,1.3,15.3,15.8,0.1,6.1,0.3,33.8,45.2,1.0,9.5,0,45,1,A00106,A00106_2020-03-30,0,2020-03-30
88.9,85.6,405.0,4.79,9.5,30.5,0.4,0.1,13.2,14.6,0.1,14.6,11.5,0.0,17.0,0.3,34.3,42.6,2.0,2.5,0,33,0,A01394,A01394_2020-03-30,0,2020-03-30
86.8,53.3,287.0,4.56,10.8,29.4,0.8,0.0,12.7,2.9,3.3,13.4,28.6,0.2,5.5,0.7,33.8,39.6,1.6,14.1,0,56,1,A00321,A00321_2020-03-30,0,2020-03-30
85.8,86.0,323.0,4.94,10.5,30.0,0.9,0.0,11.8,10.5,0.0,14.8,6.8,0.0,12.2,0.2,34.9,42.4,0.8,7.0,0,61,1,A00980,A00980_2020-03-30,0,2020-03-30
87.6,85.9,276.0,3.8,9.5,30.0,0.2,0.0,14.4,3.9,0.0,11.4,9.4,0.0,4.5,0.0,34.2,33.3,0.4,4.7,0,87,0,A01615,A01615_2020-03-30,0,2020-03-30
60.0,76.2,158.0,5.98,,18.4,0.3,0.0,16.8,5.1,1.3,11.0,17.1,0.1,6.7,0.3,30.6,35.9,1.1,5.1,0,55,0,A01261,A01261_2020-03-30,0,2020-03-30
88.0,50.1,463.0,3.67,9.5,28.3,0.5,0.0,13.3,1.7,1.8,10.4,32.1,0.1,3.3,1.2,32.2,32.3,1.1,14.8,0,60,0,A01032,A01032_2020-03-30,0,2020-03-30
90.8,57.3,154.0,4.34,10.1,30.9,0.7,0.0,13.2,3.6,0.5,13.4,31.6,0.0,6.3,0.2,34.0,39.4,2.0,10.4,0,78,0,A01389,A01389_2020-03-30,0,2020-03-30
87.2,51.9,394.0,4.99,10.0,29.3,0.8,0.0,13.0,2.9,0.9,14.6,31.9,0.0,5.5,0.5,33.6,43.5,1.8,14.8,0,58,1,A01062,A01062_2020-03-30,0,2020-03-30
85.8,59.6,215.0,5.08,10.2,29.3,0.5,0.0,11.3,2.6,0.2,14.9,28.0,0.0,4.3,0.5,34.2,43.6,1.2,11.7,0,47,1,A01664,A01664_2020-03-30,0,2020-03-30
78.6,82.0,123.0,4.63,,23.1,1.4,0.0,31.6,9.3,1.5,10.7,4.3,0.2,11.4,0.3,29.4,36.4,0.5,11.9,0,76,0,A01399,A01399_2020-03-30,0,2020-03-30
87.95,61.55,715.0,4.405,9.2,30.1,0.6499999999999999,0.05,13.4,3.75,1.5,13.25,25.1,0.1,6.050000000000001,0.8,34.2,38.75,1.5,11.05,0,53,1,A00501,A00501_2020-03-30,0,2020-03-30
95.3,96.8,49.0,3.44,12.2,31.4,0.1,0.0,16.3,5.0,0.0,10.8,1.5,0.0,5.2,0.2,32.9,32.8,0.1,1.5,0,76,1,A00078,A00078_2020-03-30,0,2020-03-30
81.9,74.0,270.0,3.97,10.6,28.0,0.5,0.0,14.7,3.6,2.0,11.1,14.0,0.1,4.9,0.4,34.2,32.5,0.7,9.6,0,73,0,A00646,A00646_2020-03-30,0,2020-03-30
86.1,89.6,213.5,4.35,12.0,29.45,0.45,0.0,12.65,9.649999999999999,0.55,12.8,5.65,0.05,10.75,0.3,34.15000000000001,37.45,0.6,3.9,0,85,1,A00950,A00950_2020-03-30,0,2020-03-30
96.0,83.7,246.0,4.0,10.9,31.3,0.6,0.0,12.3,8.9,1.6,12.5,9.1,0.2,10.6,0.4,32.6,38.4,1.0,5.2,0,56,0,A00314,A00314_2020-03-30,0,2020-03-30
92.2,68.2,332.0,4.62,10.6,31.4,0.8,0.0,12.9,6.5,1.4,14.5,22.2,0.1,9.5,0.3,34.0,42.6,2.1,7.9,0,60,1,A01432,A01432_2020-03-30,0,2020-03-30
61.2,86.2,648.0,5.51,9.8,20.0,0.8,0.0,15.3,10.4,0.2,11.0,6.6,0.0,12.1,0.2,32.6,33.7,0.8,6.8,1,69,1,A01129,A01129_2020-03-30,0,2020-03-30
94.1,68.2,340.0,4.07,12.4,29.7,1.0,0.3,15.3,8.7,4.9,12.1,17.3,0.6,12.7,2.0,31.6,38.3,2.2,7.6,1,58,1,A00463,A00463_2020-03-30,0,2020-03-30
98.1,88.5,143.0,4.2,11.8,30.0,0.8,0.1,14.7,14.1,0.5,12.6,5.7,0.1,15.9,0.4,30.6,41.2,0.9,4.9,1,72,1,A01289,A01289_2020-03-30,0,2020-03-30
97.85,63.65000000000001,217.5,4.06,10.55,30.75,0.75,0.05,13.85,7.4,1.2,12.5,28.3,0.15,12.05,0.35,31.4,39.8,3.7,6.5,0,95,1,A00713,A00713_2020-03-30,0,2020-03-30
97.0,90.3,133.0,5.31,13.2,31.5,0.6,0.0,13.2,14.5,0.1,16.7,5.9,0.0,16.1,0.2,32.4,51.5,0.9,3.5,1,71,1,A01048,A01048_2020-03-30,0,2020-03-30
89.3,71.9,283.0,4.56,9.4,29.6,0.3,0.0,12.4,4.7,0.2,13.5,22.6,0.0,6.5,0.5,33.2,40.7,1.5,4.8,0,28,0,A00948,A00948_2020-03-30,0,2020-03-30
84.7,59.0,157.0,3.86,12.2,27.5,0.5,0.0,14.4,6.6,7.1,10.6,29.2,0.8,11.2,0.4,32.4,32.7,3.3,4.3,0,41,1,A00367,A00367_2020-03-30,0,2020-03-30
68.6,53.4,156.0,6.37,,21.0,0.8,0.0,15.2,2.1,1.5,13.4,25.1,0.1,3.9,0.5,30.7,43.7,1.0,19.5,0,34,0,A01173,A01173_2020-03-30,0,2020-03-30
93.8,87.8,194.0,3.23,9.9,28.8,0.5,0.1,15.1,16.6,1.1,9.3,8.4,0.2,18.9,0.3,30.7,30.3,1.6,2.4,1,59,0,A01358,A01358_2020-03-30,1,2020-03-30
78.5,82.0,140.0,4.55,11.6,24.2,0.3,0.0,17.3,4.6,2.9,11.0,9.6,0.2,5.6,0.5,30.8,35.7,0.5,5.0,0,26,1,A00811,A00811_2020-03-30,0,2020-03-30
80.0,61.5,329.0,5.71,10.4,26.6,1.1,0.0,17.5,4.8,1.7,15.2,22.4,0.1,7.8,0.4,33.3,45.7,1.7,14.0,0,39,1,A01387,A01387_2020-03-30,0,2020-03-30
98.9,89.5,179.0,3.62,12.8,29.3,0.4,0.1,16.4,12.8,1.3,10.6,6.1,0.2,14.3,0.5,29.6,35.8,0.9,2.6,1,61,1,A00900,A00900_2020-03-30,0,2020-03-30
82.6,53.9,337.0,5.64,10.2,26.8,0.4,0.0,12.7,3.4,4.2,15.1,35.5,0.3,6.4,0.3,32.4,46.6,2.3,6.1,0,42,1,A01361,A01361_2020-03-30,0,2020-03-30
81.1,,381.0,4.91,10.2,27.1,,,14.0,,,13.3,,,23.1,,33.4,39.8,,,0,63,0,A00148,A00148_2020-03-30,0,2020-03-30
83.1,63.1,214.0,5.02,9.6,28.3,0.4,0.0,12.5,3.9,0.8,14.2,30.0,0.0,6.2,0.3,34.1,41.7,1.9,5.8,0,42,0,A00755,A00755_2020-03-30,0,2020-03-30
82.4,96.9,32.0,4.65,,27.7,0.1,0.1,16.5,21.5,0.0,12.9,2.1,0.0,22.2,0.4,33.7,38.3,0.5,0.6,0,92,0,A01475,A01475_2020-03-30,0,2020-03-30
80.1,65.9,271.0,5.87,10.5,27.9,0.7,0.0,12.7,4.1,1.1,16.4,22.3,0.1,6.2,0.2,34.9,47.0,1.4,10.5,0,62,1,A01377,A01377_2020-03-30,0,2020-03-30
88.6,73.0,327.0,5.59,11.0,28.4,1.8,0.1,13.0,12.6,0.1,15.9,16.2,0.0,17.3,0.3,32.1,49.5,2.8,10.4,0,67,1,A01476,A01476_2020-03-30,0,2020-03-30
96.9,90.9,321.0,4.2,12.7,31.2,2.9,0.1,15.0,41.2,0.0,13.1,2.4,0.0,45.3,0.2,32.2,40.7,1.1,6.5,1,72,1,A01338,A01338_2020-03-30,1,2020-03-30
86.1,80.8,479.0,4.95,10.2,28.1,0.6,0.0,12.5,7.2,0.0,13.9,12.4,0.0,8.9,0.0,32.6,42.6,1.1,6.8,0,63,1,A00219,A00219_2020-03-30,0,2020-03-30
86.4,88.8,307.0,4.71,10.3,29.1,0.3,0.0,12.1,8.3,0.1,13.7,7.9,0.0,9.4,0.1,33.7,40.7,0.7,3.1,0,68,0,A01663,A01663_2020-03-30,0,2020-03-30
89.7,90.8,270.0,4.84,11.0,29.8,0.6,0.0,13.4,14.8,0.6,14.4,4.7,0.1,16.3,0.1,33.2,43.4,0.8,3.8,0,77,1,A00586,A00586_2020-03-30,0,2020-03-30
93.4,76.7,389.0,3.35,11.1,32.8,1.2,0.0,13.8,8.8,0.3,11.0,12.9,0.0,11.5,0.1,35.1,31.3,1.5,10.0,0,34,1,A01367,A01367_2020-03-30,0,2020-03-30
76.2,74.3,297.0,4.91,9.0,25.3,0.4,0.0,15.3,5.3,0.0,12.4,19.6,0.0,7.1,0.1,33.2,37.4,1.4,6.0,0,49,0,A00820,A00820_2020-03-30,0,2020-03-30
78.7,61.8,251.0,4.97,11.4,26.4,0.9,0.0,14.2,3.3,1.9,13.1,19.9,0.1,5.4,0.4,33.5,39.1,1.1,16.0,0,46,1,A00865,A00865_2020-03-30,0,2020-03-30
84.6,87.8,356.0,4.92,9.0,30.9,0.6,0.0,11.4,9.4,0.0,15.2,6.5,0.0,10.7,0.2,36.5,41.6,0.7,5.5,0,60,1,A00774,A00774_2020-03-30,0,2020-03-30
97.30000000000001,80.69999999999999,390.5,2.77,10.4,35.4,0.8500000000000001,0.0,15.5,12.55,0.0,9.7,13.5,0.0,15.55,0.15,36.3,26.9,2.1,5.65,0,50,0,A01215,A01215_2020-03-30,0,2020-03-30
90.6,72.5,125.0,4.59,9.8,30.9,0.3,0.0,14.3,4.3,0.2,14.2,22.2,0.0,5.9,0.2,34.1,41.6,1.3,4.9,0,71,1,A00887,A00887_2020-03-30,0,2020-03-30
80.7,64.8,103.0,4.51,10.6,28.4,0.2,0.0,12.5,2.3,0.0,12.8,28.3,0.0,3.6,0.3,35.2,36.4,1.0,6.6,0,64,0,A00920,A00920_2020-03-30,0,2020-03-30
94.6,,444.0,4.64,10.1,30.6,,,14.2,,,14.2,,,15.6,,32.3,43.9,,,1,70,1,A01267,A01267_2020-03-30,0,2020-03-30
90.1,79.0,231.0,4.24,10.4,31.1,0.7,0.0,13.1,4.4,0.4,13.2,7.8,0.0,5.6,0.5,34.6,38.2,0.4,12.3,1,59,0,A00495,A00495_2020-03-30,0,2020-03-30
84.9,87.5,232.0,4.98,11.0,29.3,1.3,0.0,13.1,15.1,0.1,14.6,5.0,0.0,17.2,0.1,34.5,42.3,0.9,7.3,0,69,1,A01287,A01287_2020-03-30,0,2020-03-30
94.6,49.5,332.0,3.15,10.6,31.4,0.9,0.0,11.8,3.5,5.2,9.9,31.7,0.4,7.0,0.4,33.2,29.8,2.2,13.2,0,66,1,A00015,A00015_2020-03-30,0,2020-03-30
91.0,47.0,318.0,4.12,11.3,29.9,0.2,0.0,14.3,8.4,0.0,12.3,52.0,0.0,17.8,0.0,32.8,37.5,9.3,1.0,0,78,1,A01474,A01474_2020-03-30,0,2020-03-30
95.2,87.4,247.0,3.78,11.4,32.3,0.8,0.1,14.4,10.4,1.0,12.2,4.2,0.1,11.9,0.5,33.9,36.0,0.5,6.9,0,55,1,A01223,A01223_2020-03-30,0,2020-03-30
83.8,,248.5,3.895,9.05,27.6,,,19.45,,,10.75,,,10.0,,32.95,32.65,,,1,76,1,A00986,A00986_2020-03-30,0,2020-03-30
93.0,78.5,383.0,5.27,9.8,28.7,0.3,0.0,13.9,8.5,0.0,15.1,18.8,0.0,10.8,0.2,30.8,49.0,2.0,2.5,0,85,1,A01456,A01456_2020-03-30,0,2020-03-30
86.7,79.6,400.0,5.25,10.9,28.2,0.7,0.1,13.2,9.8,5.8,14.8,8.0,0.7,12.3,0.8,32.5,45.5,1.0,5.8,1,49,1,A00359,A00359_2020-03-30,0,2020-03-30
81.2,57.4,282.0,4.84,9.7,26.9,0.5,0.0,14.0,3.2,1.6,13.0,31.9,0.1,5.6,0.4,33.1,39.3,1.8,8.7,0,46,0,A00800,A00800_2020-03-30,0,2020-03-30
93.0,83.1,425.0,4.31,10.6,30.2,0.3,0.0,14.1,6.1,3.4,13.0,9.0,0.2,7.3,0.6,32.4,40.1,0.7,3.9,1,62,1,A01435,A01435_2020-03-30,0,2020-03-30
86.1,80.8,479.0,4.95,10.2,28.1,0.6,0.0,12.5,7.2,0.0,13.9,12.4,0.0,8.9,0.0,32.6,42.6,1.1,6.8,0,48,1,A00281,A00281_2020-03-30,0,2020-03-30
89.0,58.5,125.0,4.55,11.2,30.8,0.2,0.0,13.3,2.1,0.0,14.0,34.2,0.0,3.6,0.6,34.6,40.5,1.2,6.7,0,46,1,A00499,A00499_2020-03-30,0,2020-03-30
102.0,88.7,310.0,2.99,10.7,31.4,0.8,0.0,15.9,12.3,0.8,9.4,4.2,0.1,13.9,0.3,30.8,30.5,0.6,6.0,0,84,0,A00453,A00453_2020-03-30,0,2020-03-30
90.0,90.1,199.0,5.68,10.8,31.7,0.4,0.0,12.6,10.5,0.1,18.0,6.3,0.0,11.7,0.3,35.2,51.1,0.7,3.2,0,54,1,A01316,A01316_2020-03-30,0,2020-03-30
88.9,66.4,285.0,4.43,9.6,30.7,0.9,0.0,12.9,4.4,0.0,13.6,20.4,0.0,6.6,0.3,34.5,39.4,1.3,12.9,0,66,1,A00292,A00292_2020-03-30,0,2020-03-30
93.7,85.5,300.0,3.35,12.3,27.2,0.9,0.0,19.6,10.5,0.7,9.1,6.1,0.1,12.3,0.3,29.0,31.4,0.8,7.4,1,61,1,A01628,A01628_2020-03-30,0,2020-03-30
93.5,76.9,289.0,2.75,10.7,29.8,0.3,0.0,14.6,2.8,2.0,8.2,13.2,0.1,3.6,0.3,31.9,25.7,0.5,7.6,0,48,0,A00834,A00834_2020-03-30,0,2020-03-30
91.8,55.0,265.0,4.65,10.6,27.7,1.4,0.2,13.8,6.5,5.2,12.9,27.0,0.6,11.9,1.3,30.2,42.7,3.2,11.5,0,49,1,A00084,A00084_2020-03-30,0,2020-03-30
82.2,94.4,309.0,3.98,9.9,28.4,1.1,0.1,14.3,28.2,0.0,11.3,1.8,0.0,29.9,0.2,34.6,32.7,0.5,3.6,1,65,0,A01086,A01086_2020-03-30,0,2020-03-30
82.3,78.2,152.0,3.96,12.5,26.5,0.5,0.0,13.2,7.7,0.0,10.5,16.4,0.0,9.9,0.1,32.2,32.6,1.6,5.3,0,92,0,A01193,A01193_2020-03-30,0,2020-03-30
94.8,74.4,303.0,4.0,12.1,29.5,0.8,0.1,15.5,8.3,1.5,11.8,16.5,0.2,11.2,0.7,31.1,37.9,1.8,6.9,1,67,1,A00349,A00349_2020-03-30,0,2020-03-30
99.2,82.4,144.0,3.82,11.4,30.6,0.4,0.0,13.3,5.9,2.3,11.7,9.5,0.2,7.1,0.6,30.9,37.9,0.7,5.2,1,46,1,A00594,A00594_2020-03-30,0,2020-03-30
83.6,87.7,266.0,4.56,9.6,28.5,0.4,0.0,13.3,9.9,1.4,13.0,7.5,0.2,11.3,0.3,34.1,38.1,0.8,3.1,0,60,1,A00382,A00382_2020-03-30,0,2020-03-30
91.3,88.4,111.0,5.66,12.4,30.7,1.1,0.0,12.1,12.0,0.3,17.4,3.2,0.0,13.6,0.1,33.7,51.7,0.4,8.0,1,80,1,A00341,A00341_2020-03-30,0,2020-03-30
88.9,57.1,273.0,4.69,9.9,29.4,0.7,0.0,12.3,2.7,2.7,13.8,25.5,0.1,4.8,0.4,33.1,41.7,1.2,14.3,0,52,1,A00630,A00630_2020-03-30,0,2020-03-30
87.0,79.9,420.0,4.46,9.1,28.5,0.6,0.0,12.9,7.0,1.4,12.7,11.4,0.1,8.7,0.2,32.7,38.8,1.0,7.1,0,62,0,A00306,A00306_2020-03-30,0,2020-03-30
85.2,63.3,247.0,4.65,10.8,28.0,0.7,0.0,13.5,3.7,0.5,13.0,24.7,0.0,5.9,0.2,32.8,39.6,1.5,11.3,0,69,1,A00398,A00398_2020-03-30,0,2020-03-30
85.9,73.0,80.0,3.34,10.8,29.3,0.2,0.1,14.8,8.2,19.0,9.8,5.0,2.1,11.3,1.0,34.1,28.7,0.6,2.0,1,56,0,A00827,A00827_2020-03-30,0,2020-03-30
89.5,81.7,186.0,2.86,11.2,30.1,0.9,0.1,15.9,11.8,6.7,8.6,5.0,1.0,14.5,0.5,33.6,25.6,0.7,6.1,1,70,0,A01393,A01393_2020-03-30,0,2020-03-30
85.3,48.4,321.0,5.38,10.7,28.6,0.8,0.0,12.1,2.9,3.3,15.4,34.1,0.2,6.0,0.5,33.6,45.9,2.0,13.7,0,47,1,A01485,A01485_2020-03-30,0,2020-03-30
92.1,75.3,100.0,4.53,10.2,32.0,0.3,0.0,12.7,3.0,0.3,14.5,16.3,0.0,4.0,0.3,34.8,41.7,0.7,7.8,0,58,1,A00976,A00976_2020-03-30,0,2020-03-30
98.8,79.6,180.0,3.36,11.1,30.7,1.0,0.0,14.0,7.7,0.8,10.3,8.5,0.1,9.7,0.5,31.0,33.2,0.8,10.6,1,82,0,A00708,A00708_2020-03-30,0,2020-03-30
83.5,82.7,170.0,4.9,10.6,28.0,0.6,0.0,12.5,6.9,0.0,13.7,9.5,0.0,8.3,0.1,33.5,40.9,0.8,7.7,0,51,1,A00242,A00242_2020-03-30,0,2020-03-30
91.9,40.6,272.0,4.54,10.5,30.0,1.0,0.1,11.9,1.5,5.6,13.6,25.7,0.2,3.8,1.6,32.6,41.7,1.0,26.5,0,77,1,A00228,A00228_2020-03-30,0,2020-03-30
90.6,74.6,244.0,5.21,10.5,30.5,0.7,0.1,12.3,6.8,0.4,15.9,16.2,0.0,9.1,0.6,33.7,47.2,1.5,8.2,0,54,1,A00757,A00757_2020-03-30,0,2020-03-30
84.1,61.6,215.0,5.03,12.9,27.8,0.6,0.0,11.5,3.3,2.2,14.0,23.7,0.1,5.4,0.7,33.1,42.3,1.3,11.8,0,54,1,A01363,A01363_2020-03-30,0,2020-03-30
80.9,69.5,223.0,4.65,9.9,27.3,0.7,0.0,11.9,4.7,2.8,12.7,17.1,0.2,6.8,0.7,33.8,37.6,1.2,9.9,0,37,1,A00579,A00579_2020-03-30,0,2020-03-30
92.4,69.2,325.0,3.97,10.1,31.2,1.2,0.1,12.6,7.3,2.6,12.4,16.7,0.3,10.6,0.5,33.8,36.7,1.8,11.0,0,80,1,A00117,A00117_2020-03-30,0,2020-03-30
84.4,,207.0,5.51,10.7,29.2,,,11.8,,,16.1,,,7.9,,34.6,46.5,,,0,54,1,A01074,A01074_2020-03-30,0,2020-03-30
93.2,67.8,326.0,3.51,9.3,31.6,0.6,0.0,11.7,5.3,1.0,11.1,23.4,0.1,7.8,0.6,33.9,32.7,1.8,7.2,0,63,1,A01034,A01034_2020-03-30,0,2020-03-30
97.3,86.6,226.0,2.96,10.4,28.7,0.8,0.0,14.4,14.2,0.1,8.5,8.0,0.0,16.4,0.2,29.5,28.8,1.3,5.1,1,61,0,A01144,A01144_2020-03-30,0,2020-03-30
76.7,56.2,265.0,4.94,10.0,24.7,0.9,0.0,13.7,3.6,0.8,12.2,28.5,0.1,6.4,0.2,32.2,37.9,1.8,14.3,0,48,1,A00246,A00246_2020-03-30,0,2020-03-30
85.85,87.4,278.0,4.37,9.649999999999999,29.3,0.7,0.05,11.9,10.35,1.4,12.8,4.85,0.15,11.85,0.4,34.1,37.5,0.55,5.95,1,49,1,A01067,A01067_2020-03-30,0,2020-03-30
93.3,72.6,315.0,4.62,10.9,32.0,1.0,0.1,13.4,9.4,1.5,14.8,17.4,0.2,12.9,1.0,34.3,43.1,2.2,7.5,0,79,0,A00520,A00520_2020-03-30,0,2020-03-30
81.2,43.8,396.0,5.01,9.6,27.7,0.9,0.0,12.2,4.2,0.9,13.9,45.2,0.1,9.5,0.5,34.2,40.7,4.3,9.6,0,13,0,A00603,A00603_2020-03-30,0,2020-03-30
95.7,94.6,101.0,4.17,11.6,33.6,0.2,0.0,12.2,9.5,0.1,14.0,3.0,0.0,10.0,0.1,35.1,39.9,0.3,2.2,0,87,1,A01026,A01026_2020-03-30,0,2020-03-30
95.9,27.5,48.0,3.42,13.3,28.7,0.7,0.1,15.1,14.5,0.0,9.8,71.1,0.0,52.7,0.1,29.9,32.8,37.5,1.3,1,65,1,A00394,A00394_2020-03-30,1,2020-03-30
102.4,80.0,456.0,4.62,9.6,32.3,0.6,0.1,14.6,6.2,3.5,14.9,7.6,0.3,7.7,0.7,31.5,47.3,0.6,8.2,1,58,1,A01439,A01439_2020-03-30,0,2020-03-30
92.2,75.5,194.0,4.49,11.1,30.1,1.0,0.0,14.6,7.9,1.4,13.5,12.9,0.1,10.4,0.4,32.6,41.4,1.3,9.8,0,77,1,A00198,A00198_2020-03-30,0,2020-03-30
81.1,34.1,227.0,5.03,12.1,28.4,0.4,0.0,11.8,0.8,2.6,14.3,44.9,0.1,2.3,0.9,35.0,40.8,1.0,17.5,0,49,1,A00651,A00651_2020-03-30,0,2020-03-30
85.6,46.1,211.0,3.96,8.9,27.5,0.6,0.1,13.6,2.4,3.9,10.9,35.7,0.2,5.2,2.1,32.2,33.9,1.9,12.2,0,71,1,A01103,A01103_2020-03-30,0,2020-03-30
94.4,,169.0,3.04,11.3,30.9,,,14.0,,,9.4,,,12.0,,32.8,28.7,,,1,81,0,A01301,A01301_2020-03-30,0,2020-03-30
102.1,70.2,205.0,2.42,9.5,34.3,0.7,0.0,13.2,5.7,4.0,8.3,17.0,0.3,8.1,0.5,33.6,24.7,1.4,8.3,0,97,1,A00885,A00885_2020-03-30,0,2020-03-30
90.5,64.2,230.0,3.8,9.3,30.0,0.8,0.0,13.1,4.6,3.1,11.4,20.7,0.2,7.2,0.3,33.1,34.4,1.5,11.7,0,74,0,A00021,A00021_2020-03-30,0,2020-03-30
73.0,71.6,380.0,3.66,10.0,21.6,1.8,0.0,23.7,8.1,0.1,7.9,11.9,0.0,11.3,0.4,29.6,26.7,1.3,16.0,0,53,1,A00716,A00716_2020-03-30,0,2020-03-30
89.0,84.8,460.0,3.54,10.6,29.4,1.4,0.1,14.0,15.3,0.6,10.4,6.8,0.1,18.0,0.3,33.0,31.5,1.2,7.5,1,63,1,A01125,A01125_2020-03-30,0,2020-03-30
89.9,64.6,227.0,3.66,11.9,29.8,0.4,0.0,12.9,3.9,1.1,10.9,27.1,0.1,6.1,0.5,33.1,32.9,1.7,6.7,0,71,1,A00039,A00039_2020-03-30,0,2020-03-30
95.8,32.9,242.0,3.53,10.8,31.4,0.3,0.0,11.9,2.9,0.0,11.1,63.4,0.0,8.9,0.1,32.8,33.8,5.6,3.6,0,52,1,A00544,A00544_2020-03-30,0,2020-03-30
78.9,72.6,332.0,3.79,10.2,24.8,0.7,0.0,15.7,4.6,1.4,9.4,15.2,0.1,6.4,0.6,31.4,29.9,1.0,10.2,0,61,0,A00690,A00690_2020-03-30,0,2020-03-30
95.0,69.1,181.0,4.02,10.7,30.6,0.4,0.0,14.2,2.4,0.3,12.3,18.2,0.0,3.5,0.3,32.2,38.2,0.6,12.1,0,88,0,A00972,A00972_2020-03-30,0,2020-03-30
87.9,53.9,103.0,4.13,12.9,28.6,1.0,0.1,13.8,7.2,4.2,11.8,33.5,0.6,13.4,1.0,32.5,36.3,4.5,7.4,0,60,1,A01644,A01644_2020-03-30,0,2020-03-30
83.9,89.6,498.0,5.1,10.3,29.6,0.4,0.0,13.1,8.7,0.0,15.1,6.5,0.0,9.7,0.1,35.3,42.8,0.6,3.8,0,67,1,A01217,A01217_2020-03-30,0,2020-03-30
85.1,84.9,661.0,5.11,9.7,28.2,0.8,0.0,13.1,11.3,0.0,14.4,9.1,0.0,13.3,0.1,33.1,43.5,1.2,5.9,0,52,1,A01330,A01330_2020-03-30,0,2020-03-30
85.3,84.9,196.0,3.74,11.3,27.8,0.9,0.0,15.9,17.3,2.9,10.4,7.4,0.6,20.4,0.2,32.6,31.9,1.5,4.6,1,70,1,A00668,A00668_2020-03-30,0,2020-03-30
84.4,,225.0,4.93,10.1,28.0,,,13.5,,,13.8,,,18.0,,33.2,41.6,,,0,53,0,A01354,A01354_2020-03-30,0,2020-03-30
86.19999999999999,88.1,399.5,4.525,9.2,27.95,0.8,0.1,14.65,13.8,0.1,12.65,6.3,0.0,15.6,0.4,32.45,39.0,1.0,5.1,1,65,1,A00060,A00060_2020-03-31,0,2020-03-31
93.1,88.8,546.0,4.67,11.1,29.1,0.1,0.0,14.1,6.2,0.1,13.6,9.1,0.0,7.0,0.6,31.3,43.5,0.6,1.4,1,62,1,A01435,A01435_2020-03-31,0,2020-03-31
60.5,,107.0,5.11,,19.4,,,18.6,,,9.9,,,11.3,,32.0,30.9,,,1,65,1,A00507,A00507_2020-03-31,0,2020-03-31
94.2,70.9,190.0,3.3,10.6,30.0,1.1,0.1,13.5,6.2,1.1,9.9,14.8,0.1,8.7,0.6,31.8,31.1,1.3,12.6,1,76,1,A00726,A00726_2020-03-31,0,2020-03-31
88.1,86.4,253.0,4.2,9.8,31.2,0.2,0.0,13.2,6.9,0.0,13.1,10.5,0.0,8.0,0.1,35.4,37.0,0.8,3.0,0,46,1,A00052,A00052_2020-03-31,0,2020-03-31
90.8,62.8,247.0,3.69,11.7,29.8,0.4,0.0,13.0,4.3,1.5,11.0,29.3,0.1,6.9,0.6,32.8,33.5,2.0,5.8,0,71,1,A00039,A00039_2020-03-31,0,2020-03-31
95.3,69.4,430.0,4.51,12.9,29.3,1.4,0.3,15.2,11.9,6.3,13.2,14.5,1.1,17.1,1.8,30.7,43.0,2.5,8.0,1,58,1,A00463,A00463_2020-03-31,0,2020-03-31
77.3,42.4,456.0,4.01,9.5,24.4,0.9,0.0,17.5,2.5,5.7,9.8,36.4,0.3,5.8,0.3,31.6,31.0,2.1,15.2,0,65,0,A01054,A01054_2020-03-31,0,2020-03-31
90.1,90.3,267.0,5.16,11.9,29.3,0.6,0.0,13.2,16.6,1.7,15.1,4.3,0.3,18.4,0.2,32.5,46.5,0.8,3.5,0,77,1,A00586,A00586_2020-03-31,0,2020-03-31
85.6,63.1,63.0,3.55,13.1,27.0,0.5,0.0,14.5,3.3,0.2,9.6,27.5,0.0,5.3,0.0,31.6,30.4,1.5,9.2,0,79,1,A01169,A01169_2020-03-31,0,2020-03-31
88.4,77.0,212.0,5.18,10.8,29.5,0.5,0.0,12.3,6.1,0.0,15.3,16.2,0.0,7.9,0.1,33.4,45.8,1.3,6.7,0,78,1,A00571,A00571_2020-03-31,0,2020-03-31
88.3,80.4,484.0,5.49,10.5,29.0,0.6,0.0,13.1,6.4,0.9,15.9,11.1,0.1,8.0,0.4,32.8,48.5,0.9,7.2,1,69,1,A01591,A01591_2020-03-31,0,2020-03-31
81.7,74.8,325.0,3.55,10.3,27.0,0.5,0.0,13.7,5.2,0.0,9.6,18.4,0.0,7.0,0.0,33.1,29.0,1.3,6.8,0,57,0,A00813,A00813_2020-03-31,0,2020-03-31
94.5,53.6,153.0,3.82,9.3,29.6,0.8,0.0,14.7,3.5,0.2,11.3,34.0,0.0,6.6,0.3,31.3,36.1,2.2,11.9,0,71,1,A01110,A01110_2020-03-31,0,2020-03-31
89.5,62.7,263.0,3.71,9.3,29.9,0.8,0.0,13.1,4.1,4.2,11.1,20.9,0.3,6.6,0.3,33.4,33.2,1.4,11.9,0,74,0,A00021,A00021_2020-03-31,0,2020-03-31
77.5,77.8,135.0,3.87,12.9,24.3,0.3,0.0,16.7,3.1,2.7,9.4,12.9,0.1,4.0,0.2,31.3,30.0,0.5,6.4,0,26,1,A00811,A00811_2020-03-31,0,2020-03-31
81.1,90.1,209.0,5.5,11.4,27.5,0.3,0.0,13.8,7.6,0.0,15.1,6.1,0.0,8.4,0.1,33.9,44.6,0.5,3.7,0,61,1,A00070,A00070_2020-03-31,0,2020-03-31
85.6,84.9,180.0,3.55,10.9,28.5,0.7,0.0,15.9,13.1,3.2,10.1,7.4,0.5,15.4,0.2,33.2,30.4,1.1,4.3,1,71,0,A00667,A00667_2020-03-31,0,2020-03-31
99.2,23.8,79.0,3.54,13.5,28.2,1.9,0.0,14.9,26.4,0.0,10.0,74.5,0.0,111.1,0.0,28.5,35.1,82.8,1.7,1,65,1,A00394,A00394_2020-03-31,1,2020-03-31
93.3,,321.0,4.36,10.1,30.5,,,13.8,,,13.3,,,18.4,,32.7,40.7,,,1,70,1,A01267,A01267_2020-03-31,0,2020-03-31
87.9,89.6,211.0,4.21,9.3,32.5,0.2,0.0,14.8,6.5,0.0,13.7,7.7,0.0,7.3,0.4,37.0,37.0,0.6,2.3,0,82,0,A00989,A00989_2020-03-31,0,2020-03-31
83.26666666666667,,261.0,3.890000000000001,9.333333333333334,27.8,,,19.23333333333333,,,10.8,,,9.633333333333335,,33.36666666666667,32.36666666666667,,,1,76,1,A00986,A00986_2020-03-31,0,2020-03-31
81.8,67.2,363.0,3.52,9.8,25.0,0.9,0.0,16.4,5.6,0.8,8.8,21.2,0.1,8.4,0.4,30.6,28.8,1.8,10.4,0,61,0,A00690,A00690_2020-03-31,0,2020-03-31
98.4,89.0,130.0,3.79,11.8,30.6,0.6,0.0,14.7,12.8,1.3,11.6,5.3,0.2,14.4,0.3,31.1,37.3,0.8,4.1,1,72,1,A01289,A01289_2020-03-31,0,2020-03-31
83.7,47.7,462.0,4.48,8.6,28.6,0.7,0.0,12.0,2.9,3.4,12.8,37.4,0.2,6.1,0.8,34.1,37.5,2.3,10.7,0,50,1,A01549,A01549_2020-03-31,0,2020-03-31
89.9,57.8,123.0,3.56,12.3,29.5,0.4,0.0,15.5,3.2,7.5,10.5,27.0,0.4,5.6,0.5,32.8,32.0,1.5,7.2,0,73,1,A00512,A00512_2020-03-31,0,2020-03-31
100.3,92.1,269.0,3.9,13.2,31.5,3.3,0.2,15.5,47.4,0.0,12.3,1.1,0.0,51.5,0.4,31.5,39.1,0.6,6.4,1,72,1,A01338,A01338_2020-03-31,1,2020-03-31
81.0,54.0,375.0,5.42,10.7,26.9,0.9,0.1,17.0,4.1,5.2,14.6,27.7,0.4,7.5,0.8,33.3,43.9,2.1,12.3,0,39,1,A01387,A01387_2020-03-31,0,2020-03-31
84.2,72.5,292.0,3.92,10.2,25.0,0.5,0.0,16.7,4.6,1.4,9.8,17.1,0.1,6.3,0.5,29.7,33.0,1.1,8.5,0,67,0,A01225,A01225_2020-03-31,0,2020-03-31
85.1,87.8,281.0,3.49,10.1,28.7,1.4,0.0,14.8,17.8,0.8,10.0,4.2,0.2,20.3,0.1,33.7,29.7,0.9,7.1,1,65,0,A01086,A01086_2020-03-31,0,2020-03-31
99.2,86.2,130.0,3.88,11.8,30.7,0.3,0.0,13.3,7.9,2.6,11.9,7.0,0.2,9.2,0.4,30.9,38.5,0.6,3.8,1,46,1,A00594,A00594_2020-03-31,0,2020-03-31
85.5,87.4,238.0,5.3,11.0,29.1,1.4,0.0,13.2,16.9,0.6,15.4,4.4,0.1,19.3,0.2,34.0,45.3,0.8,7.4,0,69,1,A01287,A01287_2020-03-31,0,2020-03-31
93.3,81.0,331.0,4.61,9.6,30.2,1.6,0.1,13.9,16.4,0.2,13.9,10.4,0.0,20.2,0.3,32.3,43.0,2.1,8.1,0,87,0,A01018,A01018_2020-03-31,0,2020-03-31
102.2,82.3,458.0,4.45,9.9,32.6,0.7,0.1,14.5,8.3,2.8,14.5,7.4,0.3,10.1,0.8,31.9,45.5,0.7,6.7,1,58,1,A01439,A01439_2020-03-31,0,2020-03-31
94.4,84.0,144.0,3.55,11.0,30.1,0.5,0.0,12.2,5.9,1.3,10.7,7.7,0.1,7.0,0.3,31.9,33.5,0.5,6.7,1,57,1,A01443,A01443_2020-03-31,0,2020-03-31
81.8,58.5,150.0,5.48,11.8,28.3,0.3,0.0,12.6,2.7,0.0,15.5,35.3,0.0,4.6,0.2,34.6,44.8,1.6,6.0,0,35,1,A00447,A00447_2020-03-31,0,2020-03-31
87.8,67.1,361.0,4.36,9.5,29.6,0.6,0.0,12.6,3.6,1.9,12.9,19.4,0.1,5.4,0.4,33.7,38.3,1.0,11.2,0,48,1,A00188,A00188_2020-03-31,0,2020-03-31
79.3,67.2,144.0,6.17,9.5,27.9,0.4,0.0,12.9,3.7,2.4,17.2,23.2,0.1,5.5,0.5,35.2,48.9,1.3,6.7,0,68,1,A01451,A01451_2020-03-31,0,2020-03-31
89.3,83.0,411.0,4.41,10.8,28.8,0.9,0.0,14.1,14.0,1.2,12.7,10.2,0.2,16.9,0.2,32.2,39.4,1.7,5.4,0,79,0,A01239,A01239_2020-03-31,0,2020-03-31
85.3,55.9,310.0,4.55,9.5,29.0,0.7,0.0,12.6,2.6,1.1,13.2,26.6,0.1,4.6,0.4,34.0,38.8,1.2,16.0,0,56,1,A00870,A00870_2020-03-31,0,2020-03-31
85.5,79.1,230.0,5.24,10.1,28.6,0.2,0.0,13.4,3.2,0.0,15.0,16.4,0.0,4.0,0.0,33.5,44.8,0.7,4.5,0,60,1,A01176,A01176_2020-03-31,0,2020-03-31
94.5,50.4,513.0,4.19,11.1,31.7,0.8,0.0,12.6,2.7,1.7,13.3,32.0,0.1,5.3,0.9,33.6,39.6,1.7,15.0,0,66,1,A01575,A01575_2020-03-31,0,2020-03-31
100.9,88.0,146.0,3.38,9.5,31.1,0.9,0.0,19.3,12.9,2.6,10.5,3.0,0.4,14.7,0.3,30.8,34.1,0.4,6.1,1,79,1,A00907,A00907_2020-03-31,1,2020-03-31
83.6,95.4,361.0,6.58,11.1,26.9,0.2,0.0,15.3,17.3,0.3,17.7,3.0,0.1,18.1,0.1,32.2,55.0,0.5,1.2,0,77,1,A01188,A01188_2020-03-31,0,2020-03-31
84.9,84.8,179.0,4.5,10.1,28.7,0.1,0.0,12.9,5.1,0.3,12.9,13.1,0.0,6.0,0.0,33.8,38.2,0.8,1.8,0,42,0,A00031,A00031_2020-03-31,0,2020-03-31
88.9,81.9,381.0,5.5,10.1,28.5,0.9,0.1,13.6,14.2,3.8,15.7,8.7,0.7,17.3,0.6,32.1,48.9,1.5,5.0,1,49,1,A00359,A00359_2020-03-31,0,2020-03-31
89.9,76.3,79.0,3.86,12.6,31.1,0.4,0.0,13.2,2.4,0.3,12.0,11.7,0.0,3.2,0.3,34.6,34.7,0.4,11.4,0,82,1,A01360,A01360_2020-03-31,0,2020-03-31
87.3,61.5,86.0,3.07,10.9,29.6,0.3,0.0,15.4,6.6,29.0,9.1,6.4,3.1,10.8,0.2,34.0,26.8,0.7,2.9,1,56,0,A00827,A00827_2020-03-31,0,2020-03-31
92.3,64.4,249.0,4.55,12.3,30.3,0.9,0.0,13.4,5.9,0.5,13.8,24.6,0.0,9.2,0.2,32.9,42.0,2.3,10.3,0,59,1,A01280,A01280_2020-03-31,0,2020-03-31
93.3,86.4,434.0,3.45,10.5,28.7,1.3,0.1,14.6,15.5,0.4,9.9,5.4,0.1,17.9,0.3,30.7,32.2,1.0,7.5,1,63,1,A01125,A01125_2020-03-31,0,2020-03-31
88.2,75.3,458.0,4.25,8.9,28.2,0.8,0.0,13.2,7.0,2.0,12.0,14.0,0.2,9.3,0.3,32.0,37.5,1.3,8.4,0,62,0,A00306,A00306_2020-03-31,0,2020-03-31
96.4,79.9,360.0,4.14,11.8,29.5,1.1,0.1,16.6,13.8,1.2,12.2,12.2,0.2,17.3,0.4,30.6,39.9,2.1,6.3,1,67,1,A00349,A00349_2020-03-31,0,2020-03-31
85.1,79.6,149.0,3.28,11.9,27.4,0.9,0.0,13.7,7.0,1.0,9.0,9.5,0.1,8.8,0.2,32.3,27.9,0.8,9.7,0,85,0,A01099,A01099_2020-03-31,0,2020-03-31
98.0,88.1,219.0,2.56,10.4,28.9,0.6,0.0,14.1,12.8,0.3,7.4,7.4,0.0,14.5,0.1,29.5,25.1,1.1,4.1,1,61,0,A01144,A01144_2020-03-31,0,2020-03-31
87.6,72.0,349.0,4.19,12.3,28.6,0.8,0.1,12.9,8.0,4.6,12.0,14.5,0.5,11.1,1.3,32.7,36.7,1.6,7.6,0,55,1,A01270,A01270_2020-03-31,0,2020-03-31
89.6,88.7,473.0,3.65,11.0,26.3,0.4,0.0,18.2,9.7,1.0,9.6,6.2,0.1,10.9,0.2,29.4,32.7,0.7,3.9,0,70,0,A00491,A00491_2020-03-31,0,2020-03-31
91.8,60.2,199.0,3.16,9.8,30.1,1.0,0.0,13.2,4.9,3.0,9.5,24.5,0.2,8.1,0.4,32.8,29.0,2.0,11.9,0,72,1,A00317,A00317_2020-03-31,0,2020-03-31
94.8,69.1,174.0,4.03,10.9,30.8,0.3,0.0,14.3,2.6,1.3,12.4,20.8,0.0,3.8,0.3,32.5,38.2,0.8,8.5,0,88,0,A00972,A00972_2020-03-31,0,2020-03-31
96.1,72.8,172.0,3.86,10.5,30.3,0.7,0.0,13.9,5.8,0.3,11.7,18.5,0.0,7.9,0.1,31.5,37.1,1.5,8.3,0,95,1,A00713,A00713_2020-03-31,0,2020-03-31
91.6,66.3,129.0,3.95,14.1,31.4,0.6,0.1,12.8,8.4,3.5,12.4,25.1,0.4,12.6,0.4,34.3,36.2,3.2,4.7,0,64,0,A00628,A00628_2020-03-31,0,2020-03-31
84.7,61.9,293.0,4.72,10.6,28.0,0.6,0.0,13.5,3.4,0.7,13.2,26.0,0.0,5.5,0.2,33.0,40.0,1.4,11.2,0,69,1,A00398,A00398_2020-03-31,0,2020-03-31
93.9,83.7,290.0,4.24,9.9,32.5,0.6,0.0,13.3,8.0,0.3,13.8,9.6,0.0,9.6,0.1,34.7,39.8,0.9,6.3,0,79,1,A01385,A01385_2020-03-31,0,2020-03-31
93.7,70.4,338.0,2.71,10.9,30.6,0.3,0.0,14.6,2.7,3.1,8.3,18.3,0.1,3.9,0.3,32.7,25.4,0.7,7.9,0,48,0,A00834,A00834_2020-03-31,0,2020-03-31
80.2,53.4,233.0,4.81,10.0,27.2,0.5,0.0,12.2,3.2,0.8,13.1,36.6,0.0,6.0,0.3,33.9,38.6,2.2,8.9,0,35,0,A00257,A00257_2020-03-31,0,2020-03-31
89.4,93.8,314.0,4.63,9.4,29.4,0.4,0.1,12.0,14.3,0.1,13.6,2.8,0.0,15.2,0.5,32.9,41.4,0.4,2.8,1,49,1,A01067,A01067_2020-03-31,0,2020-03-31
91.9,43.0,418.0,4.21,10.1,30.6,0.9,0.1,12.3,2.5,3.1,12.9,36.4,0.2,5.7,0.9,33.3,38.7,2.1,16.6,0,65,1,A00230,A00230_2020-03-31,0,2020-03-31
93.1,69.6,172.0,2.75,11.5,30.2,0.8,0.0,13.9,7.9,3.6,8.3,19.8,0.4,11.3,0.3,32.4,25.6,2.2,6.7,1,81,0,A01301,A01301_2020-03-31,0,2020-03-31
95.5,75.1,363.0,3.36,12.1,28.3,1.2,0.1,19.9,8.9,3.6,9.5,10.4,0.4,11.8,0.7,29.6,32.1,1.2,10.2,1,61,1,A01628,A01628_2020-03-31,0,2020-03-31
87.35,79.8,377.5,4.635,9.600000000000001,30.4,0.3,0.0,12.5,5.9,3.7,14.1,12.6,0.3,7.2,0.4,34.84999999999999,40.5,0.9,3.5,1,51,1,A00051,A00051_2020-03-31,0,2020-03-31
97.2,89.2,196.0,4.7,10.3,32.3,0.6,0.0,13.3,11.3,0.1,15.2,5.6,0.0,12.7,0.2,33.3,45.7,0.7,4.9,0,89,1,A00858,A00858_2020-03-31,0,2020-03-31
78.4,63.1,275.0,4.36,10.2,25.7,0.4,0.0,12.7,2.8,0.9,11.2,25.7,0.0,4.4,0.2,32.7,34.2,1.1,10.1,0,58,0,A00851,A00851_2020-03-31,0,2020-03-31
89.2,67.7,287.0,4.26,9.7,30.5,0.9,0.0,12.8,4.3,0.0,13.0,17.7,0.0,6.4,0.5,34.2,38.0,1.1,14.1,0,66,1,A00292,A00292_2020-03-31,0,2020-03-31
89.9,84.6,771.0,4.95,9.1,31.5,0.5,0.0,11.9,6.9,0.1,15.6,9.1,0.0,8.2,0.4,35.1,44.5,0.7,5.8,1,49,1,A01274,A01274_2020-03-31,0,2020-03-31
94.8,59.1,206.0,4.25,8.8,31.5,0.4,0.0,12.7,3.3,1.3,13.4,31.0,0.1,5.6,0.7,33.3,40.3,1.7,7.9,0,74,0,A00328,A00328_2020-03-31,0,2020-03-31
91.0,29.5,143.0,4.11,10.7,29.9,0.5,0.0,12.6,0.8,4.0,12.3,46.5,0.1,2.8,1.1,32.9,37.4,1.3,18.9,0,68,1,A00336,A00336_2020-03-31,0,2020-03-31
88.0,59.3,174.0,4.82,10.0,29.5,0.2,0.0,12.2,2.4,0.3,14.2,34.3,0.0,4.0,0.5,33.5,42.4,1.4,5.6,0,52,0,A00565,A00565_2020-03-31,0,2020-03-31
83.2,78.3,276.0,4.28,11.7,27.1,1.0,0.0,14.5,8.1,0.3,11.6,11.8,0.0,10.4,0.2,32.6,35.6,1.2,9.4,0,48,1,A00623,A00623_2020-03-31,0,2020-03-31
85.6,84.9,180.0,3.55,10.9,28.5,0.7,0.0,15.9,13.1,3.2,10.1,7.4,0.5,15.4,0.2,33.2,30.4,1.1,4.3,1,70,1,A00668,A00668_2020-03-31,0,2020-03-31
94.2,70.9,190.0,3.3,10.6,30.0,1.1,0.1,13.5,6.2,1.1,9.9,14.8,0.1,8.7,0.6,31.8,31.1,1.3,12.6,1,82,0,A00708,A00708_2020-03-31,0,2020-03-31
85.5,80.3,293.0,3.94,11.6,26.9,0.3,0.0,13.5,5.6,0.4,10.6,14.4,0.0,7.0,0.1,31.5,33.7,1.0,4.8,0,54,1,A00145,A00145_2020-03-31,0,2020-03-31
87.0,84.6,282.0,4.68,10.7,29.7,0.7,0.0,12.8,6.1,0.1,13.9,5.3,0.0,7.2,0.4,34.2,40.7,0.4,9.6,1,59,0,A00495,A00495_2020-03-31,0,2020-03-31
87.8,70.9,246.0,5.115,9.3,29.9,0.55,0.0,12.7,5.75,0.1,15.3,21.25,0.0,7.699999999999999,0.15,34.1,44.9,1.45,7.6,0,38,1,A01454,A01454_2020-03-31,0,2020-03-31
88.4,92.0,263.0,3.53,10.1,29.2,0.4,0.1,12.9,19.1,0.0,10.3,6.0,0.0,20.8,0.3,33.0,31.2,1.2,1.7,1,52,1,A00123,A00123_2020-03-31,0,2020-03-31
83.7,72.5,274.0,4.73,10.5,27.7,0.5,0.0,13.7,5.1,0.0,13.1,20.0,0.0,7.0,0.3,33.1,39.6,1.4,7.2,0,56,0,A01044,A01044_2020-03-31,0,2020-03-31
88.8,77.4,188.0,4.28,11.0,29.4,0.9,0.0,12.2,6.3,0.7,12.6,10.9,0.1,8.2,0.1,33.2,38.0,0.9,10.9,0,78,0,A00931,A00931_2020-03-31,0,2020-03-31
92.1,74.2,114.0,5.2,12.5,30.0,1.7,0.0,11.9,8.4,0.6,15.6,10.0,0.1,11.3,0.3,32.6,47.9,1.1,14.9,1,80,1,A00341,A00341_2020-03-31,0,2020-03-31
89.9,76.3,79.0,3.86,12.6,31.1,0.4,0.0,13.2,2.4,0.3,12.0,11.7,0.0,3.2,0.3,34.6,34.7,0.4,11.4,0,21,0,A01253,A01253_2020-03-31,0,2020-03-31
90.7,83.9,180.0,2.9,11.6,30.3,1.0,0.1,15.9,13.8,5.7,8.8,4.1,0.9,16.5,0.4,33.5,26.3,0.7,5.9,1,70,0,A01393,A01393_2020-03-31,0,2020-03-31
81.0,34.3,218.0,5.15,11.7,27.6,0.4,0.0,11.7,0.8,4.3,14.2,42.5,0.1,2.3,1.3,34.1,41.7,1.0,17.6,0,49,1,A00651,A00651_2020-03-31,0,2020-03-31
86.4,69.4,351.0,4.48,9.6,28.6,0.4,0.0,13.1,3.1,0.5,12.8,21.7,0.0,4.4,0.2,33.1,38.7,1.0,8.2,0,47,1,A00370,A00370_2020-04-01,0,2020-04-01
81.7,82.0,447.0,4.69,10.1,26.2,0.5,0.0,14.5,14.6,1.0,12.3,14.0,0.2,17.8,0.0,32.1,38.3,2.5,3.0,0,63,0,A00148,A00148_2020-04-01,0,2020-04-01
98.9,73.8,160.0,3.79,10.9,31.1,0.7,0.0,13.3,6.1,1.1,11.8,16.1,0.1,8.3,0.2,31.5,37.5,1.3,8.8,0,95,1,A00713,A00713_2020-04-01,0,2020-04-01
92.1,77.0,432.0,3.41,12.3,26.7,1.6,0.1,20.2,12.8,3.4,9.1,9.4,0.6,16.6,0.6,29.0,31.4,1.6,9.6,1,61,1,A01628,A01628_2020-04-01,0,2020-04-01
87.4,64.0,283.0,5.06,9.9,29.8,0.6,0.0,12.8,6.1,0.7,15.1,28.4,0.1,9.5,0.4,34.2,44.2,2.7,6.5,0,54,0,A01142,A01142_2020-04-01,0,2020-04-01
86.0,86.05000000000001,287.0,4.385,10.2,29.3,0.6,0.0,12.75,11.45,0.05,12.85,8.25,0.0,12.95,0.25,34.1,37.7,0.8500000000000001,5.4,0,57,1,A00731,A00731_2020-04-01,0,2020-04-01
90.8,89.2,296.0,4.12,10.1,29.4,0.8,0.0,12.1,9.9,0.8,12.1,2.7,0.1,11.1,0.3,32.4,37.4,0.3,7.0,1,49,1,A01067,A01067_2020-04-01,0,2020-04-01
88.3,88.1,350.0,4.01,10.8,29.4,0.3,0.0,13.2,14.1,1.4,11.8,8.3,0.2,16.0,0.2,33.3,35.4,1.3,2.0,1,52,1,A00123,A00123_2020-04-01,0,2020-04-01
89.9,69.8,368.0,4.36,9.4,29.8,1.0,0.1,13.2,5.3,3.7,13.0,11.8,0.3,7.6,1.2,33.2,39.2,0.9,13.5,0,59,1,A00526,A00526_2020-04-01,0,2020-04-01
85.2,65.1,184.0,4.86,11.1,29.8,1.2,0.0,11.9,6.1,1.3,14.5,20.6,0.1,9.4,0.3,35.0,41.4,1.9,12.7,0,61,1,A00980,A00980_2020-04-01,0,2020-04-01
89.0,66.6,195.0,3.26,12.0,28.2,0.5,0.0,18.5,3.0,2.6,9.2,18.5,0.1,4.5,0.4,31.7,29.0,0.8,11.9,0,81,0,A00316,A00316_2020-04-01,0,2020-04-01
87.5,52.8,262.0,5.53,10.5,28.0,0.8,0.0,12.2,3.2,3.5,15.5,29.7,0.2,6.0,0.5,32.0,48.4,1.8,13.5,0,47,1,A01485,A01485_2020-04-01,0,2020-04-01
88.6,62.1,229.0,4.38,11.3,29.0,0.6,0.0,12.1,3.0,0.6,12.7,24.8,0.0,4.9,0.4,32.7,38.8,1.2,12.1,0,76,0,A00137,A00137_2020-04-01,0,2020-04-01
105.4,,247.0,4.47,10.0,35.8,,,14.2,,,16.0,,,8.9,,34.0,47.1,,,0,60,1,A00574,A00574_2020-04-01,0,2020-04-01
95.1,77.5,126.0,3.26,10.7,30.1,0.3,0.0,12.3,4.1,3.8,9.8,11.8,0.2,5.3,0.6,31.6,31.0,0.6,6.3,1,57,1,A01443,A01443_2020-04-01,0,2020-04-01
86.1,70.2,155.0,4.74,9.9,29.7,0.4,0.0,12.1,3.4,0.0,14.1,21.3,0.0,4.8,0.2,34.6,40.8,1.0,8.3,0,26,1,A00199,A00199_2020-04-01,0,2020-04-01
100.3,76.3,360.0,3.93,12.1,30.0,0.8,0.1,17.2,10.5,2.6,11.8,14.4,0.4,13.8,0.7,29.9,39.4,2.0,6.0,1,67,1,A00349,A00349_2020-04-01,0,2020-04-01
92.8,,284.0,4.18,9.9,30.1,,,14.1,,,12.6,,,18.9,,32.5,38.8,,,1,70,1,A01267,A01267_2020-04-01,0,2020-04-01
86.6,84.0,318.0,4.62,9.5,30.1,0.5,0.0,13.0,7.0,0.0,13.9,9.9,0.0,8.3,0.1,34.8,40.0,0.8,6.0,0,46,1,A00052,A00052_2020-04-01,0,2020-04-01
94.3,85.6,613.0,4.72,10.7,29.0,0.7,0.0,14.2,11.0,0.0,13.7,8.6,0.0,12.8,0.2,30.8,44.5,1.1,5.6,1,62,1,A01435,A01435_2020-04-01,0,2020-04-01
90.3,90.1,288.0,5.16,12.1,29.3,0.6,0.1,13.3,16.8,1.1,15.1,5.2,0.2,18.6,0.3,32.4,46.6,1.0,3.3,0,77,1,A00586,A00586_2020-04-01,0,2020-04-01
103.0,86.2,429.0,4.36,10.1,32.6,0.8,0.1,14.5,10.8,0.7,14.2,6.2,0.1,12.5,0.6,31.6,44.9,0.8,6.3,1,58,1,A01439,A01439_2020-04-01,0,2020-04-01
87.5,73.9,336.0,5.99,10.9,28.5,1.9,0.1,12.5,13.6,0.3,17.1,15.1,0.1,18.4,0.4,32.6,52.4,2.8,10.3,0,67,1,A01476,A01476_2020-04-01,0,2020-04-01
84.2,59.7,241.0,4.63,9.9,27.6,0.2,0.0,12.7,2.0,2.4,12.8,31.0,0.1,3.3,0.3,32.8,39.0,1.0,6.6,0,42,0,A00031,A00031_2020-04-01,0,2020-04-01
87.8,38.4,229.0,4.27,11.0,27.9,0.9,0.1,12.9,3.2,12.9,11.9,37.3,1.1,8.4,0.6,31.7,37.5,3.1,10.8,0,49,1,A00084,A00084_2020-04-01,0,2020-04-01
98.6,87.7,83.0,3.61,13.8,32.1,0.4,0.0,13.8,9.9,0.3,11.6,8.1,0.0,11.3,0.2,32.6,35.6,0.9,3.7,0,74,1,A01167,A01167_2020-04-01,0,2020-04-01
83.3,84.9,611.0,4.92,10.1,27.8,0.9,0.0,12.8,11.3,0.0,13.7,8.4,0.0,13.3,0.2,33.4,41.0,1.1,6.5,0,52,1,A01330,A01330_2020-04-01,0,2020-04-01
77.4,58.0,315.0,5.01,11.2,25.5,0.9,0.0,14.1,3.5,2.5,12.8,23.9,0.2,6.0,0.7,33.0,38.8,1.4,14.9,0,46,1,A00865,A00865_2020-04-01,0,2020-04-01
84.3,72.1,412.0,5.62,10.9,27.9,1.4,0.0,13.9,6.8,0.0,15.7,13.3,0.0,9.4,0.1,33.1,47.4,1.3,14.5,0,67,1,A00498,A00498_2020-04-01,0,2020-04-01
89.1,86.8,396.0,4.58,9.3,27.9,0.9,0.1,14.9,13.2,0.2,12.8,6.8,0.0,15.2,0.6,31.4,40.8,1.0,5.6,1,65,1,A00060,A00060_2020-04-01,0,2020-04-01
88.8,89.4,256.0,4.48,9.9,30.1,0.3,0.0,16.0,10.3,0.0,13.5,7.5,0.0,11.5,0.3,33.9,39.8,0.9,2.8,0,82,0,A00402,A00402_2020-04-01,0,2020-04-01
98.1,78.8,141.0,3.72,11.2,31.2,0.5,0.0,13.5,6.5,3.0,11.6,11.6,0.2,8.3,0.5,31.8,36.5,1.0,6.1,1,46,1,A00594,A00594_2020-04-01,0,2020-04-01
85.9,65.3,135.0,3.77,9.8,27.9,0.3,0.0,11.7,3.5,0.4,10.5,28.7,0.0,5.4,0.2,32.4,32.4,1.5,5.4,0,42,1,A00304,A00304_2020-04-01,0,2020-04-01
93.39999999999999,,373.3333333333333,3.733333333333333,12.8,29.66666666666667,,,15.46666666666667,,,11.06666666666667,,,21.93333333333333,,31.73333333333333,34.86666666666667,,,1,45,1,A01599,A01599_2020-04-01,0,2020-04-01
90.4,32.8,230.0,4.36,11.0,29.8,0.8,0.1,11.7,1.0,10.6,13.0,28.8,0.3,3.0,2.0,33.0,39.4,0.9,25.8,0,77,1,A00228,A00228_2020-04-01,0,2020-04-01
81.4,61.5,153.0,5.16,11.5,28.3,0.4,0.0,12.3,3.0,0.0,14.6,31.3,0.0,4.9,0.0,34.8,42.0,1.5,7.2,0,35,1,A00447,A00447_2020-04-01,0,2020-04-01
77.2,89.6,205.0,4.92,11.6,24.2,0.6,0.0,14.9,11.0,0.1,11.9,5.0,0.0,12.3,0.2,31.3,38.0,0.6,5.1,0,42,0,A01508,A01508_2020-04-01,0,2020-04-01
81.7,37.3,222.0,5.19,11.5,28.7,0.3,0.0,11.7,0.7,4.0,14.9,41.8,0.1,2.0,1.5,35.1,42.4,0.8,15.4,0,49,1,A00651,A00651_2020-04-01,0,2020-04-01
89.4,85.7,202.0,2.93,11.3,30.0,1.0,0.0,15.9,16.7,4.8,8.8,4.1,0.9,19.5,0.2,33.6,26.2,0.8,5.2,1,70,0,A01393,A01393_2020-04-01,0,2020-04-01
88.2,36.4,459.0,4.41,9.3,29.9,0.3,0.0,12.7,1.5,2.9,13.2,52.5,0.1,4.1,0.7,33.9,38.9,2.2,7.5,0,33,0,A01394,A01394_2020-04-01,0,2020-04-01
84.3,45.2,491.0,4.33,10.5,27.5,0.9,0.0,14.1,3.2,2.0,11.9,39.8,0.1,7.1,0.6,32.6,36.5,2.8,12.4,0,49,1,A01483,A01483_2020-04-01,0,2020-04-01
85.2,62.9,319.0,4.27,9.9,28.6,0.9,0.1,13.2,7.5,2.1,12.2,26.7,0.2,11.9,0.6,33.5,36.4,3.2,7.7,0,55,0,A00313,A00313_2020-04-01,0,2020-04-01
90.6,77.8,266.0,4.04,9.3,29.2,0.4,0.0,14.4,6.3,0.2,11.8,16.5,0.0,8.1,0.1,32.2,36.6,1.3,5.4,0,83,1,A00672,A00672_2020-04-01,0,2020-04-01
84.44999999999999,46.7,101.0,5.055,13.2,28.0,0.8500000000000001,0.0,11.7,2.7,3.55,14.15,34.9,0.2,5.800000000000001,0.7,33.15,42.7,2.05,14.15,0,54,1,A01363,A01363_2020-04-01,0,2020-04-01
88.8,62.1,236.0,5.18,11.0,30.1,0.5,0.0,12.0,6.0,0.5,15.6,32.2,0.0,9.7,0.5,33.9,46.0,3.1,4.7,0,30,0,A01157,A01157_2020-04-01,0,2020-04-01
88.5,43.4,320.0,4.19,11.3,29.4,0.6,0.0,14.0,7.5,0.0,12.3,52.9,0.0,17.2,0.1,33.2,37.1,9.1,3.6,0,78,1,A01474,A01474_2020-04-01,0,2020-04-01
86.2,74.4,276.0,4.5,10.2,30.2,0.3,0.0,12.2,6.2,0.8,13.6,20.4,0.1,8.3,0.4,35.1,38.8,1.7,4.0,0,57,0,A01594,A01594_2020-04-01,0,2020-04-01
84.9,88.4,600.0,5.03,9.6,29.0,0.3,0.0,13.3,7.0,0.0,14.6,7.1,0.0,7.9,0.1,34.2,42.7,0.6,4.4,0,67,1,A01217,A01217_2020-04-01,0,2020-04-01
93.8,61.8,180.0,3.08,11.3,30.85,0.9,0.0,16.2,4.3,3.0,9.5,22.05,0.2,6.95,0.55,32.85,28.9,1.55,12.6,0,74,1,A00102,A00102_2020-04-01,0,2020-04-01
90.0,64.7,122.0,3.81,14.0,31.2,0.6,0.1,13.2,7.8,2.8,11.9,27.4,0.3,12.0,0.5,34.7,34.3,3.3,4.6,0,64,0,A00628,A00628_2020-04-01,0,2020-04-01
97.7,92.2,69.0,4.42,11.8,33.5,0.3,0.0,12.2,7.8,0.1,14.8,4.0,0.0,8.5,0.2,34.3,43.2,0.3,3.5,0,87,1,A01026,A01026_2020-04-01,0,2020-04-01
91.9,59.6,267.5,4.74,9.35,30.8,0.5,0.0,12.3,2.7,2.0,14.6,27.2,0.1,4.55,0.4,33.55,43.55,1.2,10.8,0,45,1,A00106,A00106_2020-04-01,0,2020-04-01
85.1,87.7,314.0,4.03,10.9,28.0,0.9,0.0,14.8,14.9,1.5,11.3,5.3,0.3,17.0,0.2,32.9,34.3,0.9,5.3,1,65,0,A01086,A01086_2020-04-01,0,2020-04-01
89.0,92.7,104.0,3.09,11.2,29.1,0.5,0.0,15.7,13.5,0.8,9.0,3.1,0.1,14.6,0.3,32.7,27.5,0.5,3.1,1,56,0,A00827,A00827_2020-04-01,0,2020-04-01
88.3,42.4,188.0,4.12,11.1,29.9,0.6,0.1,13.5,2.2,8.3,12.3,35.7,0.4,5.1,1.0,33.8,36.4,1.8,12.6,0,71,1,A01315,A01315_2020-04-01,0,2020-04-01
79.4,82.5,398.0,4.02,9.7,25.4,1.0,0.1,16.3,9.7,0.8,10.2,7.2,0.1,11.8,0.7,32.0,31.9,0.8,8.8,0,61,0,A01122,A01122_2020-04-01,0,2020-04-01
87.4,52.7,957.0,4.28,8.7,29.7,0.6,0.1,13.3,2.5,1.9,12.7,30.2,0.1,4.7,1.7,34.0,37.4,1.4,13.5,0,53,1,A00501,A00501_2020-04-01,0,2020-04-01
83.5,49.2,287.0,4.61,11.1,28.0,0.7,0.1,13.3,3.1,1.7,12.9,37.1,0.1,6.4,0.9,33.5,38.5,2.4,11.1,0,70,1,A00059,A00059_2020-04-01,0,2020-04-01
90.3,65.4,352.0,3.5,9.2,31.1,0.5,0.0,11.7,4.6,1.6,10.9,24.6,0.1,7.0,0.6,34.5,31.6,1.7,7.8,0,63,1,A01034,A01034_2020-04-01,0,2020-04-01
71.8,55.6,355.0,5.61,11.7,22.1,0.2,0.0,15.1,1.7,2.6,12.4,34.1,0.1,3.1,0.3,30.8,40.3,1.1,7.4,0,48,0,A00261,A00261_2020-04-01,0,2020-04-01
96.2,74.0,235.0,3.4,9.7,32.6,0.2,0.0,13.8,2.5,0.9,11.1,19.2,0.0,3.4,0.3,33.9,32.7,0.7,5.6,0,80,0,A01339,A01339_2020-04-01,0,2020-04-01
79.5,37.9,165.0,3.91,13.3,26.9,0.5,0.0,14.6,1.7,12.7,10.5,36.7,0.6,4.4,0.9,33.8,31.1,1.6,11.8,0,36,1,A01460,A01460_2020-04-01,0,2020-04-01
86.9,71.0,321.0,3.48,10.75,29.6,0.8,0.0,13.35,5.4,2.8,10.3,15.45,0.2,7.6,0.4,34.05,30.25,1.2,10.35,0,77,1,A00699,A00699_2020-04-01,0,2020-04-01
97.6,91.1,138.0,3.78,12.2,30.7,0.5,0.0,14.5,12.7,1.0,11.6,4.2,0.1,13.9,0.2,31.4,36.9,0.6,3.5,1,72,1,A01289,A01289_2020-04-01,0,2020-04-01
85.6,67.0,289.0,4.64,10.8,28.2,1.0,0.0,13.8,9.2,1.1,13.1,24.5,0.2,13.7,0.3,33.0,39.7,3.4,7.1,0,53,0,A01354,A01354_2020-04-01,0,2020-04-01
87.7,79.9,406.0,4.95,10.3,28.3,0.8,0.1,13.8,13.2,2.9,14.0,12.0,0.5,16.5,0.6,32.3,43.4,2.0,4.6,1,49,1,A00359,A00359_2020-04-01,0,2020-04-01
84.7,60.3,317.0,5.02,12.7,29.9,1.3,0.1,11.5,5.2,1.9,15.0,21.7,0.2,8.7,0.8,35.3,42.5,1.9,15.3,0,55,1,A01181,A01181_2020-04-01,0,2020-04-01
83.9,76.1,183.0,4.03,12.3,29.3,0.3,0.0,14.9,9.3,0.0,11.8,21.7,0.0,12.2,0.0,34.9,33.8,2.6,2.2,0,92,0,A01193,A01193_2020-04-01,0,2020-04-01
97.6,92.9,198.0,3.74,13.4,31.3,1.9,0.1,15.4,31.4,0.0,11.7,1.3,0.0,33.8,0.3,32.1,36.5,0.4,5.5,1,72,1,A01338,A01338_2020-04-01,1,2020-04-01
86.75,51.05,70.5,3.995,12.8,28.15,0.8500000000000001,0.1,13.6,4.5,6.4,11.25,32.25,0.6,8.85,1.0,32.45,34.65,2.85,9.3,0,60,1,A01644,A01644_2020-04-01,0,2020-04-01
93.1,84.7,200.0,3.49,10.5,29.8,0.9,0.1,13.9,9.1,0.2,10.4,6.2,0.0,10.8,0.6,32.0,32.5,0.7,8.3,1,76,1,A00726,A00726_2020-04-01,0,2020-04-01
83.8,91.5,282.0,5.01,10.1,28.9,0.4,0.0,13.2,12.7,0.0,14.5,5.2,0.0,13.9,0.1,34.5,42.0,0.7,3.2,0,60,1,A01176,A01176_2020-04-01,0,2020-04-01
86.9,65.6,248.0,3.14,11.2,28.0,0.6,0.1,14.2,2.6,1.8,8.8,15.8,0.1,3.9,1.3,32.2,27.3,0.6,15.5,0,55,1,A01465,A01465_2020-04-01,0,2020-04-01
91.2,56.9,261.0,5.02,9.6,31.7,0.8,0.0,11.8,4.5,6.7,15.9,26.2,0.5,7.9,0.6,34.7,45.8,2.1,9.6,0,31,1,A01390,A01390_2020-04-01,0,2020-04-01
94.7,45.4,321.0,3.01,10.7,31.6,0.7,0.0,11.9,2.4,6.8,9.5,33.1,0.4,5.2,0.4,33.3,28.5,1.7,14.3,0,66,1,A00015,A00015_2020-04-01,0,2020-04-01
86.0,70.5,258.0,5.16,10.8,29.7,0.4,0.0,12.9,4.7,0.0,15.3,22.6,0.0,6.6,0.2,34.5,44.4,1.5,6.7,0,56,1,A00393,A00393_2020-04-01,0,2020-04-01
84.6,,287.0,3.81,9.3,27.8,,,19.7,,,10.6,,,18.95,,32.90000000000001,32.2,,,1,76,1,A00986,A00986_2020-04-01,0,2020-04-01
86.0,42.5,358.0,4.87,10.3,28.3,0.6,0.0,12.7,2.3,0.6,13.8,45.6,0.0,5.4,0.0,32.9,41.9,2.5,11.3,0,63,1,A00219,A00219_2020-04-01,0,2020-04-01
84.3,72.1,412.0,5.62,10.9,27.9,1.4,0.0,13.9,6.8,0.0,15.7,13.3,0.0,9.4,0.1,33.1,47.4,1.3,14.5,0,67,1,A00497,A00497_2020-04-01,0,2020-04-01
85.5,86.65,329.0,5.45,9.899999999999999,28.9,0.35,0.0,12.9,7.75,0.0,15.75,9.55,0.0,8.9,0.15,33.8,46.59999999999999,0.8500000000000001,3.65,0,56,1,A00717,A00717_2020-04-01,0,2020-04-01
87.55000000000001,79.25,435.0,3.855,8.9,28.15,0.6000000000000001,0.0,13.2,6.8,2.0,10.85,12.2,0.2,8.65,0.15,32.15,33.75,1.1,6.4,0,62,0,A00306,A00306_2020-04-01,0,2020-04-01
91.0,66.8,277.0,3.55,9.2,30.4,0.7,0.0,13.2,4.1,3.4,10.8,18.7,0.2,6.2,0.3,33.4,32.3,1.2,10.8,0,74,0,A00021,A00021_2020-04-01,0,2020-04-01
121.5,95.2,258.0,3.07,10.6,38.8,0.0,0.0,15.6,4.3,0.4,11.9,4.0,0.0,4.5,0.2,31.9,37.3,0.2,0.2,0,86,1,A01255,A01255_2020-04-01,0,2020-04-01
89.4,56.25,173.0,4.43,10.95,28.8,0.9,0.05,14.45,3.3,3.2,12.75,24.8,0.2,5.949999999999999,0.7,32.2,39.59999999999999,1.5,15.05,0,77,1,A00198,A00198_2020-04-01,0,2020-04-01
88.35,76.4,162.5,3.87,10.45,29.85,0.15,0.0,12.95,3.4,0.0,11.55,19.8,0.0,4.5,0.25,33.75,34.2,0.9,3.55,0,55,0,A00723,A00723_2020-04-01,0,2020-04-01
101.4,,119.0,4.83,12.8,31.3,,,13.6,,,15.1,,,23.8,,30.8,49.0,,,1,71,1,A01048,A01048_2020-04-01,0,2020-04-01
89.85,83.8,129.0,4.345000000000001,11.75,30.45,0.2,0.0,16.1,3.6,0.2,13.25,11.4,0.0,4.15,0.2,33.90000000000001,39.05,0.5,4.4,0,85,1,A01643,A01643_2020-04-01,0,2020-04-01
89.5,55.6,337.0,3.62,10.2,29.0,0.5,0.1,12.8,2.6,4.2,10.5,27.0,0.2,4.6,1.8,32.4,32.4,1.2,11.4,0,67,0,A00568,A00568_2020-04-01,0,2020-04-01
84.0,53.0,325.0,4.12,9.8,26.0,1.0,0.1,17.1,5.6,2.7,10.7,34.2,0.3,10.6,0.7,30.9,34.6,3.6,9.4,0,85,1,A00375,A00375_2020-04-01,0,2020-04-01
87.2,59.3,524.0,4.06,9.6,29.8,0.5,0.1,13.2,2.5,0.5,12.1,27.7,0.0,4.2,1.4,34.2,35.4,1.2,11.1,0,60,0,A01032,A01032_2020-04-01,0,2020-04-01
93.1,84.7,200.0,3.49,10.5,29.8,0.9,0.1,13.9,9.1,0.2,10.4,6.2,0.0,10.8,0.6,32.0,32.5,0.7,8.3,1,82,0,A00708,A00708_2020-04-01,0,2020-04-01
84.5,69.5,356.0,4.39,10.0,28.9,0.6,0.0,13.2,3.3,0.8,12.7,16.0,0.0,4.8,0.2,34.2,37.1,0.8,13.5,0,55,1,A01445,A01445_2020-04-01,0,2020-04-01
85.7,60.4,271.0,4.4,9.6,28.6,0.8,0.0,12.8,3.5,1.2,12.6,25.0,0.1,5.8,0.3,33.4,37.7,1.5,13.1,0,56,1,A00870,A00870_2020-04-01,0,2020-04-01
84.7,86.1,370.0,4.58,9.3,30.1,0.4,0.0,11.5,7.0,0.0,13.8,8.6,0.0,8.1,0.1,35.6,38.8,0.7,5.2,0,60,1,A00774,A00774_2020-04-01,0,2020-04-01
94.4,78.7,374.0,3.03,11.2,31.7,1.1,0.1,13.5,9.6,0.3,9.6,11.4,0.0,12.2,0.5,33.6,28.6,1.4,9.1,0,34,1,A01367,A01367_2020-04-01,0,2020-04-01
91.7,88.4,278.0,3.5,9.7,30.9,0.2,0.0,12.6,6.5,0.7,10.8,7.3,0.1,7.4,0.3,33.6,32.1,0.5,3.3,1,51,1,A00051,A00051_2020-04-01,0,2020-04-01
84.3,45.2,491.0,4.33,10.5,27.5,0.9,0.0,14.1,3.2,2.0,11.9,39.8,0.1,7.1,0.6,32.6,36.5,2.8,12.4,0,67,0,A01455,A01455_2020-04-01,0,2020-04-01
92.5,84.0,584.0,4.27,11.8,30.4,1.5,0.0,11.5,13.4,0.0,13.0,6.6,0.0,16.0,0.3,32.9,39.5,1.1,9.1,0,53,0,A00451,A00451_2020-04-01,0,2020-04-01
82.2,41.9,179.0,4.43,12.0,26.4,0.6,0.1,17.0,1.7,8.5,11.7,32.9,0.3,4.1,1.9,32.1,36.4,1.3,14.8,0,46,1,A01218,A01218_2020-04-01,0,2020-04-01
81.0,71.5,112.0,3.99,10.3,28.1,0.3,0.0,12.3,3.1,0.2,11.2,22.2,0.0,4.3,0.2,34.7,32.3,1.0,5.9,0,64,0,A00920,A00920_2020-04-01,0,2020-04-01
87.6,88.0,270.0,4.36,11.4,28.7,0.7,0.1,12.9,11.3,1.6,12.5,4.4,0.2,12.8,0.5,32.7,38.2,0.6,5.5,0,85,1,A00950,A00950_2020-04-01,0,2020-04-01
90.2,62.9,399.0,4.58,10.1,29.0,0.4,0.0,13.6,3.3,1.3,13.3,27.2,0.1,5.3,0.9,32.2,41.3,1.4,7.7,0,61,0,A00301,A00301_2020-04-01,0,2020-04-01
86.9,86.8,208.0,4.36,9.6,31.0,0.2,0.0,14.9,6.8,0.5,13.5,9.8,0.0,7.8,0.6,35.6,37.9,0.8,2.3,0,82,0,A00989,A00989_2020-04-01,0,2020-04-01
81.0,79.0,489.0,4.26,10.3,24.2,0.6,0.0,17.6,7.3,2.8,10.3,11.4,0.3,9.3,0.1,29.9,34.5,1.1,6.7,0,56,0,A01081,A01081_2020-04-01,0,2020-04-01
95.7,29.1,201.0,3.49,10.8,32.4,0.4,0.0,12.1,2.0,0.4,11.3,65.0,0.0,7.0,0.1,33.8,33.4,4.6,5.4,0,52,1,A00544,A00544_2020-04-01,0,2020-04-01
84.3,45.2,491.0,4.33,10.5,27.5,0.9,0.0,14.1,3.2,2.0,11.9,39.8,0.1,7.1,0.6,32.6,36.5,2.8,12.4,0,49,1,A01482,A01482_2020-04-01,0,2020-04-01
92.3,63.8,209.0,4.03,11.9,30.3,0.6,0.0,12.5,3.5,0.5,12.2,24.9,0.0,5.5,0.4,32.8,37.2,1.4,10.4,0,76,0,A00384,A00384_2020-04-01,0,2020-04-01
88.85,55.2,119.0,2.235,8.95,27.95,0.2,0.0,16.25,0.9,0.6,6.25,32.1,0.0,1.8,0.0,31.5,19.85,0.5,12.1,1,67,1,A00866,A00866_2020-04-01,0,2020-04-01
93.1,68.3,287.0,4.2,10.2,31.4,1.2,0.1,12.6,7.3,3.1,13.2,15.9,0.3,10.7,1.1,33.8,39.1,1.7,11.6,0,80,1,A00117,A00117_2020-04-01,0,2020-04-01
95.0,86.7,244.0,3.21,10.6,28.7,0.7,0.0,15.8,13.7,1.5,9.2,7.2,0.2,15.8,0.2,30.2,30.5,1.1,4.4,1,61,0,A01144,A01144_2020-04-01,1,2020-04-01
93.6,69.6,144.0,3.9,11.1,30.3,0.6,0.0,12.5,4.0,0.0,11.8,20.7,0.0,5.8,0.2,32.3,36.5,1.2,9.5,0,88,0,A01636,A01636_2020-04-01,0,2020-04-01
99.7,88.5,167.0,3.49,10.1,31.2,0.5,0.0,18.6,10.4,4.1,10.9,2.7,0.5,11.8,0.3,31.3,34.8,0.3,4.4,1,79,1,A00907,A00907_2020-04-01,1,2020-04-01
58.9,,129.0,5.16,,18.6,,,19.2,,,9.6,,,9.8,,31.6,30.4,,,1,65,1,A00507,A00507_2020-04-01,0,2020-04-01
88.1,73.9,321.0,4.7,9.9,28.9,1.0,0.0,11.9,6.9,1.4,13.6,14.0,0.1,9.4,0.3,32.9,41.4,1.3,10.4,0,53,1,A01004,A01004_2020-04-01,0,2020-04-01
81.1,41.8,365.0,3.44,10.8,25.9,1.1,0.0,14.1,2.3,0.5,8.9,37.1,0.0,5.5,0.4,31.9,27.9,2.0,20.2,0,75,0,A01513,A01513_2020-04-01,0,2020-04-01
92.8,70.0,471.0,4.61,12.5,29.1,1.4,0.2,15.8,11.7,6.0,13.4,14.1,1.0,16.7,1.4,31.3,42.8,2.4,8.5,1,58,1,A00463,A00463_2020-04-01,0,2020-04-01
84.5,82.7,464.0,4.27,11.1,29.3,0.8,0.0,12.7,10.3,0.0,12.5,10.7,0.0,12.4,0.2,34.6,36.1,1.3,6.4,0,52,0,A01533,A01533_2020-04-01,0,2020-04-01
85.0,80.8,459.0,4.2,10.3,29.0,1.0,0.0,14.6,8.1,0.0,12.2,9.5,0.0,10.0,0.2,34.2,35.7,1.0,9.5,0,65,0,A00952,A00952_2020-04-01,0,2020-04-01
80.4,84.9,220.0,5.25,12.3,26.1,0.2,0.0,13.7,10.4,0.0,13.7,13.7,0.0,12.3,0.1,32.5,42.2,1.7,1.3,0,93,1,A00792,A00792_2020-04-01,0,2020-04-01
91.80000000000001,88.7,162.5,4.92,11.35,30.75,0.8,0.1,13.2,12.6,0.1,15.1,4.9,0.0,13.85,0.4,33.5,45.05,0.7,5.9,1,54,1,A01316,A01316_2020-04-01,0,2020-04-01
85.25,80.5,159.0,4.515000000000001,11.1,29.45,0.8,0.0,13.2,8.25,1.35,13.3,10.0,0.1,10.25,0.1,34.55,38.5,1.0,8.05,0,69,1,A01287,A01287_2020-04-01,0,2020-04-01
83.4,44.1,242.0,5.59,10.3,29.3,0.9,0.1,11.8,3.4,6.8,16.4,36.5,0.5,7.6,0.9,35.2,46.6,2.8,11.7,0,27,1,A00818,A00818_2020-04-01,0,2020-04-01
86.2,74.4,276.0,4.5,10.2,30.2,0.3,0.0,12.2,6.2,0.8,13.6,20.4,0.1,8.3,0.4,35.1,38.8,1.7,4.0,0,35,0,A00079,A00079_2020-04-01,0,2020-04-01
86.3,,223.0,3.44,11.4,28.2,,,16.5,,,9.7,,,11.8,,32.7,29.7,,,1,71,0,A00667,A00667_2020-04-01,0,2020-04-01
93.96666666666665,83.26666666666667,134.0,5.066666666666666,12.5,30.66666666666667,1.4,0.0,12.06666666666667,12.03333333333333,0.5,15.53333333333333,6.533333333333334,0.06666666666666667,14.5,0.2,32.6,47.6,0.9666666666666668,9.499999999999998,1,80,1,A00341,A00341_2020-04-01,0,2020-04-01
88.0,87.9,226.5,4.09,10.5,29.85,0.4,0.0,13.1,6.2,0.8,12.2,5.1,0.1,7.5,0.3,33.9,36.0,0.4,5.9,1,59,0,A00495,A00495_2020-04-01,0,2020-04-01
89.1,88.4,253.0,3.93,10.7,31.0,0.9,0.0,13.2,13.1,0.0,12.2,5.3,0.0,14.8,0.2,34.9,35.0,0.8,6.1,0,54,1,A01442,A01442_2020-04-01,0,2020-04-01
86.0,42.5,358.0,4.87,10.3,28.3,0.6,0.0,12.7,2.3,0.6,13.8,45.6,0.0,5.4,0.0,32.9,41.9,2.5,11.3,0,48,1,A00281,A00281_2020-04-01,0,2020-04-01
84.1,60.5,160.0,3.84,11.9,27.6,0.5,0.1,14.6,5.9,3.2,10.6,29.9,0.3,9.8,0.9,32.8,32.3,2.9,5.5,0,41,1,A00367,A00367_2020-04-01,0,2020-04-01
84.03333333333335,,316.6666666666667,3.8,12.0,25.23333333333333,,,19.66666666666667,,,9.6,,,14.93333333333333,,30.06666666666667,31.93333333333333,,,1,62,0,A01331,A01331_2020-04-01,1,2020-04-01
86.3,,223.0,3.44,11.4,28.2,,,16.5,,,9.7,,,11.8,,32.7,29.7,,,1,70,1,A00668,A00668_2020-04-01,0,2020-04-01
96.65,79.6,271.0,3.82,10.3,31.8,0.7,0.0,13.35,5.7,0.1,12.15,10.8,0.0,7.5,0.1,32.95,36.9,0.8,9.4,0,79,1,A01385,A01385_2020-04-01,0,2020-04-01
81.1,67.2,228.0,5.44,11.9,27.0,0.3,0.0,13.8,3.3,0.2,14.7,25.3,0.0,4.9,0.2,33.3,44.1,1.2,7.1,0,61,1,A00070,A00070_2020-04-01,0,2020-04-01
92.6,86.6,381.0,3.49,11.1,28.7,1.0,0.1,14.3,13.6,0.8,10.0,6.0,0.1,15.7,0.4,31.0,32.3,0.9,6.2,1,63,1,A01125,A01125_2020-04-01,0,2020-04-01
101.9,,257.0,3.17,13.9,30.0,,,17.6,,,9.5,,,17.4,,29.4,32.3,,,1,69,1,A01357,A01357_2020-04-01,1,2020-04-01
91.6,80.7,178.0,4.15,12.5,28.9,0.3,0.0,13.7,3.8,0.0,12.0,11.8,0.0,4.7,0.2,31.6,38.0,0.6,7.3,0,76,0,A00297,A00297_2020-04-01,0,2020-04-01
86.2,,195.0,3.76,11.4,29.5,,,12.6,,,11.1,,,8.9,,34.3,32.4,,,1,59,0,A00495,A00495_2020-04-02,0,2020-04-02
90.55,87.5,203.0,4.925000000000001,11.55,29.9,0.75,0.0,14.45,8.850000000000001,0.0,14.7,4.75,0.0,10.15,0.15,32.95,44.6,0.45,7.6,1,56,1,A00050,A00050_2020-04-02,0,2020-04-02
82.7,47.5,292.0,3.47,11.0,26.5,0.8,0.0,14.3,2.2,0.9,9.2,33.0,0.0,4.6,0.4,32.1,28.7,1.5,18.2,0,75,0,A01513,A01513_2020-04-02,0,2020-04-02
93.5,60.4,390.0,4.3,12.6,29.1,1.1,0.1,15.9,7.6,13.4,12.5,16.4,1.7,12.6,1.0,31.1,40.2,2.1,8.8,1,58,1,A00463,A00463_2020-04-02,0,2020-04-02
94.9,93.8,232.0,3.55,13.2,31.0,1.4,0.1,15.5,25.3,0.0,11.0,1.0,0.0,27.0,0.2,32.6,33.7,0.3,5.0,1,72,1,A01338,A01338_2020-04-02,1,2020-04-02
,,,,,,,,,,,,,,,,,,,,0,67,1,A00497,A00497_2020-04-02,0,2020-04-02
87.1,76.3,296.0,4.66,10.0,29.2,0.6,0.1,13.2,7.9,0.1,13.6,17.0,0.0,10.3,0.5,33.5,40.6,1.8,6.1,0,27,0,A01335,A01335_2020-04-02,0,2020-04-02
89.6,51.8,151.0,3.86,11.1,29.3,0.1,0.0,13.5,1.3,0.0,11.3,43.3,0.0,2.5,0.4,32.7,34.6,1.1,4.5,0,55,0,A00723,A00723_2020-04-02,0,2020-04-02
85.8,91.8,383.0,4.51,10.3,28.8,0.4,0.0,11.9,11.8,0.4,13.0,4.7,0.1,12.8,0.2,33.6,38.7,0.6,2.9,0,68,0,A01663,A01663_2020-04-02,0,2020-04-02
85.3,65.4,271.0,4.29,12.0,28.2,0.9,0.0,14.3,4.8,0.5,12.1,22.2,0.0,7.4,0.4,33.1,36.6,1.6,11.5,0,48,1,A00623,A00623_2020-04-02,0,2020-04-02
103.6,81.7,168.0,3.34,9.9,30.8,0.4,0.0,18.6,6.8,8.3,10.3,4.5,0.7,8.3,0.2,29.8,34.6,0.4,5.3,1,79,1,A00907,A00907_2020-04-02,1,2020-04-02
87.05000000000001,74.19999999999999,235.5,4.75,11.45,29.15,0.3,0.0,12.85,4.15,0.0,13.85,19.6,0.0,5.65,0.2,33.5,41.34999999999999,1.1,6.0,0,56,1,A00393,A00393_2020-04-02,0,2020-04-02
86.1,78.4,381.0,4.62,9.9,29.2,1.1,0.1,12.5,7.0,0.9,13.5,8.1,0.1,8.9,0.6,33.9,39.8,0.7,12.0,0,60,1,A01271,A01271_2020-04-02,0,2020-04-02
92.1,82.0,341.0,3.29,11.2,28.0,0.7,0.1,14.2,10.5,2.2,9.2,9.5,0.3,12.8,0.6,30.4,30.3,1.2,5.7,1,63,1,A01125,A01125_2020-04-02,0,2020-04-02
88.6,46.0,124.0,4.65,12.2,29.9,0.2,0.0,13.6,1.7,0.0,13.9,48.4,0.0,3.8,0.3,33.7,41.2,1.8,5.3,0,46,1,A00499,A00499_2020-04-02,0,2020-04-02
88.2,82.1,153.0,4.9,10.8,30.2,0.1,0.0,12.5,3.2,0.0,14.8,15.3,0.0,3.9,0.3,34.3,43.2,0.6,2.3,0,50,1,A00798,A00798_2020-04-02,0,2020-04-02
90.9,83.2,232.0,4.27,12.5,30.0,0.2,0.0,13.7,4.9,0.3,12.8,13.4,0.0,5.9,0.2,33.0,38.8,0.8,2.9,0,76,0,A00297,A00297_2020-04-02,0,2020-04-02
74.05,93.0,397.0,3.95,9.7,23.05,0.3,0.0,16.75,15.1,0.0,9.100000000000001,4.8,0.0,14.65,0.1,31.1,29.25,0.8,2.1,1,64,1,A00915,A00915_2020-04-02,1,2020-04-02
94.6,69.8,210.0,2.98,10.4,29.5,1.2,0.0,14.5,6.3,1.9,8.8,14.3,0.2,9.0,0.4,31.2,28.2,1.3,13.6,1,76,1,A00726,A00726_2020-04-02,0,2020-04-02
104.0,85.7,386.0,3.54,12.2,29.7,1.0,0.1,16.7,15.0,1.2,10.5,7.1,0.2,17.5,0.5,28.5,36.8,1.2,5.5,1,67,1,A00349,A00349_2020-04-02,0,2020-04-02
83.9,53.1,280.0,5.14,10.7,28.2,0.5,0.1,13.1,2.9,12.7,14.5,24.1,0.7,5.4,1.1,33.6,43.1,1.3,9.0,0,33,1,A00990,A00990_2020-04-02,0,2020-04-02
82.6,57.5,630.0,5.28,8.8,29.0,1.2,0.0,12.1,4.3,2.4,15.3,24.4,0.2,7.5,0.3,35.1,43.6,1.8,15.4,0,47,1,A00819,A00819_2020-04-02,0,2020-04-02
83.4,78.1,185.0,4.46,10.4,29.6,0.2,0.0,11.9,4.4,0.0,13.2,18.0,0.0,5.6,0.2,35.5,37.2,1.0,3.7,0,58,1,A01434,A01434_2020-04-02,0,2020-04-02
85.4,63.8,332.0,4.71,10.0,28.9,0.6,0.0,12.8,4.2,1.1,13.6,26.2,0.1,6.6,0.5,33.8,40.2,1.7,8.4,0,45,0,A01685,A01685_2020-04-02,0,2020-04-02
85.7,91.0,499.0,4.4,9.1,30.2,0.6,0.0,11.9,14.8,0.0,13.3,5.3,0.0,16.3,0.1,35.3,37.7,0.9,3.6,0,60,1,A00774,A00774_2020-04-02,0,2020-04-02
98.3,94.8,172.0,3.43,12.1,30.9,0.4,0.0,14.2,19.7,0.1,10.6,3.0,0.0,20.8,0.1,31.5,33.7,0.6,2.0,1,72,1,A01289,A01289_2020-04-02,0,2020-04-02
85.8,77.9,258.0,3.24,11.3,28.1,0.4,0.0,14.2,3.7,1.7,9.1,11.9,0.1,4.8,0.6,32.7,27.8,0.6,7.9,0,55,1,A01465,A01465_2020-04-02,0,2020-04-02
82.1,,308.6666666666667,3.57,11.86666666666667,25.23333333333333,,,20.33333333333333,,,9.0,,,14.33333333333333,,30.7,29.3,,,1,62,0,A01331,A01331_2020-04-02,1,2020-04-02
94.6,69.8,210.0,2.98,10.4,29.5,1.2,0.0,14.5,6.3,1.9,8.8,14.3,0.2,9.0,0.4,31.2,28.2,1.3,13.6,1,82,0,A00708,A00708_2020-04-02,0,2020-04-02
91.5,74.1,277.0,4.7,10.4,27.7,0.2,0.0,13.8,6.1,0.2,13.0,23.4,0.0,8.2,0.1,30.2,43.0,1.9,2.2,0,85,1,A01456,A01456_2020-04-02,0,2020-04-02
79.7,71.4,210.0,6.02,11.5,27.1,0.8,0.0,13.2,5.6,0.1,16.3,18.5,0.0,7.9,0.4,34.0,48.0,1.5,9.6,0,63,1,A01055,A01055_2020-04-02,0,2020-04-02
87.9,58.1,439.0,4.2,10.0,29.3,0.6,0.0,13.2,2.9,1.4,12.3,27.7,0.1,5.0,0.4,33.3,36.9,1.4,12.4,0,47,1,A00370,A00370_2020-04-02,0,2020-04-02
74.15,73.25,425.5,3.71,9.899999999999999,21.85,1.5,0.1,25.1,7.7,0.15,8.1,11.8,0.0,10.45,0.55,29.45,27.5,1.2,14.25,0,53,1,A00716,A00716_2020-04-02,0,2020-04-02
89.0,,208.0,3.26,10.7,28.5,,,17.0,,,9.3,,,10.7,,32.1,29.0,,,1,71,0,A00667,A00667_2020-04-02,0,2020-04-02
87.0,80.8,191.0,4.76,10.1,29.8,0.2,0.0,12.1,5.3,0.0,14.2,15.5,0.0,6.5,0.2,34.3,41.4,1.0,3.5,0,52,0,A00565,A00565_2020-04-02,0,2020-04-02
88.8,82.9,213.0,2.76,11.3,29.0,1.1,0.1,16.0,15.8,6.3,8.0,4.8,1.2,19.0,0.4,32.7,24.5,0.9,5.6,1,70,0,A01393,A01393_2020-04-02,0,2020-04-02
95.3,82.8,117.0,3.44,10.9,30.5,0.4,0.0,13.5,6.7,3.1,10.5,8.8,0.3,8.1,0.2,32.0,32.8,0.7,5.1,1,46,1,A00594,A00594_2020-04-02,0,2020-04-02
59.4,,141.0,4.83,,18.2,,,18.5,,,8.8,,,7.6,,30.7,28.7,,,1,65,1,A00507,A00507_2020-04-02,0,2020-04-02
91.25,80.6,302.5,3.38,9.149999999999999,29.45,1.0,0.1,16.25,9.3,0.4,9.95,10.1,0.0,13.7,0.6,32.25,30.85,1.2,8.3,1,48,0,A01688,A01688_2020-04-02,0,2020-04-02
88.0,80.0,78.0,4.1,12.7,30.7,0.3,0.0,13.2,3.0,3.1,12.6,8.6,0.1,3.8,0.5,34.9,36.1,0.3,7.8,0,82,1,A01360,A01360_2020-04-02,0,2020-04-02
98.4,58.7,98.0,3.04,12.0,31.6,0.9,0.1,14.3,5.8,3.0,9.6,28.1,0.3,9.9,0.7,32.1,29.9,2.8,9.5,0,89,0,A00162,A00162_2020-04-02,0,2020-04-02
90.5,85.2,197.0,3.69,9.9,30.4,0.6,0.0,13.4,8.6,0.0,11.2,8.7,0.0,10.1,0.2,33.5,33.4,0.9,5.9,0,81,1,A00650,A00650_2020-04-02,0,2020-04-02
60.5,92.6,830.0,5.49,9.8,19.3,0.4,0.1,15.2,13.9,0.9,10.6,3.5,0.1,15.0,0.5,31.9,33.2,0.5,2.5,1,69,1,A01129,A01129_2020-04-02,0,2020-04-02
84.1,66.1,496.0,4.66,10.6,29.4,0.9,0.1,13.1,4.9,2.7,13.7,17.9,0.2,7.4,0.7,34.9,39.2,1.3,12.6,0,58,1,A00085,A00085_2020-04-02,0,2020-04-02
85.3,75.5,229.0,4.49,10.9,28.1,0.7,0.0,13.2,7.2,1.7,12.6,14.8,0.2,9.5,0.2,32.9,38.3,1.4,7.8,0,86,1,A01437,A01437_2020-04-02,0,2020-04-02
87.3,86.3,222.0,3.94,9.5,31.7,0.2,0.0,14.6,5.2,0.0,12.5,9.8,0.0,6.0,0.2,36.3,34.4,0.6,3.7,0,82,0,A00989,A00989_2020-04-02,0,2020-04-02
62.7,84.5,412.0,4.72,10.4,19.3,0.8,0.0,17.5,9.5,0.2,9.1,8.0,0.0,11.3,0.4,30.7,29.6,0.9,6.9,0,54,1,A00660,A00660_2020-04-02,0,2020-04-02
84.6,87.7,456.0,4.82,9.4,27.4,1.1,0.1,14.9,16.6,0.3,13.2,5.7,0.1,18.9,0.6,32.4,40.8,1.1,5.7,1,65,1,A00060,A00060_2020-04-02,0,2020-04-02
81.3,58.5,392.0,5.71,10.5,27.1,0.9,0.1,17.0,4.7,7.0,15.5,22.6,0.6,8.1,1.1,33.4,46.4,1.8,10.8,0,39,1,A01387,A01387_2020-04-02,0,2020-04-02
87.9,,214.0,4.12,10.9,30.6,,,12.0,,,12.6,,,18.4,,34.8,36.2,,,0,78,0,A00931,A00931_2020-04-02,0,2020-04-02
96.8,87.9,322.0,3.79,10.3,31.7,0.3,0.0,13.6,6.0,0.0,12.0,8.3,0.0,6.8,0.1,32.7,36.7,0.6,3.7,0,79,1,A01385,A01385_2020-04-02,0,2020-04-02
87.9,85.7,251.0,4.22,11.2,30.3,1.2,0.0,13.1,13.7,0.0,12.8,6.3,0.0,16.0,0.2,34.5,37.1,1.0,7.8,0,54,1,A01442,A01442_2020-04-02,0,2020-04-02
92.3,78.8,308.0,4.15,9.9,28.4,0.9,0.0,12.5,6.0,3.9,11.8,5.5,0.3,7.6,0.1,30.8,38.3,0.4,11.7,1,49,1,A01067,A01067_2020-04-02,0,2020-04-02
88.3,65.2,149.0,4.43,11.5,29.3,0.3,0.0,16.1,2.0,2.0,13.0,22.6,0.1,3.1,1.0,33.2,39.1,0.7,9.2,0,85,1,A01643,A01643_2020-04-02,0,2020-04-02
94.5,78.0,136.0,3.25,11.5,29.8,0.4,0.0,12.2,4.5,3.4,9.7,10.5,0.2,5.8,0.5,31.6,30.7,0.6,7.6,1,57,1,A01443,A01443_2020-04-02,0,2020-04-02
84.0,49.7,308.0,4.31,10.5,27.4,0.7,0.0,13.8,2.4,1.0,11.8,34.3,0.0,4.9,0.2,32.6,36.2,1.7,14.8,0,56,0,A01044,A01044_2020-04-02,0,2020-04-02
76.6,44.6,598.0,4.32,9.8,24.3,0.9,0.1,17.2,2.9,3.9,10.5,37.2,0.2,6.4,0.8,31.7,33.1,2.4,13.5,0,65,0,A01054,A01054_2020-04-02,0,2020-04-02
81.7,44.5,218.0,4.54,11.7,27.3,0.1,0.0,12.8,0.5,0.0,12.4,47.9,0.0,1.2,0.0,33.4,37.1,0.6,7.6,0,54,1,A01154,A01154_2020-04-02,0,2020-04-02
95.0,85.6,273.0,2.99,10.7,28.1,0.7,0.1,14.6,11.8,1.6,8.4,7.5,0.2,13.8,0.4,29.6,28.4,1.0,4.9,1,61,0,A01144,A01144_2020-04-02,1,2020-04-02
84.7,62.4,322.0,3.59,9.9,26.5,0.8,0.0,17.9,4.3,1.0,9.5,25.0,0.1,6.9,0.7,31.3,30.4,1.7,10.9,0,61,0,A00690,A00690_2020-04-02,0,2020-04-02
88.7,66.4,238.0,5.42,9.9,30.4,0.8,0.0,12.2,5.0,0.7,16.5,21.5,0.1,7.6,0.5,34.3,48.1,1.6,10.9,0,54,1,A00757,A00757_2020-04-02,0,2020-04-02
90.6,77.2,369.0,4.46,10.2,28.3,0.6,0.1,14.2,7.9,4.4,12.6,12.1,0.4,10.2,0.7,31.2,40.4,1.2,5.6,1,49,1,A00359,A00359_2020-04-02,0,2020-04-02
91.3,61.6,336.0,3.79,11.0,29.8,0.6,0.0,13.3,5.1,2.2,11.3,28.4,0.2,8.2,0.5,32.7,34.6,2.3,7.3,0,71,1,A00039,A00039_2020-04-02,0,2020-04-02
83.95,82.6,249.5,5.68,10.85,26.75,0.7,0.0,13.35,10.65,0.35,15.2,11.3,0.05,12.9,0.2,31.85,47.7,1.45,5.55,0,82,1,A00326,A00326_2020-04-02,0,2020-04-02
89.0,,208.0,3.26,10.7,28.5,,,17.0,,,9.3,,,10.7,,32.1,29.0,,,1,70,1,A00668,A00668_2020-04-02,0,2020-04-02
88.5,75.6,408.0,4.59,9.7,30.3,0.4,0.0,12.7,5.9,2.7,13.9,17.1,0.2,7.8,0.1,34.2,40.6,1.3,4.5,1,51,1,A00051,A00051_2020-04-02,0,2020-04-02
92.3,,378.3333333333333,3.463333333333333,12.83333333333333,29.26666666666667,,,15.63333333333333,,,10.13333333333333,,,22.36666666666666,,31.73333333333333,31.96666666666667,,,1,45,1,A01599,A01599_2020-04-02,0,2020-04-02
85.1,93.4,314.0,3.89,11.2,28.0,0.6,0.1,15.0,17.9,0.0,10.9,3.2,0.0,19.2,0.3,32.9,33.1,0.6,3.1,1,65,0,A01086,A01086_2020-04-02,0,2020-04-02
94.9,69.4,298.0,3.89,9.4,30.1,1.2,0.0,14.2,8.5,2.7,11.7,17.5,0.3,12.2,0.4,31.7,36.9,2.1,10.0,0,87,0,A01018,A01018_2020-04-02,0,2020-04-02
84.4,60.0,337.0,4.48,10.4,28.6,0.4,0.0,11.9,3.1,1.2,12.8,29.4,0.1,5.1,0.6,33.9,37.8,1.5,8.8,0,62,0,A01618,A01618_2020-04-02,0,2020-04-02
104.8,,100.0,4.63,13.1,31.3,,,13.4,,,14.5,,,23.0,,29.9,48.5,,,1,71,1,A01048,A01048_2020-04-02,0,2020-04-02
,,,,,,,,,,,,,,,,,,,,0,67,1,A00498,A00498_2020-04-02,0,2020-04-02
83.56666666666666,,307.3333333333333,3.836666666666666,9.333333333333334,27.96666666666667,,,20.16666666666667,,,10.73333333333333,,,18.0,,33.46666666666667,32.06666666666667,,,1,76,1,A00986,A00986_2020-04-02,0,2020-04-02
87.9,53.7,69.0,3.39,12.2,28.3,0.4,0.0,14.7,2.7,1.2,9.6,36.5,0.1,5.0,0.2,32.2,29.8,1.8,8.4,0,79,1,A01169,A01169_2020-04-02,0,2020-04-02
84.0,71.8,184.0,5.0,10.9,27.8,0.5,0.0,14.6,4.4,1.8,13.9,18.7,0.1,6.1,0.3,33.1,42.0,1.1,7.4,0,79,1,A00979,A00979_2020-04-02,0,2020-04-02
56.1,87.7,92.0,7.06,,19.3,0.6,0.0,20.2,10.2,0.0,13.6,6.6,0.0,11.6,0.2,34.3,39.6,0.8,5.5,1,61,1,A00111,A00111_2020-04-02,0,2020-04-02
89.2,67.6,214.0,5.26,10.0,30.4,0.8,0.0,12.8,3.8,0.7,16.0,17.1,0.0,5.6,0.2,34.1,46.9,1.0,14.4,0,52,1,A01524,A01524_2020-04-02,0,2020-04-02
97.6,,205.0,4.12,11.1,30.8,,,14.2,,,12.7,,,15.4,,31.6,40.2,,,1,54,1,A01316,A01316_2020-04-02,1,2020-04-02
87.9,71.6,303.0,3.73,11.7,29.5,0.8,0.1,13.0,6.1,4.3,11.0,14.3,0.4,8.5,0.9,33.5,32.8,1.2,8.9,0,55,1,A01270,A01270_2020-04-02,0,2020-04-02
87.4,72.8,397.0,4.13,9.7,29.3,0.8,0.0,12.4,4.3,0.7,12.1,12.2,0.0,5.9,0.3,33.5,36.1,0.7,14.0,0,69,0,A01527,A01527_2020-04-02,0,2020-04-02
82.2,35.3,198.0,5.05,11.9,29.5,0.3,0.0,11.8,0.7,6.8,14.9,39.6,0.1,1.9,1.6,35.9,41.5,0.8,16.7,0,49,1,A00651,A00651_2020-04-02,0,2020-04-02
82.3,71.0,361.0,4.23,9.6,28.4,0.8,0.0,13.3,3.8,0.9,12.0,13.6,0.0,5.4,0.2,34.5,34.8,0.7,14.3,0,55,1,A01445,A01445_2020-04-02,0,2020-04-02
89.9,79.7,747.0,5.05,9.2,31.7,0.4,0.0,11.8,6.1,4.7,16.0,10.1,0.4,7.7,0.3,35.2,45.4,0.8,5.2,1,49,1,A01274,A01274_2020-04-02,0,2020-04-02
85.0,32.6,175.0,5.0,11.6,28.6,0.5,0.0,12.5,1.3,0.5,14.3,54.1,0.0,4.0,0.3,33.6,42.5,2.2,12.5,0,35,1,A00447,A00447_2020-04-02,0,2020-04-02
91.56,82.26666666666667,152.4,3.716,9.76,30.68,0.3333333333333333,0.0,16.8,5.633333333333333,2.133333333333333,11.4,10.1,0.1666666666666667,7.540000000000001,0.3333333333333333,33.48,34.02,0.6,5.166666666666667,0,80,0,A01278,A01278_2020-04-02,0,2020-04-02
88.5,85.2,540.0,4.08,11.2,29.4,1.6,0.0,11.6,13.2,0.0,12.0,4.3,0.0,15.5,0.3,33.2,36.1,0.7,10.2,0,53,0,A00451,A00451_2020-04-02,0,2020-04-02
86.7,67.2,261.0,5.05,10.4,30.3,0.4,0.0,13.2,4.9,0.4,15.3,26.3,0.0,7.3,0.3,34.9,43.8,1.9,5.8,0,59,1,A00107,A00107_2020-04-02,0,2020-04-02
93.4,86.5,425.0,3.33,11.7,27.3,1.8,0.1,20.6,25.4,2.1,9.1,4.9,0.6,29.4,0.5,29.3,31.1,1.4,6.0,1,61,1,A01628,A01628_2020-04-02,0,2020-04-02
91.3,77.6,242.0,4.13,9.8,29.8,0.5,0.0,14.7,6.8,0.5,12.3,16.4,0.0,8.7,0.1,32.6,37.7,1.4,5.4,0,83,1,A00672,A00672_2020-04-02,0,2020-04-02
95.9,60.7,307.0,3.42,13.6,30.1,1.1,0.1,15.8,6.3,8.9,10.3,19.6,0.9,10.3,0.5,31.4,32.8,2.0,10.3,0,79,1,A01364,A01364_2020-04-02,0,2020-04-02
98.2,,187.0,3.34,11.2,32.6,,,15.1,,,10.9,,,10.3,,33.2,32.8,,,0,56,1,A01480,A01480_2020-04-02,0,2020-04-02
90.30000000000001,75.45,195.5,4.49,9.9,31.75,0.3,0.0,12.95,4.0,0.1,14.25,18.5,0.0,5.300000000000001,0.6499999999999999,35.15,40.55,1.0,5.3,0,58,1,A00976,A00976_2020-04-02,0,2020-04-02
104.1,90.2,309.0,3.18,10.4,32.7,0.5,0.0,14.6,8.3,0.4,10.4,3.9,0.0,9.2,0.2,31.4,33.1,0.4,5.3,1,58,1,A01439,A01439_2020-04-02,0,2020-04-02
83.9,76.5,692.0,4.42,9.7,27.8,0.9,0.1,13.8,6.8,0.8,12.3,11.8,0.1,8.9,0.9,33.2,37.1,1.1,10.0,0,80,1,A00693,A00693_2020-04-02,0,2020-04-02
91.0,,315.0,4.32,10.2,29.6,,,13.6,,,12.8,,,13.6,,32.6,39.3,,,1,70,1,A01267,A01267_2020-04-02,0,2020-04-02
88.9,57.6,360.0,4.04,10.0,28.7,0.7,0.1,12.7,3.4,3.4,11.6,25.8,0.2,5.9,1.0,32.3,35.9,1.5,12.2,0,67,0,A00568,A00568_2020-04-02,0,2020-04-02
96.3,86.3,579.0,4.56,10.9,29.8,0.9,0.0,14.0,10.4,0.0,13.6,6.3,0.0,12.1,0.3,31.0,43.9,0.8,7.1,1,62,1,A01435,A01435_2020-04-02,0,2020-04-02
88.0,80.0,78.0,4.1,12.7,30.7,0.3,0.0,13.2,3.0,3.1,12.6,8.6,0.1,3.8,0.5,34.9,36.1,0.3,7.8,0,21,0,A01253,A01253_2020-04-02,0,2020-04-02
87.1,62.6,152.0,4.95,11.1,30.3,1.0,0.0,11.9,5.1,1.2,15.0,24.5,0.1,8.2,0.1,34.8,43.1,2.0,11.6,0,61,1,A00980,A00980_2020-04-03,0,2020-04-03
84.3,82.5,227.0,4.39,11.0,29.2,0.2,0.0,11.9,4.0,0.2,12.8,12.6,0.0,4.9,0.2,34.6,37.0,0.6,4.5,0,58,1,A01434,A01434_2020-04-03,0,2020-04-03
99.4,49.55,163.0,3.195,10.0,33.5,0.5,0.0,14.65,1.65,0.5,10.7,35.05,0.0,3.3,0.75,33.7,31.75,1.15,14.15,0,69,1,A00227,A00227_2020-04-03,0,2020-04-03
90.6,,193.0,4.34,10.5,30.0,,,13.5,,,13.0,,,21.6,,33.1,39.3,,,0,92,1,A00460,A00460_2020-04-03,0,2020-04-03
87.0,79.5,182.0,3.61,12.8,29.6,0.3,0.0,,8.4,0.0,10.7,17.6,0.0,10.6,0.1,34.1,31.4,1.9,2.8,0,92,0,A01193,A01193_2020-04-03,0,2020-04-03
90.86666666666667,,336.0,3.563333333333333,13.13333333333333,29.46666666666667,,,15.66666666666667,,,10.5,,,19.26666666666667,,32.43333333333334,32.36666666666667,,,1,45,1,A01599,A01599_2020-04-03,0,2020-04-03
100.15,86.75,202.5,2.96,11.5,31.95,0.25,0.0,17.05,7.25,0.05,9.45,10.4,0.0,8.350000000000001,0.1,31.9,29.65,0.9,2.7,0,76,1,A01133,A01133_2020-04-03,0,2020-04-03
96.0,69.4,236.0,2.98,10.6,30.2,1.1,0.1,14.7,6.5,2.2,9.0,16.0,0.2,9.3,0.9,31.5,28.6,1.5,11.5,1,76,1,A00726,A00726_2020-04-03,0,2020-04-03
86.3,75.1,178.0,4.38,9.9,30.6,0.4,0.0,12.3,5.5,0.1,13.4,18.6,0.0,7.3,0.1,35.4,37.8,1.4,6.1,0,61,1,A00935,A00935_2020-04-03,0,2020-04-03
88.3,78.0,219.0,3.43,11.4,28.3,1.2,0.0,16.5,9.0,2.0,9.7,9.9,0.2,11.6,0.1,32.0,30.3,1.1,10.0,1,71,0,A00667,A00667_2020-04-03,0,2020-04-03
98.3,,574.0,3.29,11.76666666666667,29.83333333333333,,,14.53333333333333,,,9.799999999999999,,,15.3,,30.36666666666666,32.33333333333334,,,1,57,1,A01418,A01418_2020-04-03,0,2020-04-03
90.2,87.3,261.0,3.76,12.7,30.9,0.5,0.0,13.5,10.0,0.0,11.6,8.5,0.0,11.4,0.1,34.2,33.9,1.0,4.1,0,82,0,A00395,A00395_2020-04-03,0,2020-04-03
92.56666666666666,88.3,187.0,3.506666666666666,9.166666666666666,31.2,0.1,0.0,16.9,7.0,1.3,10.93333333333333,8.4,0.1,7.166666666666667,0.4,33.7,32.43333333333333,0.7,1.6,0,80,0,A01278,A01278_2020-04-03,0,2020-04-03
94.7,81.6,723.0,4.74,10.6,28.9,1.4,0.1,14.5,11.0,0.0,13.7,7.9,0.0,13.5,0.4,30.5,44.9,1.1,10.1,1,62,1,A01435,A01435_2020-04-03,0,2020-04-03
91.7,86.1,198.0,3.99,10.6,30.1,1.2,0.0,12.0,14.6,0.0,12.0,6.8,0.0,16.9,0.2,32.8,36.6,1.1,6.9,0,78,0,A00931,A00931_2020-04-03,0,2020-04-03
89.4,78.5,216.0,2.54,11.1,30.3,1.0,0.1,15.9,14.4,9.3,7.7,6.5,1.7,18.3,0.3,33.9,22.7,1.2,5.4,1,70,0,A01393,A01393_2020-04-03,0,2020-04-03
96.9,75.6,279.0,3.9,10.7,31.3,0.9,0.1,12.7,7.7,2.9,12.2,11.9,0.3,10.2,0.5,32.3,37.8,1.2,9.1,0,56,0,A00314,A00314_2020-04-03,0,2020-04-03
87.1,72.6,248.0,3.87,10.0,28.7,0.1,0.0,13.0,2.5,0.6,11.1,23.0,0.0,3.4,0.3,32.9,33.7,0.8,3.5,0,55,0,A00723,A00723_2020-04-03,0,2020-04-03
99.6,72.9,249.0,2.57,9.8,33.5,1.1,0.1,13.7,9.3,2.7,8.6,15.2,0.3,12.7,0.6,33.6,25.6,1.9,8.6,0,97,1,A00885,A00885_2020-04-03,0,2020-04-03
93.2,54.9,191.0,4.43,12.8,29.8,0.8,0.0,13.5,4.3,0.9,13.2,33.8,0.1,7.9,0.3,32.0,41.3,2.7,10.1,0,59,1,A01280,A01280_2020-04-03,0,2020-04-03
87.0,53.1,224.0,4.4,10.8,28.9,0.8,0.1,12.5,4.1,1.6,12.7,34.6,0.1,7.7,0.9,33.2,38.3,2.7,9.8,0,50,1,A01369,A01369_2020-04-03,0,2020-04-03
90.3,,215.0,4.44,10.3,30.6,,,17.5,,,13.6,,,8.4,,33.9,40.1,,,0,75,0,A00019,A00019_2020-04-03,0,2020-04-03
89.2,,193.0,3.61,11.5,31.0,,,12.7,,,11.2,,,10.8,,34.8,32.2,,,1,59,0,A00495,A00495_2020-04-03,0,2020-04-03
86.7,57.3,267.0,4.72,11.5,28.6,0.6,0.1,13.6,5.1,5.2,13.5,29.8,0.5,8.9,0.9,33.0,40.9,2.7,6.8,0,83,0,A00167,A00167_2020-04-03,0,2020-04-03
84.8,77.7,166.0,3.61,12.2,27.7,0.7,0.0,13.7,5.4,1.6,10.0,10.2,0.1,6.9,0.3,32.7,30.6,0.7,10.2,0,85,0,A01099,A01099_2020-04-03,0,2020-04-03
94.6,73.8,102.0,3.5,11.6,30.9,0.4,0.0,13.5,5.2,4.6,10.8,15.1,0.3,7.1,0.3,32.6,33.1,1.1,6.2,1,46,1,A00594,A00594_2020-04-03,0,2020-04-03
87.3,77.4,318.0,4.57,8.6,29.5,0.9,0.1,12.1,6.5,0.5,13.5,10.4,0.0,8.4,0.6,33.8,39.9,0.9,11.1,0,63,1,A00286,A00286_2020-04-03,0,2020-04-03
94.2,70.3,256.0,4.45,10.6,31.5,1.3,0.2,12.8,8.5,1.9,14.0,15.4,0.2,12.1,1.3,33.4,41.9,1.9,11.1,0,80,1,A00117,A00117_2020-04-03,0,2020-04-03
85.8,35.8,258.0,4.43,11.4,28.4,1.1,0.1,12.8,3.2,13.6,12.6,37.9,1.2,8.9,0.8,33.2,38.0,3.4,11.9,0,49,1,A00084,A00084_2020-04-03,0,2020-04-03
84.9,75.0,492.0,4.16,11.2,29.1,0.9,0.0,12.6,6.3,0.0,12.1,14.7,0.0,8.4,0.0,34.3,35.3,1.2,10.3,0,52,0,A01533,A01533_2020-04-03,0,2020-04-03
89.0,69.3,323.0,3.27,10.4,29.4,0.7,0.0,13.4,4.7,2.8,9.6,17.2,0.2,6.8,0.4,33.0,29.1,1.2,10.3,0,77,1,A00699,A00699_2020-04-03,0,2020-04-03
86.4,46.1,350.0,4.25,10.0,28.2,0.6,0.0,14.2,2.2,2.5,12.0,39.2,0.1,4.8,0.4,32.7,36.7,1.9,11.8,0,69,1,A00398,A00398_2020-04-03,0,2020-04-03
73.69999999999999,86.5,360.0,3.995,9.8,23.3,0.35,0.0,16.55,8.7,0.0,9.3,9.9,0.0,10.1,0.05,31.55,29.45,1.0,3.55,1,64,1,A00915,A00915_2020-04-03,1,2020-04-03
89.1,82.6,202.0,4.69,11.6,29.0,1.2,0.0,14.3,8.8,0.2,13.6,5.9,0.0,10.7,0.2,32.5,41.8,0.6,11.1,1,56,1,A00050,A00050_2020-04-03,0,2020-04-03
89.5,58.6,188.0,3.9,10.9,31.0,1.0,0.1,12.3,4.4,4.7,12.1,22.8,0.4,7.5,1.1,34.7,34.9,1.7,12.8,0,60,1,A01473,A01473_2020-04-03,0,2020-04-03
89.3,57.0,242.0,4.22,11.5,30.6,1.3,0.0,13.8,8.1,0.0,12.9,19.0,0.0,14.2,0.0,34.2,37.7,2.7,9.0,0,78,1,A01474,A01474_2020-04-03,0,2020-04-03
92.2,84.1,352.0,3.2,11.3,28.4,0.9,0.1,13.9,13.0,2.2,9.1,7.0,0.3,15.5,0.8,30.8,29.5,1.1,5.9,1,63,1,A01125,A01125_2020-04-03,0,2020-04-03
87.6,62.9,415.0,4.68,10.1,29.3,0.5,0.0,12.4,2.6,3.1,13.7,20.1,0.1,4.2,0.9,33.4,41.0,0.8,13.0,0,60,1,A01271,A01271_2020-04-03,0,2020-04-03
90.2,69.7,212.0,3.05,11.1,27.9,0.8,0.0,18.2,4.4,3.3,8.5,14.0,0.2,6.3,0.6,30.9,27.5,0.9,12.4,0,81,0,A00316,A00316_2020-04-03,0,2020-04-03
90.9,83.4,130.0,3.74,11.6,29.9,0.3,0.0,12.5,3.5,0.0,11.2,8.9,0.0,4.2,0.2,32.9,34.0,0.4,7.5,0,88,0,A01636,A01636_2020-04-03,0,2020-04-03
87.0,53.1,224.0,4.4,10.8,28.9,0.8,0.1,12.5,4.1,1.6,12.7,34.6,0.1,7.7,0.9,33.2,38.3,2.7,9.8,0,57,1,A01422,A01422_2020-04-03,0,2020-04-03
95.1,90.9,290.0,2.64,10.4,29.2,0.4,0.0,13.6,12.2,0.7,7.7,5.1,0.1,13.4,0.1,30.7,25.1,0.7,3.2,1,61,0,A01144,A01144_2020-04-03,1,2020-04-03
91.4,66.4,194.0,4.2,10.2,30.7,0.7,0.0,12.0,5.7,1.9,12.9,23.1,0.2,8.6,0.4,33.6,38.4,2.0,8.2,0,34,0,A00196,A00196_2020-04-03,0,2020-04-03
100.0,76.2,348.0,3.43,12.2,30.0,1.0,0.1,16.3,13.3,4.1,10.3,13.2,0.7,17.4,0.7,30.0,34.3,2.3,5.8,1,67,1,A00349,A00349_2020-04-03,0,2020-04-03
85.0,47.2,418.0,4.33,11.1,27.9,1.0,0.1,14.0,3.1,1.8,12.1,34.9,0.1,6.6,0.9,32.9,36.8,2.3,15.2,0,49,1,A01482,A01482_2020-04-03,0,2020-04-03
88.7,68.2,469.0,4.79,10.4,29.9,0.4,0.0,12.3,4.9,4.2,14.3,21.1,0.3,7.2,0.4,33.6,42.5,1.5,6.1,1,51,1,A00051,A00051_2020-04-03,0,2020-04-03
96.1,94.2,27.0,4.06,13.2,33.3,0.2,0.0,12.3,8.6,0.0,13.5,3.4,0.0,9.1,0.2,34.6,39.0,0.3,2.2,0,87,1,A01026,A01026_2020-04-03,0,2020-04-03
94.2,91.4,179.0,3.64,12.5,30.5,0.2,0.1,13.9,11.0,0.6,11.1,5.6,0.1,12.0,0.7,32.4,34.3,0.7,1.7,1,72,1,A01289,A01289_2020-04-03,0,2020-04-03
90.5,78.4,382.0,3.17,10.1,32.2,0.9,0.0,14.0,9.2,3.2,10.2,10.1,0.4,11.7,0.3,35.5,28.7,1.2,8.0,0,81,0,A00758,A00758_2020-04-03,0,2020-04-03
91.8,60.9,305.0,4.04,10.9,30.7,0.8,0.1,12.3,4.9,4.0,12.4,24.7,0.3,8.1,1.0,33.4,37.1,2.0,9.4,0,76,1,A01378,A01378_2020-04-03,0,2020-04-03
85.7,84.2,619.0,5.18,9.3,29.5,0.6,0.0,13.0,6.6,0.0,15.3,8.0,0.0,7.8,0.3,34.5,44.4,0.6,7.5,0,67,1,A01217,A01217_2020-04-03,0,2020-04-03
94.0,71.4,186.0,3.17,9.6,30.6,0.8,0.0,15.0,5.4,2.9,9.7,15.0,0.2,7.6,0.5,32.6,29.8,1.1,10.2,0,76,1,A00982,A00982_2020-04-03,0,2020-04-03
86.8,90.0,341.0,3.65,11.4,28.5,1.1,0.2,15.1,20.9,0.0,10.4,4.6,0.0,23.2,0.7,32.8,31.7,1.1,4.7,1,65,0,A01086,A01086_2020-04-03,0,2020-04-03
86.6,88.9,253.0,4.91,10.3,29.3,0.6,0.0,13.2,9.6,0.0,14.4,5.8,0.0,10.8,0.1,33.9,42.5,0.6,5.2,0,60,1,A01176,A01176_2020-04-03,0,2020-04-03
99.3,61.1,183.0,4.04,10.8,30.7,0.6,0.0,13.0,4.2,4.1,12.4,25.0,0.3,6.8,0.4,30.9,40.1,1.7,9.4,0,95,1,A00713,A00713_2020-04-03,0,2020-04-03
84.3,56.1,281.0,5.11,10.3,29.2,0.5,0.0,12.0,3.8,1.8,14.9,34.8,0.1,6.8,0.4,34.6,43.1,2.4,6.9,0,44,1,A01587,A01587_2020-04-03,0,2020-04-03
94.5,56.8,296.0,3.25,9.4,31.1,0.6,0.0,12.9,2.6,4.8,10.1,25.9,0.2,4.6,0.2,32.9,30.7,1.2,12.3,0,74,0,A00021,A00021_2020-04-03,0,2020-04-03
86.2,67.4,213.0,5.38,10.9,29.4,0.5,0.0,12.0,4.9,1.8,15.8,23.7,0.1,7.3,0.4,34.1,46.4,1.7,6.7,0,46,1,A00958,A00958_2020-04-03,0,2020-04-03
85.0,47.2,418.0,4.33,11.1,27.9,1.0,0.1,14.0,3.1,1.8,12.1,34.9,0.1,6.6,0.9,32.9,36.8,2.3,15.2,0,67,0,A01455,A01455_2020-04-03,0,2020-04-03
87.6,,366.0,4.6,9.0,29.3,,,12.1,,,13.5,,,10.9,,33.5,40.3,,,0,54,1,A01642,A01642_2020-04-03,0,2020-04-03
84.5,84.9,186.0,4.33,9.5,30.0,0.4,0.0,12.3,7.0,0.0,13.0,10.4,0.0,8.3,0.1,35.5,36.6,0.9,4.6,0,26,1,A00199,A00199_2020-04-03,0,2020-04-03
97.1,41.5,340.0,3.06,10.7,32.0,0.7,0.0,11.8,2.3,7.6,9.8,36.8,0.4,5.5,0.5,33.0,29.7,2.0,13.6,0,66,1,A00015,A00015_2020-04-03,0,2020-04-03
88.2,84.0,148.0,4.68,10.5,29.5,1.0,0.0,14.8,10.4,0.1,13.8,8.1,0.0,12.4,0.1,33.4,41.3,1.0,7.7,0,90,0,A00912,A00912_2020-04-03,0,2020-04-03
81.0,74.0,340.0,3.48,10.1,26.7,0.8,0.0,13.2,5.4,0.5,9.3,14.3,0.0,7.3,0.1,33.0,28.2,1.0,11.1,0,57,0,A00813,A00813_2020-04-03,0,2020-04-03
83.76666666666667,,261.6666666666667,3.8,11.76666666666667,25.8,,,19.83333333333333,,,9.799999999999999,,,15.36666666666667,,30.76666666666667,31.83333333333333,,,1,62,0,A01331,A01331_2020-04-03,1,2020-04-03
91.3,83.4,186.0,4.14,11.9,29.0,0.7,0.1,12.9,8.8,1.9,12.0,6.7,0.2,10.5,0.9,31.7,37.8,0.7,7.1,0,85,1,A00950,A00950_2020-04-03,0,2020-04-03
90.7,47.0,121.0,3.88,10.9,29.9,0.4,0.0,12.8,1.6,3.0,11.6,40.0,0.1,3.5,0.0,33.0,35.2,1.4,10.0,0,68,1,A00336,A00336_2020-04-03,0,2020-04-03
87.1,79.4,284.0,5.75,11.1,29.0,1.7,0.0,12.7,16.8,0.3,16.7,12.1,0.1,21.1,0.2,33.3,50.1,2.6,8.0,0,67,1,A01476,A01476_2020-04-03,0,2020-04-03
98.0,72.7,410.0,4.46,10.4,28.7,0.8,0.1,14.9,7.4,2.7,12.8,16.2,0.3,10.2,0.6,29.3,43.7,1.7,7.8,1,49,1,A00359,A00359_2020-04-03,0,2020-04-03
78.2,51.7,372.0,5.13,11.1,26.3,1.0,0.1,13.8,3.3,2.0,13.5,30.3,0.1,6.4,1.1,33.7,40.1,1.9,14.9,0,46,1,A00865,A00865_2020-04-03,0,2020-04-03
81.0,61.6,306.0,4.78,9.4,26.4,1.1,0.1,13.9,6.3,10.9,12.6,16.4,1.1,10.3,0.8,32.6,38.7,1.7,10.3,0,70,0,A01619,A01619_2020-04-03,0,2020-04-03
86.0,87.9,302.0,4.87,9.4,29.6,0.4,0.0,12.3,6.1,0.0,14.4,6.3,0.0,6.9,0.1,34.4,41.9,0.4,5.7,0,46,1,A00052,A00052_2020-04-03,0,2020-04-03
86.2,59.8,212.0,4.27,11.2,28.6,0.8,0.0,12.3,2.9,0.2,12.2,23.3,0.0,4.8,0.6,33.2,36.8,1.1,16.1,0,76,0,A00137,A00137_2020-04-03,0,2020-04-03
90.9,76.8,168.0,3.53,10.4,30.3,0.4,0.0,12.4,4.5,5.1,10.7,11.1,0.3,5.9,0.3,33.3,32.1,0.7,6.7,1,57,1,A01443,A01443_2020-04-03,0,2020-04-03
84.9,43.2,252.0,4.85,10.6,28.0,0.6,0.0,12.2,2.1,0.6,13.6,43.1,0.0,4.9,0.2,33.0,41.2,2.1,12.9,0,48,1,A00281,A00281_2020-04-03,0,2020-04-03
94.1,,348.0,4.37,10.4,29.5,,,13.7,,,12.9,,,14.6,,31.4,41.1,,,1,70,1,A01267,A01267_2020-04-03,0,2020-04-03
87.6,54.9,135.0,2.9,9.0,27.6,0.5,0.0,16.3,1.3,0.8,8.0,23.0,0.0,2.4,0.4,31.5,25.4,0.6,20.9,1,67,1,A00866,A00866_2020-04-03,0,2020-04-03
,,,,,,,,,,,,,,,,,,,,0,61,1,A00682,A00682_2020-04-03,0,2020-04-03
88.0,89.6,265.0,4.18,9.6,28.5,0.3,0.0,14.6,4.7,0.0,11.9,4.6,0.0,5.3,0.2,32.3,36.8,0.2,5.6,0,91,0,A00671,A00671_2020-04-03,0,2020-04-03
85.7,75.7,242.0,5.81,10.6,28.6,0.6,0.0,12.2,5.2,0.0,16.6,16.2,0.0,6.9,0.1,33.3,49.8,1.1,8.0,0,59,1,A01024,A01024_2020-04-03,0,2020-04-03
61.8,91.1,855.0,5.44,9.8,19.7,0.3,0.1,15.9,15.3,3.2,10.7,3.9,0.5,16.8,0.3,31.8,33.6,0.7,1.5,1,69,1,A01129,A01129_2020-04-03,0,2020-04-03
95.9,27.8,157.0,3.2,10.7,32.2,0.4,0.0,12.1,1.4,0.6,10.3,63.4,0.0,5.0,0.2,33.6,30.7,3.2,8.0,0,52,1,A00544,A00544_2020-04-03,0,2020-04-03
84.9,43.2,252.0,4.85,10.6,28.0,0.6,0.0,12.2,2.1,0.6,13.6,43.1,0.0,4.9,0.2,33.0,41.2,2.1,12.9,0,63,1,A00219,A00219_2020-04-03,0,2020-04-03
95.5,,252.0,3.81,11.0,30.7,,,14.0,,,11.7,,,7.3,,32.1,36.4,,,0,75,1,A00421,A00421_2020-04-03,0,2020-04-03
95.0,85.7,212.0,5.16,12.7,30.6,2.0,0.1,12.2,20.1,0.3,15.8,5.0,0.1,23.4,0.3,32.2,49.0,1.2,8.7,1,80,1,A00341,A00341_2020-04-03,0,2020-04-03
64.4,65.1,154.0,6.06,,20.3,0.7,0.1,23.8,5.7,10.9,12.3,14.9,1.0,8.8,1.0,31.5,39.0,1.3,8.1,0,65,1,A00507,A00507_2020-04-03,0,2020-04-03
93.5,69.8,184.0,3.97,11.2,30.2,0.3,0.0,13.7,3.2,1.7,12.0,21.1,0.1,4.6,0.2,32.3,37.1,1.0,7.2,0,88,0,A00972,A00972_2020-04-03,0,2020-04-03
85.5,74.6,144.0,4.0,11.5,29.8,1.0,0.0,13.2,7.1,1.2,11.9,13.8,0.1,9.5,0.2,34.8,34.2,1.3,10.2,0,69,1,A01287,A01287_2020-04-03,0,2020-04-03
88.1,84.2,199.0,4.54,13.1,29.1,0.9,0.1,13.2,8.8,0.7,13.2,6.1,0.1,10.4,0.6,33.0,40.0,0.6,8.4,0,81,1,A00937,A00937_2020-04-03,0,2020-04-03
88.1,80.0,425.0,4.29,11.6,28.2,1.5,0.1,13.2,14.2,1.5,12.1,9.6,0.3,17.8,0.6,32.0,37.8,1.7,8.3,0,58,1,A01556,A01556_2020-04-03,0,2020-04-03
100.0,83.4,424.0,2.82,12.4,27.3,2.6,0.0,20.4,24.8,0.1,7.7,7.6,0.0,29.7,0.1,27.3,28.2,2.3,8.8,1,61,1,A01628,A01628_2020-04-03,0,2020-04-03
92.0,78.3,420.0,3.76,10.2,27.4,0.5,0.1,15.1,6.2,2.3,10.3,11.8,0.2,7.9,0.8,29.8,34.6,0.9,6.8,0,75,1,A00692,A00692_2020-04-03,0,2020-04-03
89.1,45.8,1019.5,4.27,8.6,29.95,0.9500000000000001,0.1,13.45,2.55,2.05,12.8,33.7,0.1,5.6,1.7,33.65000000000001,38.05,1.9,16.75,0,53,1,A00501,A00501_2020-04-03,0,2020-04-03
79.5,75.2,371.0,3.76,9.7,25.5,1.1,0.1,16.1,7.8,1.0,9.6,11.8,0.1,10.4,1.0,32.1,29.9,1.2,11.0,0,61,0,A01122,A01122_2020-04-03,0,2020-04-03
85.5,67.6,167.0,5.3,11.5,29.1,0.4,0.0,12.3,3.9,0.2,15.4,24.8,0.0,5.7,0.2,34.0,45.3,1.4,7.2,0,38,1,A00083,A00083_2020-04-03,0,2020-04-03
100.0,92.85,77.0,4.985,13.45,30.7,0.6499999999999999,0.05,13.4,20.05,0.0,15.3,3.8,0.0,21.6,0.25,30.7,49.84999999999999,0.8,3.1,1,71,1,A01048,A01048_2020-04-03,0,2020-04-03
84.2,55.7,290.0,4.82,9.8,28.6,0.5,0.0,11.9,2.8,3.0,13.8,30.3,0.2,5.1,0.6,34.0,40.6,1.5,10.4,0,47,1,A00374,A00374_2020-04-03,0,2020-04-03
96.0,46.4,427.0,4.21,13.2,29.7,1.1,0.2,15.4,5.2,18.4,12.5,23.8,2.1,11.3,1.9,30.9,40.4,2.7,9.5,1,58,1,A00463,A00463_2020-04-03,0,2020-04-03
87.2,45.2,87.0,3.43,12.6,26.5,0.3,0.0,14.9,1.9,1.5,9.1,46.2,0.1,4.1,0.0,30.4,29.9,1.9,7.1,0,79,1,A01169,A01169_2020-04-03,0,2020-04-03
86.7,58.1,449.0,4.37,9.2,29.5,0.4,0.0,13.2,1.6,0.7,12.9,28.4,0.0,2.8,0.0,34.0,37.9,0.8,12.8,0,57,1,A00731,A00731_2020-04-03,0,2020-04-03
97.4,83.7,199.0,3.88,11.7,30.9,1.2,0.0,14.0,12.7,0.1,12.0,8.2,0.0,15.2,0.1,31.7,37.8,1.2,7.9,1,54,1,A01316,A01316_2020-04-03,1,2020-04-03
88.3,78.0,219.0,3.43,11.4,28.3,1.2,0.0,16.5,9.0,2.0,9.7,9.9,0.2,11.6,0.1,32.0,30.3,1.1,10.0,1,70,1,A00668,A00668_2020-04-03,0,2020-04-03
83.8,75.4,170.0,4.63,10.3,28.1,0.3,0.0,12.4,2.3,0.3,13.0,15.0,0.0,3.0,0.0,33.5,38.8,0.5,9.3,0,46,0,A00787,A00787_2020-04-03,0,2020-04-03
83.7,91.0,367.0,4.67,9.8,28.7,0.7,0.0,12.5,15.8,0.0,13.4,4.8,0.0,17.4,0.2,34.3,39.1,0.8,4.0,0,17,0,A00555,A00555_2020-04-03,0,2020-04-03
94.1,92.5,366.0,3.71,13.0,31.0,1.8,0.1,15.7,30.3,0.0,11.5,1.5,0.0,32.8,0.4,33.0,34.9,0.5,5.6,1,72,1,A01338,A01338_2020-04-03,1,2020-04-03
77.4,60.1,349.0,4.96,9.8,24.8,0.8,0.0,15.5,5.8,0.3,12.3,31.5,0.0,9.6,0.1,32.0,38.4,3.0,8.0,0,49,0,A00820,A00820_2020-04-03,0,2020-04-03
85.0,47.2,418.0,4.33,11.1,27.9,1.0,0.1,14.0,3.1,1.8,12.1,34.9,0.1,6.6,0.9,32.9,36.8,2.3,15.2,0,49,1,A01483,A01483_2020-04-03,0,2020-04-03
91.9,92.3,253.0,4.55,12.3,29.5,1.2,0.1,13.3,25.8,0.0,13.4,3.2,0.0,27.9,0.2,32.1,41.8,0.9,4.3,0,77,1,A00586,A00586_2020-04-03,0,2020-04-03
87.19999999999999,74.75,226.5,3.65,9.100000000000001,27.85,0.3,0.0,13.3,4.8,0.4,10.15,19.7,0.0,6.449999999999999,0.25,31.9,31.8,1.25,4.9,0,62,0,A00306,A00306_2020-04-03,0,2020-04-03
86.8,87.0,435.0,4.68,9.5,27.6,1.4,0.1,15.5,18.4,0.6,12.9,5.2,0.1,21.2,0.5,31.8,40.6,1.1,6.7,1,65,1,A00060,A00060_2020-04-03,0,2020-04-03
89.2,59.1,242.0,3.98,12.7,29.6,0.6,0.0,14.2,4.3,5.5,11.8,26.5,0.4,7.3,0.4,33.2,35.5,1.9,8.5,0,54,1,A01478,A01478_2020-04-03,0,2020-04-03
105.2,76.3,208.0,3.47,10.1,30.5,0.5,0.0,18.8,6.2,11.7,10.6,5.1,0.9,8.1,0.6,29.0,36.5,0.4,6.3,1,79,1,A00907,A00907_2020-04-03,1,2020-04-03
96.0,69.4,236.0,2.98,10.6,30.2,1.1,0.1,14.7,6.5,2.2,9.0,16.0,0.2,9.3,0.9,31.5,28.6,1.5,11.5,1,82,0,A00708,A00708_2020-04-03,0,2020-04-03
92.4,50.3,340.0,4.62,10.5,30.3,0.7,0.0,12.6,3.5,1.3,14.0,38.1,0.1,7.0,0.7,32.8,42.7,2.7,9.6,0,60,1,A01432,A01432_2020-04-03,0,2020-04-03
80.3,78.2,268.0,4.72,9.9,25.4,1.8,0.0,17.4,17.8,0.6,12.0,12.9,0.1,22.8,0.2,31.7,37.9,2.9,8.1,0,88,1,A00762,A00762_2020-04-03,0,2020-04-03
85.7,66.1,189.0,5.05,11.4,29.7,0.5,0.0,12.1,3.3,0.2,15.0,22.5,0.0,5.0,0.4,34.6,43.3,1.1,10.8,0,29,1,A00676,A00676_2020-04-03,0,2020-04-03
92.1,86.1,182.0,4.82,9.5,33.2,0.4,0.0,12.1,7.4,0.0,16.0,9.1,0.0,8.6,0.1,36.0,44.4,0.8,4.7,0,61,1,A01273,A01273_2020-04-04,0,2020-04-04
88.1,,618.0,4.81,9.9,29.3,,,12.8,,,14.1,,,13.6,,33.3,42.4,,,1,56,1,A01547,A01547_2020-04-04,0,2020-04-04
88.6,86.6,348.0,4.48,9.4,28.8,0.9,0.1,14.1,11.8,0.0,12.9,6.2,0.0,13.6,0.4,32.5,39.7,0.8,6.8,0,88,0,A00363,A00363_2020-04-04,0,2020-04-04
98.5,87.2,347.0,3.88,9.9,32.0,0.3,0.0,14.2,7.2,0.0,12.4,8.5,0.0,8.3,0.1,32.5,38.2,0.7,4.2,0,79,1,A01385,A01385_2020-04-04,0,2020-04-04
90.5,88.6,259.0,5.39,10.4,30.1,0.3,0.1,17.8,9.7,0.0,16.2,7.8,0.0,10.9,0.9,33.2,48.8,0.9,2.7,0,75,0,A00019,A00019_2020-04-04,0,2020-04-04
96.59999999999998,,457.6666666666667,3.54,12.03333333333333,30.5,,,14.4,,,10.8,,,17.73333333333333,,31.6,34.2,,,1,57,1,A01418,A01418_2020-04-04,0,2020-04-04
94.5,87.8,205.0,3.45,9.9,31.3,0.0,0.0,16.7,5.2,1.7,10.8,9.3,0.1,5.9,0.5,33.1,32.6,0.5,0.7,0,80,0,A01278,A01278_2020-04-04,0,2020-04-04
74.9,88.1,402.0,4.18,9.8,23.7,0.4,0.0,16.7,9.8,0.1,9.9,8.5,0.0,11.1,0.0,31.6,31.3,0.9,3.3,1,64,1,A00915,A00915_2020-04-04,1,2020-04-04
92.9,87.0,108.0,3.36,11.1,30.4,0.3,0.0,14.2,6.1,1.6,10.2,6.6,0.1,7.0,0.1,32.7,31.2,0.5,4.7,1,46,1,A00594,A00594_2020-04-04,0,2020-04-04
98.3,61.5,170.0,3.54,11.0,31.4,0.6,0.0,12.8,3.8,3.9,11.1,24.3,0.2,6.2,0.6,31.9,34.8,1.5,9.7,0,95,1,A00713,A00713_2020-04-04,0,2020-04-04
87.7,69.1,212.0,3.82,9.8,28.0,0.5,0.0,13.3,6.1,1.8,10.7,23.7,0.2,8.9,0.3,31.9,33.5,2.1,5.1,0,62,0,A00306,A00306_2020-04-04,0,2020-04-04
94.4,66.9,219.0,2.88,11.0,30.2,0.8,0.0,15.7,4.7,3.2,8.7,17.9,0.2,7.1,0.7,32.0,27.2,1.3,11.3,0,74,1,A00102,A00102_2020-04-04,0,2020-04-04
83.2,68.5,524.0,4.4,9.4,27.7,0.7,0.0,13.2,3.6,1.9,12.2,15.1,0.1,5.2,0.4,33.3,36.6,0.8,14.1,0,55,1,A01445,A01445_2020-04-04,0,2020-04-04
91.6,66.0,128.0,2.97,11.5,30.0,0.3,0.0,16.8,2.7,4.6,8.9,20.7,0.2,4.1,0.7,32.7,27.2,0.8,8.0,0,73,1,A00512,A00512_2020-04-04,0,2020-04-04
85.1,68.0,160.0,4.71,10.1,29.1,0.2,0.0,11.4,1.8,0.0,13.7,26.0,0.0,2.7,0.0,34.2,40.1,0.7,6.0,0,47,1,A01664,A01664_2020-04-04,0,2020-04-04
83.6,36.4,29.0,4.63,13.6,27.4,0.6,0.1,11.7,1.9,4.3,12.7,46.0,0.2,5.1,1.0,32.8,38.7,2.3,12.3,0,54,1,A01363,A01363_2020-04-04,0,2020-04-04
88.5,84.0,151.0,5.32,9.9,29.7,0.6,0.0,13.1,7.8,0.0,15.8,10.0,0.0,9.3,0.0,33.5,47.1,0.9,6.0,0,68,1,A01396,A01396_2020-04-04,0,2020-04-04
85.86666666666667,79.9,257.0,3.396666666666667,11.93333333333333,27.66666666666667,2.1,0.0,19.6,22.8,3.3,9.4,9.2,0.9,28.93333333333333,0.1,32.26666666666667,29.16666666666667,2.6,7.5,1,61,1,A01628,A01628_2020-04-04,0,2020-04-04
94.2,85.1,232.0,5.52,12.3,30.3,1.8,0.1,12.2,17.3,0.3,16.7,5.5,0.1,20.3,0.3,32.1,52.0,1.1,8.8,1,80,1,A00341,A00341_2020-04-04,0,2020-04-04
57.9,68.6,436.0,5.89,,18.0,1.0,0.0,18.7,7.3,1.6,10.6,20.4,0.2,10.6,0.3,31.1,34.1,2.2,9.1,0,42,0,A01002,A01002_2020-04-04,0,2020-04-04
87.9,72.5,307.0,4.7,10.2,29.6,0.6,0.0,12.8,5.1,0.0,13.9,19.5,0.0,7.0,0.0,33.7,41.3,1.4,8.0,0,56,1,A00393,A00393_2020-04-04,0,2020-04-04
91.5,75.6,91.0,3.99,12.5,31.3,0.6,0.0,12.4,3.2,0.0,12.5,10.7,0.0,4.2,0.0,34.2,36.5,0.4,13.7,0,80,1,A01314,A01314_2020-04-04,0,2020-04-04
89.3,82.5,382.0,4.57,9.4,27.8,1.2,0.1,15.5,12.7,0.9,12.7,7.7,0.1,15.4,0.8,31.1,40.8,1.2,8.1,1,65,1,A00060,A00060_2020-04-04,0,2020-04-04
92.1,71.7,292.0,3.43,10.7,30.3,0.8,0.0,13.2,5.7,2.0,10.4,16.1,0.2,8.0,0.5,32.9,31.6,1.3,9.7,0,71,1,A00039,A00039_2020-04-04,0,2020-04-04
91.7,90.4,200.0,4.23,12.2,29.8,0.3,0.1,17.3,12.2,1.6,12.6,5.1,0.2,13.5,0.8,32.5,38.8,0.7,2.1,1,72,1,A01289,A01289_2020-04-04,0,2020-04-04
80.75,,260.5,3.87,11.9,25.85,,,19.7,,,10.0,,,15.8,,32.0,31.25,,,1,62,0,A01331,A01331_2020-04-04,1,2020-04-04
88.0,79.5,166.0,4.74,10.4,29.7,0.1,0.0,12.6,3.7,0.0,14.1,17.3,0.0,4.7,0.2,33.8,41.7,0.8,3.0,1,50,1,A00798,A00798_2020-04-04,0,2020-04-04
93.6,89.1,642.0,4.52,10.5,28.3,0.6,0.0,14.6,9.7,0.0,12.8,5.4,0.0,10.9,0.3,30.3,42.3,0.6,5.2,1,62,1,A01435,A01435_2020-04-04,0,2020-04-04
99.7,79.5,189.0,3.04,11.5,33.6,0.6,0.0,14.7,5.7,1.7,10.2,10.4,0.1,7.2,0.1,33.7,30.3,0.7,8.3,0,56,1,A01480,A01480_2020-04-04,0,2020-04-04
95.2,76.8,385.0,4.21,10.1,28.7,0.8,0.1,15.4,9.6,3.4,12.1,12.7,0.4,12.5,0.4,30.2,40.1,1.6,6.7,1,49,1,A00359,A00359_2020-04-04,0,2020-04-04
99.6,92.0,71.0,5.14,13.7,31.7,0.6,0.1,13.1,19.0,0.5,16.3,4.5,0.1,20.6,0.3,31.8,51.2,0.9,2.7,1,71,1,A01048,A01048_2020-04-04,0,2020-04-04
90.9,72.5,459.0,5.16,9.6,30.4,0.5,0.1,12.6,6.5,3.4,15.7,17.7,0.3,8.9,0.8,33.5,46.9,1.6,5.6,1,51,1,A00051,A00051_2020-04-04,0,2020-04-04
88.0,,144.0,3.42,11.6,30.4,,,12.6,,,10.4,,,12.3,,34.6,30.1,,,1,59,0,A00495,A00495_2020-04-04,0,2020-04-04
81.8,47.0,171.0,4.06,10.3,28.3,0.3,0.0,12.4,1.5,1.9,11.5,41.3,0.1,3.2,0.3,34.6,33.2,1.3,9.5,0,64,0,A00920,A00920_2020-04-04,0,2020-04-04
88.2,75.9,205.0,2.97,10.9,28.3,0.9,0.0,15.8,8.9,5.3,8.4,10.6,0.6,11.7,0.2,32.1,26.2,1.2,8.0,1,70,1,A00668,A00668_2020-04-04,0,2020-04-04
84.2,56.3,207.0,4.68,11.4,28.6,0.6,0.0,12.1,3.0,5.1,13.4,27.7,0.3,5.3,0.4,34.0,39.4,1.5,10.5,0,75,1,A00275,A00275_2020-04-04,0,2020-04-04
81.4,88.6,225.0,3.98,9.9,25.9,1.4,0.0,17.2,17.3,0.2,10.3,3.8,0.0,19.5,0.2,31.8,32.4,0.7,7.2,0,88,1,A00762,A00762_2020-04-04,0,2020-04-04
87.8,65.2,315.0,4.26,8.9,29.3,1.3,0.1,12.3,6.3,0.5,12.5,20.0,0.0,9.6,0.6,33.4,37.4,1.9,13.7,0,54,1,A01642,A01642_2020-04-04,0,2020-04-04
85.1,60.2,222.0,4.09,9.6,28.6,0.7,0.0,12.6,3.1,1.0,11.7,24.4,0.1,5.1,0.4,33.6,34.8,1.2,14.0,0,56,1,A00870,A00870_2020-04-04,0,2020-04-04
83.9,59.2,432.0,4.98,9.6,27.5,0.7,0.0,13.1,7.0,1.2,13.7,33.7,0.1,11.8,0.3,32.8,41.8,4.0,5.6,0,63,0,A00244,A00244_2020-04-04,0,2020-04-04
96.1,89.4,381.0,3.32,12.1,29.8,0.4,0.0,16.0,12.5,1.1,9.9,6.4,0.2,14.0,0.3,31.0,31.9,0.9,2.8,1,67,1,A00349,A00349_2020-04-04,0,2020-04-04
90.6,76.6,154.0,4.27,10.3,30.0,0.9,0.0,14.7,7.8,0.1,12.8,14.7,0.0,10.2,0.1,33.1,38.7,1.5,8.5,0,90,0,A00912,A00912_2020-04-04,0,2020-04-04
90.5,78.5,413.0,4.19,9.7,31.7,0.7,0.0,12.3,6.8,0.9,13.3,11.7,0.1,8.6,0.3,35.1,37.9,1.0,8.6,0,64,0,A01219,A01219_2020-04-04,0,2020-04-04
87.5,60.7,137.0,4.48,12.0,29.5,0.2,0.0,13.5,2.5,0.0,13.2,34.5,0.0,4.1,0.2,33.7,39.2,1.4,4.6,0,46,1,A00499,A00499_2020-04-04,0,2020-04-04
81.1,82.2,187.0,4.65,11.7,27.1,0.5,0.0,13.4,5.6,0.0,12.6,10.6,0.0,6.8,0.0,33.4,37.7,0.7,7.2,0,49,1,A01097,A01097_2020-04-04,0,2020-04-04
82.9,82.5,281.0,4.86,12.5,26.1,0.4,0.0,13.8,11.0,0.0,12.7,14.7,0.0,13.3,0.1,31.5,40.3,2.0,2.7,0,93,1,A00792,A00792_2020-04-04,0,2020-04-04
101.2,87.4,152.0,3.46,11.6,31.5,1.0,0.0,13.7,11.4,0.0,10.9,5.1,0.0,13.1,0.2,31.1,35.0,0.7,7.3,1,54,1,A01316,A01316_2020-04-04,1,2020-04-04
93.4,52.1,469.0,4.39,12.4,29.4,0.9,0.2,15.1,5.6,16.2,12.9,22.0,1.7,10.7,1.7,31.5,41.0,2.4,8.0,1,58,1,A00463,A00463_2020-04-04,0,2020-04-04
93.5,,418.0,4.43,9.9,30.5,,,14.0,,,13.5,,,16.9,,32.6,41.4,,,1,70,1,A01267,A01267_2020-04-04,0,2020-04-04
94.3,81.4,350.0,3.83,11.1,29.0,1.3,0.0,14.8,15.3,2.9,11.1,8.7,0.5,18.8,0.2,30.7,36.1,1.6,6.8,1,63,1,A01125,A01125_2020-04-04,0,2020-04-04
85.5,90.2,165.0,4.0,11.1,29.3,0.9,0.0,13.2,15.2,0.0,11.7,4.1,0.0,16.9,0.2,34.2,34.2,0.7,5.5,0,78,0,A00931,A00931_2020-04-04,0,2020-04-04
85.7,72.9,205.0,4.12,11.2,28.4,0.6,0.0,13.2,6.1,1.8,11.7,17.7,0.2,8.4,0.4,33.1,35.3,1.5,7.2,0,86,1,A01437,A01437_2020-04-04,0,2020-04-04
89.4,92.1,130.0,3.95,10.6,28.9,0.4,0.0,13.8,14.8,0.1,11.4,4.9,0.0,16.1,0.3,32.3,35.3,0.8,2.6,0,92,1,A00460,A00460_2020-04-04,0,2020-04-04
81.1,82.2,187.0,4.65,11.7,27.1,0.5,0.0,13.4,5.6,0.0,12.6,10.6,0.0,6.8,0.0,33.4,37.7,0.7,7.2,0,60,0,A00747,A00747_2020-04-04,0,2020-04-04
87.1,56.0,289.0,4.72,10.2,29.0,0.6,0.0,13.4,3.9,1.0,13.7,34.0,0.1,6.9,0.0,33.3,41.1,2.3,9.0,0,27,0,A01335,A01335_2020-04-04,0,2020-04-04
84.8,,333.0,5.06,9.8,29.1,,,13.2,,,14.7,,,10.7,,34.3,42.9,,,0,63,0,A00010,A00010_2020-04-04,0,2020-04-04
93.5,63.9,196.0,2.92,10.1,30.8,0.7,0.0,14.3,4.2,4.0,9.0,20.0,0.3,6.5,0.6,33.0,27.3,1.3,11.5,1,82,0,A00708,A00708_2020-04-04,0,2020-04-04
94.36666666666667,,266.0,3.566666666666666,13.16666666666667,30.0,,,15.93333333333333,,,10.7,,,21.93333333333334,,31.76666666666667,33.63333333333333,,,1,45,1,A01599,A01599_2020-04-04,0,2020-04-04
79.8,65.9,212.0,5.9,11.3,27.3,0.9,0.0,13.2,5.7,0.8,16.1,23.3,0.1,8.7,0.1,34.2,47.1,2.0,9.9,0,63,1,A01055,A01055_2020-04-04,0,2020-04-04
118.6,97.0,153.0,2.74,11.4,36.5,0.3,0.1,15.5,26.1,0.0,10.0,1.4,0.0,26.9,0.4,30.8,32.5,0.4,1.2,0,86,1,A01255,A01255_2020-04-04,0,2020-04-04
59.0,,258.0,5.83,,18.4,,,15.1,,,10.7,,,4.5,,31.1,34.4,,,0,62,0,A00132,A00132_2020-04-04,0,2020-04-04
92.8,74.8,190.0,4.58,11.0,29.9,1.1,0.0,14.2,6.4,2.1,13.7,9.9,0.2,8.6,0.2,32.2,42.5,0.9,13.0,1,56,1,A00050,A00050_2020-04-04,0,2020-04-04
87.2,80.6,322.0,3.35,10.8,28.4,1.6,0.1,15.1,16.4,0.0,9.5,10.9,0.0,20.4,0.5,32.5,29.2,2.2,8.0,1,65,0,A01086,A01086_2020-04-04,0,2020-04-04
93.6,,189.0,3.91,12.2,31.7,,,14.8,,,12.4,,,9.6,,33.9,36.6,,,0,75,1,A00299,A00299_2020-04-04,0,2020-04-04
93.5,63.9,196.0,2.92,10.1,30.8,0.7,0.0,14.3,4.2,4.0,9.0,20.0,0.3,6.5,0.6,33.0,27.3,1.3,11.5,1,76,1,A00726,A00726_2020-04-04,0,2020-04-04
86.2,61.5,215.0,5.43,11.7,28.7,1.2,0.0,15.5,6.0,0.3,15.6,26.0,0.0,9.8,0.2,33.3,46.8,2.5,12.0,0,93,0,A00224,A00224_2020-04-04,0,2020-04-04
87.6,71.4,318.0,4.82,10.0,29.7,0.5,0.0,13.0,5.1,1.1,14.3,20.1,0.1,7.2,0.3,33.9,42.2,1.4,7.1,0,59,1,A00107,A00107_2020-04-04,0,2020-04-04
95.5,89.6,234.0,4.03,11.7,30.3,0.2,0.0,13.9,6.4,0.0,12.2,7.8,0.0,7.1,0.1,31.7,38.5,0.6,2.5,0,87,0,A00634,A00634_2020-04-04,0,2020-04-04
88.8,71.2,223.0,3.2,10.6,30.0,0.9,0.0,17.4,11.6,16.3,9.6,6.6,2.7,16.3,0.2,33.8,28.4,1.1,5.7,1,70,0,A01393,A01393_2020-04-04,0,2020-04-04
96.0,93.1,320.0,2.98,10.8,29.5,0.4,0.0,14.6,14.2,0.3,8.8,3.8,0.0,15.2,0.2,30.8,28.6,0.6,2.6,1,61,0,A01144,A01144_2020-04-04,1,2020-04-04
85.3,58.5,329.0,5.05,10.9,28.3,1.0,0.0,14.2,3.9,0.4,14.3,26.2,0.0,6.7,0.1,33.2,43.1,1.8,14.8,0,67,1,A00498,A00498_2020-04-04,0,2020-04-04
90.9,48.7,391.0,4.28,10.3,29.7,0.5,0.1,12.8,2.5,3.3,12.7,36.0,0.2,5.1,1.6,32.6,38.9,1.8,10.4,0,67,0,A00568,A00568_2020-04-04,0,2020-04-04
88.2,75.9,205.0,2.97,10.9,28.3,0.9,0.0,15.8,8.9,5.3,8.4,10.6,0.6,11.7,0.2,32.1,26.2,1.2,8.0,1,71,0,A00667,A00667_2020-04-04,0,2020-04-04
54.7,75.8,57.5,7.04,,18.6,0.3,0.0,20.4,4.4,0.0,13.1,18.5,0.0,5.8,0.2,34.0,38.5,1.1,5.5,1,61,1,A00111,A00111_2020-04-04,0,2020-04-04
85.3,58.5,329.0,5.05,10.9,28.3,1.0,0.0,14.2,3.9,0.4,14.3,26.2,0.0,6.7,0.1,33.2,43.1,1.8,14.8,0,67,1,A00497,A00497_2020-04-04,0,2020-04-04
75.3,84.3,170.0,3.68,,22.8,0.7,0.0,30.3,8.0,2.8,8.4,4.9,0.3,9.5,0.4,30.3,27.7,0.5,7.6,0,76,0,A01399,A01399_2020-04-04,0,2020-04-04
88.1,42.5,468.0,5.13,8.9,29.8,0.4,0.0,12.4,1.5,1.4,15.3,45.1,0.1,3.6,0.6,33.8,45.2,1.6,10.4,0,38,1,A01454,A01454_2020-04-04,0,2020-04-04
89.7,47.3,37.0,3.8,13.3,28.4,0.7,0.1,13.4,4.0,8.7,10.8,34.0,0.7,8.4,1.4,31.7,34.1,2.9,8.6,0,60,1,A01644,A01644_2020-04-04,0,2020-04-04
80.4,27.8,196.0,5.3,12.2,27.9,0.3,0.0,11.6,0.6,6.4,14.8,47.1,0.1,2.0,1.5,34.7,42.6,0.9,17.2,0,49,1,A00651,A00651_2020-04-04,0,2020-04-04
94.3,,321.0,3.34,9.6,32.0,,,12.5,,,10.7,,,4.1,,34.0,31.5,,,0,66,0,A01175,A01175_2020-04-04,0,2020-04-04
84.3,76.6,396.0,4.4,10.1,28.9,1.5,0.1,14.5,11.2,0.0,12.7,12.6,0.0,14.6,0.7,34.2,37.1,1.8,10.1,0,65,0,A00952,A00952_2020-04-05,0,2020-04-05
88.85,75.3,609.5,4.9,10.5,29.25,0.95,0.1,12.95,8.0,0.1,14.35,14.75,0.0,10.6,0.6499999999999999,32.95,43.55,1.55,9.2,1,56,1,A01547,A01547_2020-04-05,0,2020-04-05
82.0,81.0,275.0,4.78,11.8,26.2,0.4,0.0,13.4,5.9,0.0,12.5,13.8,0.0,7.3,0.1,31.9,39.2,1.0,5.1,0,49,1,A01097,A01097_2020-04-05,0,2020-04-05
79.5,,233.0,5.51,9.5,26.1,,,15.4,,,14.4,,,4.9,,32.9,43.8,,,0,75,0,A00496,A00496_2020-04-05,0,2020-04-05
82.0,81.0,275.0,4.78,11.8,26.2,0.4,0.0,13.4,5.9,0.0,12.5,13.8,0.0,7.3,0.1,31.9,39.2,1.0,5.1,0,60,0,A00747,A00747_2020-04-05,0,2020-04-05
78.7,65.7,525.0,4.69,9.3,25.2,0.6,0.0,15.1,5.3,0.0,11.8,27.2,0.0,8.0,0.1,32.0,36.9,2.2,7.0,0,49,0,A00820,A00820_2020-04-05,0,2020-04-05
84.0,38.4,283.0,4.37,10.2,27.2,0.7,0.0,13.1,1.9,2.0,11.9,44.0,0.1,5.0,0.8,32.4,36.7,2.2,14.8,0,61,0,A01519,A01519_2020-04-05,0,2020-04-05
80.0,69.3,216.0,4.3,9.7,26.0,0.3,0.0,13.5,2.4,0.6,11.2,20.1,0.0,3.4,0.6,32.6,34.4,0.7,9.4,0,58,0,A00851,A00851_2020-04-05,0,2020-04-05
88.2,33.7,298.0,4.24,9.4,29.7,0.4,0.0,12.8,1.1,2.2,12.6,51.3,0.1,3.2,0.3,33.7,37.4,1.6,12.5,0,26,1,A00199,A00199_2020-04-05,0,2020-04-05
94.0,93.9,250.0,3.98,12.3,30.2,0.1,0.0,13.9,8.3,0.0,12.0,4.9,0.0,8.8,0.1,32.1,37.4,0.4,1.1,0,87,0,A00634,A00634_2020-04-05,0,2020-04-05
92.1,89.6,602.0,4.91,9.3,32.2,0.5,0.0,11.8,12.5,2.0,15.8,4.5,0.3,13.9,0.2,35.0,45.2,0.6,3.7,1,49,1,A01274,A01274_2020-04-05,0,2020-04-05
89.1,64.3,316.0,4.48,10.2,30.1,0.6,0.0,12.5,4.0,1.8,13.5,23.7,0.1,6.2,0.2,33.8,39.9,1.5,10.0,0,56,1,A00393,A00393_2020-04-05,0,2020-04-05
95.4,63.7,222.0,3.69,10.8,31.4,0.9,0.0,14.1,4.3,3.4,11.6,19.3,0.2,6.8,0.4,33.0,35.2,1.3,13.2,0,75,1,A00421,A00421_2020-04-05,0,2020-04-05
90.8,91.8,374.0,3.69,11.0,29.5,0.3,0.1,14.4,15.1,0.0,10.9,5.6,0.0,16.4,0.8,32.5,33.5,0.9,1.8,1,63,1,A01125,A01125_2020-04-05,0,2020-04-05
99.85,40.4,183.5,2.935,10.15,33.7,0.35,0.0,14.55,1.0,2.25,9.9,44.1,0.1,2.45,0.6000000000000001,33.8,29.3,1.1,12.65,0,69,1,A00227,A00227_2020-04-05,0,2020-04-05
87.1,77.9,217.0,5.28,11.6,29.5,0.5,0.0,12.5,6.5,0.4,15.6,15.5,0.0,8.3,0.6,33.9,46.0,1.3,5.6,0,53,1,A01554,A01554_2020-04-05,0,2020-04-05
86.2,49.2,198.0,4.06,10.1,29.3,0.6,0.0,12.6,2.0,1.7,11.9,33.9,0.1,4.1,0.5,34.0,35.0,1.4,14.7,0,56,1,A00870,A00870_2020-04-05,0,2020-04-05
92.1,53.6,233.0,4.53,12.1,28.9,0.8,0.1,16.1,7.0,3.1,13.1,36.7,0.4,13.1,0.4,31.4,41.7,4.8,6.2,0,77,1,A00647,A00647_2020-04-05,0,2020-04-05
94.8,90.3,228.0,4.6,11.2,30.4,0.6,0.0,13.0,13.3,0.3,14.0,5.2,0.0,14.7,0.3,32.1,43.6,0.8,3.9,0,82,0,A00598,A00598_2020-04-05,0,2020-04-05
91.5,61.9,242.0,4.48,9.6,32.4,0.5,0.0,12.8,2.5,1.5,14.5,24.2,0.1,4.1,0.5,35.4,41.0,1.0,11.9,0,58,1,A00976,A00976_2020-04-05,0,2020-04-05
94.5,94.6,372.0,2.93,10.6,29.7,0.2,0.0,14.4,14.5,0.2,8.7,3.3,0.0,15.3,0.3,31.4,27.7,0.5,1.6,1,61,0,A01144,A01144_2020-04-05,1,2020-04-05
84.8,35.7,234.0,4.53,10.6,29.4,0.4,0.0,12.6,1.4,2.1,13.3,50.9,0.1,3.8,0.3,34.6,38.4,1.9,11.0,0,35,1,A00447,A00447_2020-04-05,0,2020-04-05
93.8,75.3,129.0,3.73,11.0,30.8,0.9,0.0,14.0,6.8,0.0,11.5,14.3,0.0,9.0,0.0,32.9,35.0,1.3,10.4,0,81,1,A00650,A00650_2020-04-05,0,2020-04-05
86.5,61.7,235.0,4.36,9.9,31.0,0.6,0.0,12.6,4.6,0.4,13.5,29.5,0.0,7.5,0.3,35.8,37.7,2.2,8.1,0,61,1,A00935,A00935_2020-04-05,0,2020-04-05
91.1,62.9,412.0,4.7,9.5,30.2,0.5,0.0,12.9,4.7,4.6,14.2,24.7,0.3,7.4,0.5,33.2,42.8,1.8,7.3,1,51,1,A00051,A00051_2020-04-05,0,2020-04-05
92.5,75.0,218.0,4.39,11.2,30.1,1.0,0.1,14.3,7.8,5.8,13.2,8.6,0.6,10.4,0.6,32.5,40.6,0.9,10.0,1,56,1,A00050,A00050_2020-04-05,0,2020-04-05
88.4,,158.0,3.19,12.1,30.4,,,12.9,,,9.7,,,17.9,,34.4,28.2,,,1,59,0,A00495,A00495_2020-04-05,1,2020-04-05
90.7,88.1,221.0,4.21,9.7,31.4,0.4,0.0,14.4,6.6,0.0,13.2,6.2,0.0,7.5,0.1,34.6,38.2,0.5,5.6,0,82,0,A00989,A00989_2020-04-05,0,2020-04-05
93.1,85.3,190.0,3.94,12.0,30.5,0.9,0.1,12.7,12.1,0.7,12.0,6.8,0.1,14.2,0.6,32.7,36.7,1.0,6.6,0,85,1,A00950,A00950_2020-04-05,0,2020-04-05
89.0,75.6,215.0,5.11,11.5,29.0,1.7,0.0,13.0,15.5,0.8,14.8,15.0,0.2,20.5,0.2,32.5,45.5,3.1,8.4,0,67,1,A01476,A01476_2020-04-05,0,2020-04-05
86.6,,374.0,3.67,10.1,28.3,,,14.6,,,10.4,,,8.5,,32.7,31.8,,,0,75,1,A01300,A01300_2020-04-05,0,2020-04-05
90.8,50.3,171.0,4.26,12.0,30.8,0.3,0.0,13.6,2.0,0.5,13.1,42.5,0.0,4.0,0.2,33.9,38.7,1.7,6.5,0,46,1,A00499,A00499_2020-04-05,0,2020-04-05
88.825,64.3,179.75,3.1975,10.025,28.9,0.5,0.0,13.4,5.575,2.35,9.25,27.275,0.2,8.675,0.275,32.575,28.4,2.375,5.8,0,62,0,A00306,A00306_2020-04-05,0,2020-04-05
92.0,74.6,155.0,5.26,10.8,30.6,1.3,0.0,12.1,8.7,0.1,16.1,13.5,0.0,11.6,0.2,33.3,48.4,1.6,11.6,0,66,1,A00521,A00521_2020-04-05,0,2020-04-05
115.1,81.0,930.0,3.11,9.4,39.2,1.7,0.0,13.0,11.3,2.0,12.2,5.0,0.3,13.9,0.0,34.1,35.8,0.7,12.0,0,84,0,A00540,A00540_2020-04-05,0,2020-04-05
89.05,86.25,203.5,3.38,10.95,29.6,1.1,0.05,17.2,14.4,0.5,10.0,6.25,0.1,16.7,0.4,33.25,30.1,1.05,6.6,1,70,0,A01393,A01393_2020-04-05,0,2020-04-05
95.7,57.0,290.0,3.49,11.0,31.5,0.6,0.0,14.1,3.3,2.4,11.0,29.6,0.1,5.8,0.7,32.9,33.4,1.7,10.3,0,34,1,A01367,A01367_2020-04-05,0,2020-04-05
81.6,38.9,278.0,5.54,9.4,29.6,0.6,0.0,12.5,2.3,9.2,16.4,41.3,0.6,6.0,0.7,36.3,45.2,2.5,9.9,0,14,1,A01529,A01529_2020-04-05,0,2020-04-05
92.8,66.2,231.0,3.05,10.5,30.5,0.8,0.0,14.0,5.0,3.7,9.3,18.8,0.3,7.5,0.5,32.9,28.3,1.4,10.8,1,82,0,A00708,A00708_2020-04-05,0,2020-04-05
94.2,83.6,199.0,4.66,9.9,33.5,0.3,0.0,12.2,9.9,0.0,15.6,13.4,0.0,11.8,0.2,35.5,43.9,1.6,2.8,0,61,1,A01273,A01273_2020-04-05,0,2020-04-05
87.3,66.6,167.0,5.26,12.1,28.5,1.1,0.0,15.4,6.6,1.4,15.0,20.7,0.1,9.9,0.2,32.7,45.9,2.0,11.1,0,93,0,A00224,A00224_2020-04-05,0,2020-04-05
96.83333333333333,,413.6666666666667,3.593333333333333,12.33333333333333,30.53333333333333,,,14.36666666666667,,,10.96666666666667,,,15.46666666666667,,31.53333333333333,34.8,,,1,57,1,A01418,A01418_2020-04-05,0,2020-04-05
103.2,76.05000000000001,202.5,2.77,11.45,31.8,0.2,0.0,17.35,5.7,0.25,8.8,21.0,0.0,7.5,0.3,30.75,28.6,1.55,2.4,0,76,1,A01133,A01133_2020-04-05,0,2020-04-05
92.7,82.9,416.0,3.69,9.4,30.9,0.8,0.0,12.2,8.5,0.0,11.4,9.5,0.0,10.2,0.1,33.3,34.2,1.0,7.5,0,58,0,A00714,A00714_2020-04-05,0,2020-04-05
96.2,54.9,128.0,3.91,11.2,32.2,0.6,0.0,13.7,3.0,1.5,12.6,31.1,0.1,5.4,0.6,33.5,37.6,1.7,11.9,0,89,0,A00053,A00053_2020-04-05,0,2020-04-05
86.4,62.6,325.0,4.35,10.6,27.8,0.9,0.0,13.6,7.4,1.8,12.1,27.7,0.2,11.8,0.3,32.2,37.6,3.3,7.6,0,53,0,A01354,A01354_2020-04-05,0,2020-04-05
80.4,64.8,298.0,5.72,11.3,27.6,0.9,0.0,13.0,6.0,1.6,15.8,23.6,0.1,9.2,0.2,34.3,46.0,2.2,9.8,0,63,1,A01055,A01055_2020-04-05,0,2020-04-05
85.5,47.8,71.0,4.49,12.6,28.3,0.8,0.1,11.9,3.0,3.6,12.7,35.5,0.2,6.3,0.8,33.1,38.4,2.2,12.3,0,54,1,A01363,A01363_2020-04-05,0,2020-04-05
96.1,94.5,562.0,4.13,10.4,29.1,0.2,0.0,15.0,10.8,0.1,12.0,3.3,0.0,11.4,0.2,30.2,39.7,0.4,1.9,1,62,1,A01435,A01435_2020-04-05,0,2020-04-05
81.0,,287.0,4.84,10.4,26.0,,,17.4,,,12.6,,,22.2,,32.1,39.2,,,0,88,1,A00762,A00762_2020-04-05,0,2020-04-05
85.6,74.1,375.0,4.73,9.5,28.1,0.8,0.1,13.4,7.0,5.6,13.3,11.1,0.5,9.4,0.7,32.8,40.5,1.0,8.5,0,60,1,A00382,A00382_2020-04-05,0,2020-04-05
98.6,43.9,294.0,4.15,9.4,33.5,0.7,0.1,15.5,6.1,1.3,13.9,48.5,0.2,13.8,0.9,34.0,40.9,6.7,5.4,0,40,0,A00380,A00380_2020-04-05,0,2020-04-05
93.0,87.0,213.0,4.27,10.05,30.7,0.9,0.0,12.75,10.4,0.0,13.1,5.0,0.0,11.45,0.2,33.05,39.7,0.6,7.8,1,79,1,A00105,A00105_2020-04-05,0,2020-04-05
92.8,66.2,231.0,3.05,10.5,30.5,0.8,0.0,14.0,5.0,3.7,9.3,18.8,0.3,7.5,0.5,32.9,28.3,1.4,10.8,1,76,1,A00726,A00726_2020-04-05,0,2020-04-05
90.3,84.85,177.5,4.225,9.85,30.75,0.1,0.0,13.1,3.8,0.1,13.0,12.8,0.0,4.449999999999999,0.1,34.1,38.15,0.55,2.15,1,50,1,A00798,A00798_2020-04-05,0,2020-04-05
92.95,86.8,229.0,3.19,9.05,30.9,0.1,0.0,16.4,5.9,0.9,9.85,10.0,0.1,5.35,0.4,33.25,29.65,0.7,1.9,0,80,0,A01278,A01278_2020-04-05,0,2020-04-05
89.1,,165.0,3.93,,30.3,,,18.0,,,11.9,,,12.6,,34.0,35.0,,,0,94,0,A00018,A00018_2020-04-05,0,2020-04-05
92.0,87.1,250.0,4.86,11.3,29.0,0.5,0.0,12.6,10.7,1.2,14.1,7.4,0.1,12.3,0.2,31.5,44.7,0.9,4.1,1,69,1,A01591,A01591_2020-04-05,0,2020-04-05
98.3,47.8,78.0,3.01,12.0,31.6,0.7,0.1,14.2,3.2,3.0,9.5,37.6,0.2,6.7,1.3,32.1,29.6,2.5,10.3,0,89,0,A00162,A00162_2020-04-05,0,2020-04-05
85.2,66.7,182.0,4.99,11.7,29.3,0.5,0.0,12.2,3.2,0.4,14.6,23.5,0.0,4.8,0.0,34.4,42.5,1.1,9.4,0,38,1,A00083,A00083_2020-04-05,0,2020-04-05
90.85,76.05000000000001,250.0,4.115,11.05,29.65,0.55,0.0,12.35,5.300000000000001,3.0,12.2,13.1,0.2,7.0,0.6,32.59999999999999,37.40000000000001,0.95,7.25,0,57,1,A01443,A01443_2020-04-05,0,2020-04-05
88.3,79.9,271.0,3.15,10.65,28.9,0.65,0.0,15.8,8.95,1.4,9.1,12.45,0.15,11.15,0.2,32.75,27.8,1.4,6.05,0,71,0,A00667,A00667_2020-04-05,0,2020-04-05
91.8,81.1,262.0,3.77,12.75,29.45,0.25,0.0,13.95,4.949999999999999,3.15,11.1,11.45,0.2,6.15,0.25,32.05,34.6,0.7,4.05,0,76,0,A00297,A00297_2020-04-05,0,2020-04-05
87.6,48.1,319.0,4.35,9.7,28.7,0.6,0.0,13.8,2.4,1.2,12.5,37.9,0.1,5.0,0.6,32.8,38.1,1.9,12.2,0,69,1,A00398,A00398_2020-04-05,0,2020-04-05
100.0,,164.0,3.19,11.6,31.3,,,13.6,,,10.0,,,16.2,,31.3,31.9,,,1,54,1,A01316,A01316_2020-04-05,1,2020-04-05
88.3,79.9,271.0,3.15,10.65,28.9,0.65,0.0,15.8,8.95,1.4,9.1,12.45,0.15,11.15,0.2,32.75,27.8,1.4,6.05,0,70,1,A00668,A00668_2020-04-05,0,2020-04-05
96.1,96.3,91.0,3.11,11.2,30.9,0.1,0.0,14.6,7.7,0.0,9.6,2.3,0.0,8.0,0.1,32.1,29.9,0.2,1.3,1,46,1,A00594,A00594_2020-04-05,0,2020-04-05
94.3,74.9,289.0,3.33,10.5,30.9,0.5,0.0,13.2,5.2,1.4,10.3,15.9,0.1,7.0,0.3,32.8,31.4,1.1,7.5,0,71,1,A00039,A00039_2020-04-05,0,2020-04-05
84.0,34.1,250.0,3.31,11.0,26.3,0.6,0.0,15.0,1.4,1.7,8.7,50.0,0.1,4.2,0.5,31.3,27.8,2.1,13.7,0,75,0,A01513,A01513_2020-04-05,0,2020-04-05
87.0,74.1,228.0,4.93,12.1,29.8,0.6,0.0,13.2,5.6,0.0,14.7,17.7,0.0,7.6,0.1,34.3,42.9,1.3,8.1,0,49,1,A01138,A01138_2020-04-05,0,2020-04-05
88.1,68.3,305.0,3.86,10.0,29.0,0.2,0.0,12.8,2.8,2.7,11.2,24.1,0.1,4.1,0.5,32.9,34.0,1.0,4.4,0,55,0,A00723,A00723_2020-04-05,0,2020-04-05
89.8,65.3,53.0,3.53,13.0,29.5,0.6,0.1,13.1,7.2,0.3,10.4,27.9,0.0,11.1,0.8,32.8,31.7,3.1,5.7,0,60,1,A01644,A01644_2020-04-05,0,2020-04-05
82.8,76.2,318.0,5.23,11.7,26.6,0.6,0.0,13.7,10.6,0.0,13.9,19.7,0.0,13.9,0.1,32.1,43.3,2.7,4.0,0,93,1,A00792,A00792_2020-04-05,0,2020-04-05
91.8,72.0,211.0,4.29,10.7,29.8,0.8,0.0,15.4,7.3,0.4,12.8,19.4,0.0,10.1,0.3,32.5,39.4,2.0,7.9,0,83,1,A00672,A00672_2020-04-05,0,2020-04-05
85.9,61.4,239.0,4.18,12.3,28.7,0.8,0.0,14.4,3.7,0.2,12.0,24.8,0.0,6.1,0.8,33.4,35.9,1.5,12.8,0,48,1,A00623,A00623_2020-04-05,0,2020-04-05
95.7,55.4,346.0,3.51,9.6,31.6,0.5,0.0,12.6,2.9,4.1,11.1,29.9,0.2,5.3,0.6,33.0,33.6,1.6,10.0,0,74,0,A00021,A00021_2020-04-05,0,2020-04-05
91.2,48.1,326.0,4.67,10.4,30.6,1.1,0.1,12.8,3.9,4.7,14.3,32.2,0.4,8.1,1.1,33.6,42.6,2.6,13.9,0,65,1,A00230,A00230_2020-04-05,0,2020-04-05
88.9,88.6,502.0,4.04,11.9,30.2,0.3,0.0,13.4,12.8,0.1,12.2,8.8,0.0,14.4,0.1,34.0,35.9,1.3,2.4,0,82,0,A00395,A00395_2020-04-05,0,2020-04-05
83.8,81.4,254.0,4.25,10.4,27.8,0.4,0.0,12.4,6.2,0.0,11.8,12.8,0.0,7.6,0.1,33.1,35.6,1.0,5.7,0,47,1,A01395,A01395_2020-04-05,0,2020-04-05
95.8,74.7,347.0,3.85,10.2,29.1,1.1,0.1,15.6,9.5,6.1,11.2,9.9,0.8,12.7,0.9,30.4,36.9,1.3,8.4,1,49,1,A00359,A00359_2020-04-05,0,2020-04-05
95.0,34.9,338.0,3.0,10.1,31.7,0.7,0.0,11.9,1.8,7.8,9.5,43.9,0.4,5.2,0.8,33.3,28.5,2.3,12.6,0,66,1,A00015,A00015_2020-04-05,0,2020-04-05
86.7,69.6,293.0,4.21,10.5,29.2,0.7,0.1,15.7,5.8,12.0,12.3,9.0,1.0,8.3,0.8,33.7,36.5,0.7,8.6,0,55,1,A00536,A00536_2020-04-05,0,2020-04-05
97.9,77.4,299.0,3.87,10.7,32.3,1.5,0.1,12.9,16.8,2.6,12.5,12.7,0.6,21.7,0.6,33.0,37.9,2.8,6.7,0,61,1,A00682,A00682_2020-04-05,0,2020-04-05
89.1,29.0,308.0,5.23,10.2,30.2,0.8,0.1,12.0,1.5,4.0,15.8,49.0,0.2,5.1,1.4,33.9,46.6,2.5,16.6,0,58,1,A00077,A00077_2020-04-05,0,2020-04-05
92.6,87.3,212.0,4.35,12.5,30.3,0.4,0.0,16.7,12.5,1.5,13.2,8.2,0.2,14.3,0.2,32.8,40.3,1.2,2.8,1,72,1,A01289,A01289_2020-04-05,0,2020-04-05
90.4,86.8,423.0,3.44,11.4,27.3,0.5,0.0,18.3,8.1,0.4,9.4,6.7,0.0,9.3,0.2,30.2,31.1,0.6,5.9,0,70,0,A00491,A00491_2020-04-05,0,2020-04-05
101.7,94.5,320.0,4.04,10.9,33.9,0.5,0.0,12.9,20.3,0.0,13.7,3.2,0.0,21.5,0.1,33.3,41.1,0.7,2.2,0,79,0,A00174,A00174_2020-04-05,0,2020-04-05
96.8,58.4,169.0,3.7,11.0,31.4,0.5,0.0,12.5,3.2,3.7,11.6,27.7,0.2,5.4,0.6,32.4,35.8,1.5,9.6,0,95,1,A00713,A00713_2020-04-05,0,2020-04-05
62.2,,882.0,5.1,9.9,21.6,,,15.6,,,11.0,,,17.0,,34.7,31.7,,,1,69,1,A01129,A01129_2020-04-05,0,2020-04-05
88.7,85.3,235.0,4.26,10.7,31.0,0.2,0.0,12.9,4.9,0.2,13.2,11.2,0.0,5.7,0.3,34.9,37.8,0.6,3.0,0,44,1,A00095,A00095_2020-04-05,0,2020-04-05
87.9,83.7,186.0,3.9,10.8,30.8,0.9,0.0,13.4,11.5,0.5,12.0,9.3,0.1,13.7,0.1,35.0,34.3,1.3,6.4,0,54,1,A01442,A01442_2020-04-05,0,2020-04-05
100.0,83.7,390.0,3.19,11.5,30.1,0.6,0.0,16.4,11.1,2.7,9.6,8.6,0.4,13.3,0.3,30.1,31.9,1.1,4.7,1,67,1,A00349,A00349_2020-04-05,0,2020-04-05
85.2,89.1,547.0,4.61,8.9,29.9,0.6,0.1,11.9,12.8,0.0,13.8,6.1,0.0,14.4,0.4,35.1,39.3,0.9,4.4,0,60,1,A00774,A00774_2020-04-05,0,2020-04-05
83.7,50.2,312.0,4.24,10.3,29.2,0.5,0.0,12.0,2.9,1.2,12.4,39.1,0.1,5.7,0.5,34.9,35.5,2.2,9.0,0,62,0,A01618,A01618_2020-04-05,0,2020-04-05
88.6,57.1,552.0,4.46,9.4,30.0,0.8,0.0,13.3,3.4,1.5,13.4,28.7,0.1,6.0,0.2,33.9,39.5,1.7,12.5,0,47,1,A00370,A00370_2020-04-05,0,2020-04-05
96.15,87.5,151.5,4.0,11.85,31.65,0.3,0.0,14.95,6.5,0.0,12.65,8.6,0.0,6.5,0.1,32.90000000000001,38.45,0.6,3.8,0,75,1,A00299,A00299_2020-04-05,0,2020-04-05
86.3,79.0,235.0,3.07,11.9,28.0,1.7,0.2,20.7,23.3,4.3,8.6,10.5,1.3,29.5,0.6,32.5,26.5,3.1,5.6,1,61,1,A01628,A01628_2020-04-05,0,2020-04-05
90.6,93.3,167.0,4.66,11.3,30.7,0.2,0.1,18.5,7.7,0.0,14.3,3.3,0.0,8.2,0.7,33.9,42.2,0.3,2.7,0,75,0,A00019,A00019_2020-04-05,0,2020-04-05
85.3,55.3,547.0,4.41,9.4,28.1,0.7,0.0,13.3,2.5,3.3,12.4,26.7,0.2,4.6,0.4,33.0,37.6,1.2,14.3,0,55,1,A01445,A01445_2020-04-05,0,2020-04-05
96.55,61.55,219.5,2.615,10.8,30.8,0.7,0.05,15.8,3.85,3.75,8.05,22.95,0.2,6.199999999999999,0.8,31.85,25.25,1.45,10.95,0,74,1,A00102,A00102_2020-04-05,0,2020-04-05
102.1,87.0,268.0,4.72,12.4,31.1,3.7,0.2,12.6,34.5,0.0,14.7,3.2,0.0,39.6,0.4,30.5,48.2,1.3,9.4,1,80,1,A00341,A00341_2020-04-05,0,2020-04-05
90.4,63.7,223.0,4.98,11.2,29.9,0.4,0.0,13.0,2.1,2.1,14.9,22.7,0.1,3.3,0.6,33.1,45.0,0.7,10.9,0,48,0,A00494,A00494_2020-04-05,0,2020-04-05
77.9,91.0,362.0,4.3,9.9,23.7,0.6,0.0,16.9,12.9,0.0,10.2,4.9,0.0,14.2,0.1,30.4,33.5,0.7,4.0,1,64,1,A00915,A00915_2020-04-05,1,2020-04-05
91.5,87.5,307.0,3.88,10.4,30.2,1.4,0.0,14.5,16.5,0.2,11.7,4.6,0.0,18.9,0.2,33.0,35.5,0.9,7.5,0,96,0,A01243,A01243_2020-04-05,0,2020-04-05
85.3,69.9,158.0,5.37,11.2,27.2,1.3,0.1,13.6,6.3,0.8,14.6,14.8,0.1,9.0,0.6,31.9,45.8,1.3,13.9,0,82,1,A00326,A00326_2020-04-05,0,2020-04-05
55.7,77.1,96.0,6.45,,18.8,0.4,0.0,19.8,5.4,0.1,12.1,16.1,0.0,7.0,0.3,33.7,35.9,1.1,6.4,1,61,1,A00111,A00111_2020-04-05,0,2020-04-05
93.4,,439.0,4.37,9.9,30.4,,,14.0,,,13.3,,,18.1,,32.6,40.8,,,1,70,1,A01267,A01267_2020-04-05,0,2020-04-05
85.5,85.3,504.0,5.3,9.6,29.2,0.5,0.0,13.1,9.6,0.2,15.5,9.7,0.0,11.2,0.3,34.2,45.3,1.1,4.5,1,56,1,A00717,A00717_2020-04-05,0,2020-04-05
84.0,92.2,410.0,3.76,11.1,27.1,1.1,0.1,15.3,27.3,0.1,10.2,3.9,0.0,29.6,0.2,32.3,31.6,1.2,3.6,0,70,1,A01464,A01464_2020-04-05,0,2020-04-05
88.2,55.5,213.0,4.24,8.8,30.7,0.4,0.0,12.2,2.6,1.9,13.0,32.0,0.1,4.6,0.9,34.8,37.4,1.5,9.7,0,38,0,A01589,A01589_2020-04-05,0,2020-04-05
94.6,61.3,294.0,3.5,13.2,30.3,0.7,0.1,15.4,5.5,7.5,10.6,22.2,0.7,9.0,0.9,32.0,33.1,2.0,8.1,0,79,1,A01364,A01364_2020-04-05,0,2020-04-05
91.7,48.7,301.0,4.72,9.4,31.4,0.6,0.0,12.0,2.0,0.9,14.8,35.8,0.0,4.2,0.9,34.2,43.3,1.5,13.7,0,45,1,A00106,A00106_2020-04-05,0,2020-04-05
90.8,83.7,381.0,3.9,11.3,29.7,1.6,0.0,15.4,19.7,1.2,11.6,8.3,0.3,23.5,0.1,32.8,35.4,2.0,6.7,1,65,0,A01086,A01086_2020-04-05,0,2020-04-05
89.8,81.7,379.0,4.51,9.7,27.9,1.3,0.1,15.4,11.4,0.9,12.6,7.6,0.1,13.9,0.6,31.1,40.5,1.1,9.2,1,65,1,A00060,A00060_2020-04-05,0,2020-04-05
97.90000000000002,,242.3333333333333,3.193333333333333,13.5,30.26666666666667,,,15.83333333333333,,,9.666666666666666,,,28.76666666666667,,30.93333333333334,31.26666666666667,,,1,45,1,A01599,A01599_2020-04-05,0,2020-04-05
97.3,90.1,211.0,3.67,9.5,32.4,0.4,0.0,14.6,10.5,0.5,11.9,5.9,0.1,11.6,0.3,33.3,35.7,0.7,3.2,0,87,1,A01063,A01063_2020-04-05,0,2020-04-05
95.7,89.9,58.0,5.35,14.4,31.2,0.5,0.1,13.2,15.5,0.6,16.7,6.4,0.1,17.2,0.4,32.6,51.2,1.1,2.7,1,71,1,A01048,A01048_2020-04-05,0,2020-04-05
100.5,81.9,333.0,3.88,9.8,32.7,0.5,0.0,14.2,6.1,0.0,12.7,11.0,0.0,7.4,0.1,32.6,39.0,0.8,7.0,0,79,1,A01385,A01385_2020-04-05,0,2020-04-05
91.6,52.7,162.0,4.27,9.1,27.6,0.2,0.0,17.8,2.3,0.5,11.8,41.8,0.0,4.3,0.2,30.2,39.1,1.8,4.8,0,64,1,A00522,A00522_2020-04-06,0,2020-04-06
95.3,67.0,223.0,3.61,10.6,31.0,0.9,0.1,12.6,5.0,1.2,11.2,18.6,0.1,7.5,0.7,32.6,34.4,1.4,12.5,0,56,0,A00314,A00314_2020-04-06,0,2020-04-06
94.8,64.2,183.0,3.63,11.1,30.3,0.5,0.0,12.6,3.5,3.3,11.0,22.7,0.2,5.5,0.7,32.0,34.4,1.2,9.1,0,95,1,A00713,A00713_2020-04-06,0,2020-04-06
98.7,76.8,382.0,3.0,11.5,30.7,0.7,0.0,16.8,9.1,5.6,9.2,11.4,0.7,11.8,0.4,31.1,29.6,1.3,5.8,1,67,1,A00349,A00349_2020-04-06,0,2020-04-06
70.4,47.7,196.0,4.59,,21.4,0.4,0.0,17.8,2.3,1.0,9.8,41.8,0.0,4.8,0.2,30.3,32.3,2.0,9.3,0,47,0,A00412,A00412_2020-04-06,0,2020-04-06
91.1,62.2,166.0,4.27,12.1,29.5,0.5,0.0,12.8,3.3,2.1,12.6,25.9,0.1,5.3,0.2,32.4,38.9,1.4,9.6,0,76,0,A00384,A00384_2020-04-06,0,2020-04-06
89.7,87.2,492.0,3.88,11.3,28.4,1.3,0.1,14.2,15.6,0.1,11.0,5.0,0.0,17.9,0.3,31.6,34.8,0.9,7.4,1,63,1,A01125,A01125_2020-04-06,0,2020-04-06
94.2,87.4,56.0,5.32,,31.2,0.8,0.1,13.0,17.3,1.4,16.6,6.9,0.3,19.8,0.5,33.1,50.1,1.4,3.8,1,71,1,A01048,A01048_2020-04-06,0,2020-04-06
87.0,44.3,533.0,5.0,8.6,29.6,0.3,0.0,12.3,1.4,1.9,14.8,42.7,0.1,3.2,0.6,34.0,43.5,1.4,10.5,0,38,1,A01454,A01454_2020-04-06,0,2020-04-06
94.7,63.9,33.0,3.8,,31.8,0.5,0.0,19.3,4.3,2.2,12.1,26.3,0.1,6.8,0.4,33.6,36.0,1.8,7.2,0,76,1,A00379,A00379_2020-04-06,0,2020-04-06
94.69999999999999,73.55,376.5,3.435,8.55,29.45,0.55,0.0,13.55,6.35,3.4,10.1,15.9,0.3,8.6,0.35,31.05,32.55,1.4,6.800000000000001,0,64,1,A01494,A01494_2020-04-06,0,2020-04-06
66.7,56.0,358.0,4.65,9.9,20.9,0.8,0.1,20.3,4.3,3.4,9.7,29.2,0.3,7.6,1.4,31.3,31.0,2.2,10.0,0,54,1,A00660,A00660_2020-04-06,0,2020-04-06
84.3,47.1,311.0,4.26,11.1,27.0,1.0,0.1,14.0,3.4,2.0,11.5,36.0,0.1,7.3,1.0,32.0,35.9,2.6,13.9,0,67,0,A01455,A01455_2020-04-06,0,2020-04-06
83.5,74.9,165.0,3.46,12.1,27.2,0.6,0.0,13.4,4.6,3.0,9.4,12.2,0.2,6.1,0.3,32.5,28.9,0.7,9.6,0,85,0,A01099,A01099_2020-04-06,0,2020-04-06
114.0,84.25,637.5,2.715,9.45,38.85,0.6,0.0,12.95,9.7,0.15,10.55,10.45,0.0,11.5,0.1,34.1,30.95,1.2,5.05,0,84,0,A00540,A00540_2020-04-06,0,2020-04-06
88.7,75.4,121.0,4.23,12.3,29.8,0.6,0.0,13.0,4.5,3.3,12.6,10.9,0.2,6.0,0.2,33.6,37.5,0.7,10.2,0,21,0,A01253,A01253_2020-04-06,0,2020-04-06
82.5,72.5,193.0,4.45,10.3,29.2,0.3,0.0,11.4,2.6,0.0,13.0,19.5,0.0,3.6,0.0,35.4,36.7,0.7,8.0,0,47,1,A01664,A01664_2020-04-06,0,2020-04-06
90.1,91.0,285.0,4.805,11.55,29.05,0.7,0.0,12.7,12.9,0.0,13.95,3.7,0.0,12.95,0.1,32.25,43.3,0.5,5.2,1,69,1,A01591,A01591_2020-04-06,1,2020-04-06
95.8,,127.0,3.34,11.5,31.1,,,13.6,,,10.4,,,4.7,,32.5,32.0,,,0,89,0,A00053,A00053_2020-04-06,0,2020-04-06
88.7,52.4,264.0,5.5,9.7,28.2,1.4,0.1,13.6,4.8,1.1,15.5,30.2,0.1,9.1,1.0,31.8,48.8,2.7,15.3,0,33,1,A00923,A00923_2020-04-06,0,2020-04-06
85.7,72.1,299.0,4.05,10.7,29.1,0.4,0.0,12.2,3.7,1.6,11.8,17.8,0.1,5.1,0.4,34.0,34.7,0.9,8.1,0,58,1,A01434,A01434_2020-04-06,0,2020-04-06
92.0,74.8,254.0,3.86,12.3,29.0,0.4,0.0,14.2,4.3,3.4,11.2,14.1,0.2,5.7,0.5,31.5,35.5,0.8,7.2,0,76,0,A00297,A00297_2020-04-06,0,2020-04-06
95.5,71.1,202.0,2.91,9.5,30.9,1.0,0.1,15.3,6.8,4.8,9.0,13.5,0.5,9.6,0.7,32.4,27.8,1.3,9.9,0,76,1,A00982,A00982_2020-04-06,0,2020-04-06
93.3,52.3,359.0,4.48,9.8,29.5,0.5,0.0,13.2,2.8,7.9,13.2,29.9,0.4,5.4,0.7,31.6,41.8,1.6,9.2,1,51,1,A00051,A00051_2020-04-06,0,2020-04-06
95.8,88.0,477.0,3.82,10.3,29.8,0.3,0.0,14.9,10.7,2.8,11.4,6.5,0.3,12.2,0.2,31.1,36.6,0.8,2.5,1,62,1,A01435,A01435_2020-04-06,0,2020-04-06
83.8,,202.0,5.51,12.7,29.6,,,12.8,,,16.3,,,7.2,,35.3,46.2,,,0,30,1,A01121,A01121_2020-04-06,0,2020-04-06
92.5,86.3,254.0,3.08,10.9,30.5,0.8,0.0,14.0,11.7,1.7,9.4,6.2,0.2,13.5,0.2,33.0,28.5,0.8,5.6,1,82,0,A00708,A00708_2020-04-06,0,2020-04-06
93.6,72.6,323.0,3.93,10.5,29.0,1.0,0.1,15.4,8.4,7.5,11.4,10.0,0.9,11.6,0.9,31.0,36.8,1.2,9.0,1,49,1,A00359,A00359_2020-04-06,0,2020-04-06
95.3,62.2,203.0,3.42,11.1,31.3,0.8,0.0,13.9,3.6,4.7,10.7,19.7,0.3,5.8,0.3,32.8,32.6,1.1,13.1,0,75,1,A00421,A00421_2020-04-06,0,2020-04-06
97.3,83.2,149.0,3.67,11.7,32.4,0.3,0.0,15.1,5.0,0.3,11.9,12.0,0.0,6.0,0.2,33.3,35.7,0.7,4.3,0,75,1,A00299,A00299_2020-04-06,0,2020-04-06
82.7,83.1,170.0,4.33,11.8,26.8,0.4,0.0,12.3,5.1,0.2,11.6,10.6,0.0,6.1,0.2,32.4,35.8,0.6,5.9,0,47,1,A01395,A01395_2020-04-06,0,2020-04-06
84.6,58.7,238.0,5.6,11.2,27.7,0.4,0.1,13.5,2.9,2.8,15.5,30.1,0.1,5.0,1.4,32.7,47.4,1.5,7.0,0,32,1,A00413,A00413_2020-04-06,0,2020-04-06
95.46666666666665,,391.3333333333333,3.83,12.6,29.5,,,14.5,,,11.3,,,17.06666666666667,,30.9,36.56666666666666,,,1,57,1,A01418,A01418_2020-04-06,0,2020-04-06
89.5,44.7,246.0,3.63,10.8,31.7,0.5,0.1,13.1,2.1,8.0,11.5,34.4,0.4,4.7,2.1,35.4,32.5,1.6,10.8,0,79,0,A00520,A00520_2020-04-06,0,2020-04-06
85.7,64.1,231.0,4.12,9.7,30.1,0.5,0.0,12.5,3.7,0.9,12.4,26.0,0.1,5.8,0.2,35.1,35.3,1.5,8.8,0,61,1,A00935,A00935_2020-04-06,0,2020-04-06
92.4,69.8,235.0,3.8,9.9,31.6,1.2,0.0,12.7,7.8,0.8,12.0,18.8,0.1,11.2,0.2,34.2,35.1,2.1,10.4,0,80,0,A01541,A01541_2020-04-06,0,2020-04-06
56.0,80.2,89.0,6.25,,18.6,0.9,0.1,20.2,11.9,0.4,11.6,12.9,0.1,14.8,0.4,33.1,35.0,1.9,6.1,1,61,1,A00111,A00111_2020-04-06,0,2020-04-06
91.3,78.6,195.0,4.7,11.5,28.9,0.6,0.1,14.3,7.6,7.1,13.6,7.4,0.7,9.7,0.6,31.7,42.9,0.7,6.3,1,56,1,A00050,A00050_2020-04-06,0,2020-04-06
89.7,75.2,239.0,3.41,11.2,29.9,0.5,0.0,14.5,6.8,0.2,10.2,18.8,0.0,9.1,0.4,33.3,30.6,1.7,5.4,0,96,0,A01243,A01243_2020-04-06,0,2020-04-06
88.39999999999999,66.9,104.3333333333333,4.146666666666667,11.76666666666667,30.23333333333333,0.7000000000000001,0.0,11.9,4.766666666666667,0.8333333333333334,12.53333333333333,22.26666666666667,0.06666666666666667,7.166666666666667,0.3,34.16666666666666,36.66666666666666,1.566666666666667,9.700000000000001,0,61,1,A00980,A00980_2020-04-06,0,2020-04-06
85.8,86.9,172.0,3.31,11.5,27.2,0.5,0.0,14.9,7.6,0.0,9.0,7.4,0.0,8.8,0.1,31.7,28.4,0.7,5.6,0,79,1,A01169,A01169_2020-04-06,0,2020-04-06
93.4,64.4,511.0,3.64,9.9,30.8,1.6,0.0,13.0,5.6,1.4,11.2,15.6,0.1,8.7,0.5,32.9,34.0,1.4,18.1,0,80,1,A00696,A00696_2020-04-06,0,2020-04-06
83.1,89.0,435.0,3.61,11.5,27.1,0.8,0.0,15.3,16.4,0.4,9.8,5.8,0.1,18.4,0.2,32.7,30.0,1.1,4.6,0,70,1,A01464,A01464_2020-04-06,0,2020-04-06
93.1,97.4,674.0,5.06,9.6,31.6,0.2,0.0,11.8,21.1,0.0,16.0,1.7,0.0,21.7,0.2,34.0,47.1,0.4,0.7,1,49,1,A01274,A01274_2020-04-06,1,2020-04-06
90.7,88.6,142.0,3.33,9.8,30.0,0.5,0.0,13.2,8.4,0.1,10.0,6.2,0.0,9.5,0.1,33.1,30.2,0.6,5.0,0,78,0,A00931,A00931_2020-04-06,0,2020-04-06
79.1,90.1,365.0,4.31,10.4,23.7,0.7,0.0,16.7,14.4,0.0,10.2,5.3,0.0,16.0,0.2,29.9,34.1,0.8,4.4,1,64,1,A00915,A00915_2020-04-06,1,2020-04-06
81.25,63.85,173.5,3.49,10.8,25.2,0.3,0.0,18.6,2.3,1.45,8.8,25.1,0.05,3.5,0.6,31.05,28.35,0.8500000000000001,9.0,0,61,0,A00690,A00690_2020-04-06,0,2020-04-06
95.43333333333334,,249.0,3.416666666666667,13.43333333333333,30.36666666666666,,,16.36666666666667,,,10.36666666666667,,,35.83333333333334,,31.83333333333333,32.6,,,1,45,1,A01599,A01599_2020-04-06,1,2020-04-06
86.4,83.6,315.0,2.43,9.9,26.7,0.4,0.0,13.2,7.3,0.6,6.5,11.1,0.1,8.7,0.1,31.0,21.0,1.0,4.6,0,38,1,A00443,A00443_2020-04-06,0,2020-04-06
90.8,86.7,200.0,4.24,12.1,30.0,0.5,0.0,15.5,11.9,2.4,12.7,7.1,0.3,13.7,0.1,33.0,38.5,1.0,3.7,1,72,1,A01289,A01289_2020-04-06,1,2020-04-06
82.6,76.4,156.0,3.68,12.6,26.9,0.5,0.0,13.0,8.3,0.0,9.9,19.2,0.0,10.9,0.1,32.6,30.4,2.1,4.3,0,92,0,A01193,A01193_2020-04-06,0,2020-04-06
92.5,86.3,254.0,3.08,10.9,30.5,0.8,0.0,14.0,11.7,1.7,9.4,6.2,0.2,13.5,0.2,33.0,28.5,0.8,5.6,1,76,1,A00726,A00726_2020-04-06,0,2020-04-06
84.3,47.1,311.0,4.26,11.1,27.0,1.0,0.1,14.0,3.4,2.0,11.5,36.0,0.1,7.3,1.0,32.0,35.9,2.6,13.9,0,49,1,A01483,A01483_2020-04-06,0,2020-04-06
94.2,82.1,353.0,2.76,9.9,31.2,0.5,0.0,13.5,7.6,0.7,8.6,12.1,0.1,9.2,0.2,33.1,26.0,1.1,4.9,0,41,1,A00087,A00087_2020-04-06,0,2020-04-06
96.15,88.9,251.5,4.41,11.7,30.5,2.5,0.1,12.4,32.4,0.0,13.45,4.0,0.0,37.0,0.2,31.75,42.4,1.5,6.9,1,80,1,A00341,A00341_2020-04-06,0,2020-04-06
87.0,71.5,439.0,4.92,9.5,29.5,0.6,0.0,13.0,5.1,1.3,14.5,18.2,0.1,7.1,0.3,33.9,42.8,1.3,8.7,0,67,1,A01217,A01217_2020-04-06,0,2020-04-06
87.9,65.9,302.0,3.79,10.9,29.6,1.8,0.1,13.2,9.3,3.4,11.2,17.7,0.5,14.1,0.5,33.6,33.3,2.5,12.5,0,49,1,A00084,A00084_2020-04-06,0,2020-04-06
90.8,55.2,287.0,4.13,11.0,30.8,0.9,0.1,12.5,5.7,5.5,12.7,29.9,0.6,10.3,1.0,33.9,37.5,3.1,8.4,0,76,1,A01378,A01378_2020-04-06,0,2020-04-06
85.0,95.4,142.0,3.59,,29.2,0.2,0.0,17.3,10.3,0.0,10.5,2.7,0.0,10.8,0.1,34.4,30.5,0.3,1.8,0,94,0,A00018,A00018_2020-04-06,0,2020-04-06
95.3,94.1,89.0,3.44,11.6,29.9,0.1,0.0,14.7,7.0,1.1,10.3,3.4,0.1,7.4,0.3,31.4,32.8,0.3,1.1,1,46,1,A00594,A00594_2020-04-06,0,2020-04-06
89.2,73.2,348.0,3.7,9.7,29.5,0.3,0.0,13.0,4.0,2.6,10.9,19.1,0.1,5.5,0.4,33.0,33.0,1.1,4.7,0,55,0,A00723,A00723_2020-04-06,0,2020-04-06
82.2,62.0,594.0,4.15,10.4,26.5,0.8,0.0,16.1,4.5,6.9,11.0,19.1,0.5,7.3,0.5,32.3,34.1,1.4,11.5,0,62,0,A01352,A01352_2020-04-06,0,2020-04-06
87.6,92.7,370.0,3.96,11.5,28.0,0.9,0.0,15.6,28.0,0.8,11.1,3.6,0.2,30.2,0.0,32.0,34.7,1.1,2.9,1,65,0,A01086,A01086_2020-04-06,0,2020-04-06
92.5,87.1,453.0,3.33,9.6,31.2,0.5,0.0,12.3,7.5,0.0,10.4,7.4,0.0,8.6,0.1,33.8,30.8,0.6,5.4,0,58,0,A00714,A00714_2020-04-06,0,2020-04-06
61.5,,743.0,5.14,10.5,19.3,,,15.3,,,9.9,,,18.8,,31.3,31.6,,,1,69,1,A01129,A01129_2020-04-06,0,2020-04-06
87.6,80.5,380.0,2.99,9.7,29.1,1.6,0.0,17.2,11.6,0.6,8.7,7.3,0.1,14.4,0.3,33.2,26.2,1.1,11.3,0,73,1,A01381,A01381_2020-04-06,0,2020-04-06
91.1,76.5,815.0,5.28,11.8,27.3,1.1,0.0,15.8,15.3,0.1,14.4,17.8,0.0,20.0,0.2,29.9,48.1,3.6,5.4,1,62,1,A00546,A00546_2020-04-06,0,2020-04-06
81.9,50.1,295.0,5.4,11.6,26.9,1.0,0.1,16.4,3.6,8.4,14.5,26.8,0.6,7.1,1.1,32.8,44.2,1.9,13.6,0,39,1,A01387,A01387_2020-04-06,0,2020-04-06
88.7,75.4,121.0,4.23,12.3,29.8,0.6,0.0,13.0,4.5,3.3,12.6,10.9,0.2,6.0,0.2,33.6,37.5,0.7,10.2,0,82,1,A01360,A01360_2020-04-06,0,2020-04-06
91.8,72.2,89.0,4.03,12.0,31.3,0.7,0.0,12.2,3.0,0.0,12.6,11.7,0.0,4.1,0.0,34.1,37.0,0.5,16.1,0,80,1,A01314,A01314_2020-04-06,0,2020-04-06
86.9,72.2,124.0,4.12,12.0,29.1,0.7,0.0,13.9,6.2,2.1,12.0,17.3,0.2,8.6,0.3,33.5,35.8,1.5,8.1,0,69,1,A01287,A01287_2020-04-06,0,2020-04-06
93.5,64.6,203.0,4.46,10.8,32.1,1.8,0.2,13.1,9.0,3.2,14.3,18.1,0.4,13.9,1.1,34.3,41.7,2.5,13.0,0,80,1,A00117,A00117_2020-04-06,0,2020-04-06
87.6,54.1,262.0,5.08,10.6,29.3,0.7,0.0,13.4,2.9,2.6,14.9,29.9,0.1,5.4,0.6,33.5,44.5,1.6,12.8,0,57,1,A01263,A01263_2020-04-06,0,2020-04-06
87.6,57.5,246.0,3.7,12.6,30.3,0.5,0.0,13.9,4.3,9.7,11.2,25.9,0.7,7.5,0.5,34.6,32.4,1.9,6.4,0,54,1,A01478,A01478_2020-04-06,0,2020-04-06
94.8,79.3,330.0,3.81,10.4,31.5,0.7,0.0,13.7,7.0,0.8,12.0,12.1,0.1,8.8,0.1,33.2,36.1,1.1,7.7,0,49,1,A01448,A01448_2020-04-06,0,2020-04-06
88.6,61.2,328.0,3.77,11.8,30.0,1.0,0.1,12.8,3.6,0.0,11.3,21.2,0.0,5.9,1.4,33.8,33.4,1.3,16.2,0,72,0,A00942,A00942_2020-04-06,0,2020-04-06
84.3,59.8,257.0,4.89,9.6,29.4,0.5,0.0,12.4,2.2,3.6,14.4,23.0,0.1,3.6,0.0,35.0,41.2,0.8,13.6,0,46,1,A00052,A00052_2020-04-06,0,2020-04-06
85.5,93.3,144.5,2.89,11.95,29.25,1.0,0.0,12.9,17.3,0.1,8.45,1.1,0.0,18.7,0.2,34.2,24.7,0.2,5.3,1,59,0,A00495,A00495_2020-04-06,1,2020-04-06
89.9,72.1,112.0,4.85,12.1,30.5,0.4,0.0,13.5,4.5,0.0,14.8,22.0,0.0,6.3,0.2,33.9,43.6,1.4,5.7,0,52,0,A01065,A01065_2020-04-06,0,2020-04-06
94.69999999999999,73.55,376.5,3.435,8.55,29.45,0.55,0.0,13.55,6.35,3.4,10.1,15.9,0.3,8.6,0.35,31.05,32.55,1.4,6.800000000000001,0,64,1,A01495,A01495_2020-04-06,0,2020-04-06
91.6,89.0,333.5,4.47,8.75,30.35,0.5,0.1,14.55,14.55,0.4,13.55,7.0,0.05,16.35,0.6,33.09999999999999,40.90000000000001,1.2,3.0,1,74,1,A00632,A00632_2020-04-06,0,2020-04-06
89.05,40.65000000000001,501.5,4.744999999999999,9.2,29.6,0.6,0.0,12.15,1.85,5.4,14.05,40.15000000000001,0.25,4.55,0.85,33.25,42.25,1.85,12.95,0,47,1,A01180,A01180_2020-04-06,0,2020-04-06
81.5,70.6,197.0,5.03,9.2,30.2,0.6,0.0,11.9,5.0,1.7,15.2,19.0,0.1,7.1,0.6,37.1,41.0,1.3,8.1,0,48,1,A00771,A00771_2020-04-06,0,2020-04-06
83.5,79.3,554.0,4.17,10.6,29.5,1.0,0.0,12.2,9.4,0.0,12.3,12.3,0.0,11.9,0.2,35.3,34.8,1.5,8.2,0,52,0,A01533,A01533_2020-04-06,0,2020-04-06
86.9,52.8,488.0,4.19,8.9,29.1,0.2,0.0,13.2,1.4,1.6,12.2,36.6,0.0,2.6,0.4,33.5,36.4,1.0,8.6,0,57,1,A00731,A00731_2020-04-06,0,2020-04-06
78.30000000000001,81.1,373.0,3.91,12.55,23.7,0.55,0.0,16.7,9.75,0.15,9.25,13.1,0.0,11.75,0.4,30.25,30.6,1.4,5.25,0,64,0,A01660,A01660_2020-04-06,0,2020-04-06
99.7,,153.0,3.71,12.4,31.0,,,13.6,,,11.5,,,14.9,,31.1,37.0,,,1,54,1,A01316,A01316_2020-04-06,1,2020-04-06
90.5,81.10000000000001,190.0,2.886666666666667,12.3,28.06666666666666,1.4,0.06666666666666667,22.1,20.3,2.4,8.1,9.666666666666666,0.6,24.96666666666667,0.2,31.0,26.13333333333334,2.4,5.633333333333333,1,61,1,A01628,A01628_2020-04-06,0,2020-04-06
77.2,59.3,552.0,4.65,9.3,24.5,0.7,0.0,15.0,5.8,0.2,11.4,33.3,0.0,9.7,0.2,31.8,35.9,3.2,7.0,0,49,0,A00820,A00820_2020-04-06,0,2020-04-06
88.4,78.1,557.0,2.94,11.1,29.6,1.9,0.1,14.5,17.1,0.2,8.7,12.7,0.0,21.9,0.4,33.5,26.0,2.8,8.6,0,86,0,A01505,A01505_2020-04-06,0,2020-04-06
83.0,37.6,308.0,4.81,10.4,28.3,0.6,0.0,12.4,1.7,4.3,13.6,44.3,0.2,4.6,0.4,34.1,39.9,2.0,13.4,0,35,1,A00447,A00447_2020-04-06,0,2020-04-06
84.3,47.1,311.0,4.26,11.1,27.0,1.0,0.1,14.0,3.4,2.0,11.5,36.0,0.1,7.3,1.0,32.0,35.9,2.6,13.9,0,49,1,A01482,A01482_2020-04-06,0,2020-04-06
90.55,68.4,137.5,4.71,11.75,30.7,1.1,0.0,12.15,6.65,0.35,14.45,20.0,0.0,9.7,0.3,33.85,42.65,1.95,10.95,0,66,1,A00521,A00521_2020-04-06,0,2020-04-06
86.9,57.6,151.0,5.12,11.3,29.9,0.4,0.0,12.3,3.0,0.8,15.3,33.3,0.0,5.2,0.4,34.4,44.5,1.7,7.9,0,38,1,A00083,A00083_2020-04-06,0,2020-04-06
91.2,75.7,366.0,3.4,9.8,29.4,0.6,0.0,13.7,5.7,0.3,10.0,15.4,0.0,7.5,0.3,32.3,31.0,1.2,8.3,0,81,0,A00758,A00758_2020-04-06,0,2020-04-06
78.9,69.0,387.0,4.64,10.1,24.8,0.7,0.0,13.8,5.9,1.2,11.5,21.1,0.1,8.6,0.5,31.4,36.6,1.8,8.2,0,32,0,A00025,A00025_2020-04-06,0,2020-04-06
93.4,85.2,188.0,4.53,12.2,29.1,0.7,0.0,13.4,10.5,2.3,13.2,6.3,0.3,12.3,0.3,31.2,42.3,0.8,5.9,0,77,1,A00586,A00586_2020-04-06,0,2020-04-06
84.9,87.1,257.0,5.29,10.8,29.1,0.6,0.0,12.9,9.3,0.0,15.4,6.6,0.0,10.7,0.3,34.3,44.9,0.7,6.0,0,60,1,A01176,A01176_2020-04-06,0,2020-04-06
89.25,31.5,164.0,4.710000000000001,12.05,29.5,0.15,0.0,13.55,4.25,0.0,13.9,67.5,0.0,13.5,0.0,33.05,42.05,9.1,1.0,0,78,1,A01474,A01474_2020-04-06,0,2020-04-06
86.8,73.0,210.0,4.08,11.1,27.9,0.7,0.0,13.5,5.4,1.3,11.4,16.4,0.1,7.4,0.3,32.2,35.4,1.2,9.0,0,86,1,A01437,A01437_2020-04-06,0,2020-04-06
94.9,59.9,241.0,3.11,10.3,29.6,1.1,0.0,13.7,4.9,1.1,9.2,25.2,0.1,8.1,0.2,31.2,29.5,2.0,13.6,0,72,1,A00317,A00317_2020-04-06,0,2020-04-06
91.3,72.6,198.0,3.35,9.3,31.0,0.2,0.0,16.5,2.0,4.3,10.4,16.3,0.1,2.8,1.4,34.0,30.6,0.5,5.4,0,80,0,A01278,A01278_2020-04-06,0,2020-04-06
96.2,63.8,209.0,3.93,11.0,31.0,0.4,0.0,13.7,2.9,2.7,12.2,24.6,0.1,4.5,0.4,32.3,37.8,1.1,8.5,0,88,0,A00972,A00972_2020-04-06,0,2020-04-06
91.75,89.1,403.0,4.115,9.850000000000001,29.55,0.2,0.1,14.0,7.6,0.1,12.15,7.8,0.0,11.8,0.6,32.2,37.75,0.7,2.4,1,70,1,A01267,A01267_2020-04-06,0,2020-04-06
78.2,90.0,221.0,4.18,,24.4,0.6,0.1,28.8,10.7,1.0,10.2,3.3,0.1,11.9,0.7,31.2,32.7,0.4,5.0,0,76,0,A01399,A01399_2020-04-06,0,2020-04-06
82.9,72.5,203.0,4.26,12.5,27.2,0.7,0.0,13.0,3.9,0.0,11.6,14.9,0.0,5.4,0.2,32.9,35.3,0.8,12.4,0,54,1,A01154,A01154_2020-04-06,0,2020-04-06
88.7,80.5,379.0,4.62,10.0,27.7,1.5,0.1,15.8,10.4,1.2,12.8,6.1,0.2,12.9,0.5,31.2,41.0,0.8,11.7,1,65,1,A00060,A00060_2020-04-06,0,2020-04-06
88.8,95.6,122.0,4.03,10.9,29.0,0.3,0.0,14.5,16.9,0.0,11.7,2.8,0.0,17.7,0.1,32.7,35.8,0.5,1.5,0,92,1,A00460,A00460_2020-04-06,0,2020-04-06
102.3,72.2,266.0,3.54,10.0,35.3,0.9,0.1,13.0,6.9,4.1,12.5,13.5,0.4,9.6,0.7,34.5,36.2,1.3,9.5,0,82,1,A00345,A00345_2020-04-06,0,2020-04-06
92.8,45.7,136.0,4.03,12.7,30.0,0.7,0.0,13.4,2.8,2.1,12.1,40.0,0.1,6.1,0.8,32.4,37.4,2.4,11.4,0,59,1,A01280,A01280_2020-04-06,0,2020-04-06
73.4,86.9,164.0,4.66,11.9,23.4,0.5,0.0,15.5,10.9,1.4,10.9,7.2,0.2,12.6,0.2,31.9,34.2,0.9,4.3,0,80,0,A00575,A00575_2020-04-06,0,2020-04-06
92.8,51.5,160.0,3.9,12.2,30.0,1.0,0.0,13.1,3.0,1.4,11.7,30.1,0.1,5.9,0.2,32.3,36.2,1.8,16.8,0,40,0,A00553,A00553_2020-04-06,0,2020-04-06
94.8,21.0,172.0,4.01,10.9,30.9,0.5,0.0,12.3,0.5,3.4,12.4,54.6,0.1,2.6,1.9,32.6,38.0,1.4,19.1,0,59,1,A01648,A01648_2020-04-06,0,2020-04-06
77.5,87.3,261.0,4.13,,24.5,0.8,0.1,29.3,10.7,1.5,10.1,4.3,0.2,12.2,0.6,31.6,32.0,0.5,6.3,0,76,0,A01399,A01399_2020-04-07,0,2020-04-07
92.5,68.3,106.0,4.16,11.6,30.3,0.7,0.0,13.8,6.1,1.0,12.6,23.0,0.1,9.0,0.2,32.7,38.5,2.1,7.5,0,81,1,A00650,A00650_2020-04-07,0,2020-04-07
56.9,83.8,151.0,6.5,,18.9,0.9,0.2,20.5,15.6,1.1,12.3,9.3,0.2,18.6,1.0,33.2,37.0,1.7,4.8,1,61,1,A00111,A00111_2020-04-07,0,2020-04-07
96.85,78.9,396.5,3.025,11.1,29.75,0.75,0.0,17.5,9.15,4.05,9.0,10.35,0.45,11.6,0.35,30.7,29.3,1.2,6.35,1,67,1,A00349,A00349_2020-04-07,0,2020-04-07
92.3,70.1,212.0,4.27,10.9,30.0,0.7,0.1,14.5,7.3,13.3,12.8,8.8,1.4,10.4,0.7,32.5,39.4,0.9,7.1,1,56,1,A00050,A00050_2020-04-07,0,2020-04-07
79.3,41.0,217.0,5.35,9.6,26.0,0.3,0.0,15.9,1.1,0.0,13.9,45.2,0.0,2.6,0.4,32.8,42.4,1.2,13.4,0,75,0,A00496,A00496_2020-04-07,0,2020-04-07
86.15,75.75,190.5,4.359999999999999,9.95,28.9,0.4,0.0,13.1,4.800000000000001,0.0,12.6,17.5,0.0,6.35,0.25,33.55,37.55,1.1,6.5,0,57,0,A01307,A01307_2020-04-07,0,2020-04-07
85.9,68.5,231.0,4.05,11.3,27.4,0.5,0.0,13.3,4.2,3.1,11.1,20.3,0.2,6.2,0.2,31.9,34.8,1.3,7.9,0,86,1,A01437,A01437_2020-04-07,0,2020-04-07
85.9,67.9,215.0,4.95,11.5,28.5,0.5,0.0,12.3,3.9,0.7,14.1,22.2,0.0,5.8,0.2,33.2,42.5,1.3,9.0,0,38,1,A00083,A00083_2020-04-07,0,2020-04-07
94.8,90.9,402.0,3.46,10.7,29.5,0.3,0.0,14.6,11.8,1.2,10.2,5.5,0.2,13.0,0.2,31.1,32.8,0.7,2.2,1,62,1,A01435,A01435_2020-04-07,0,2020-04-07
91.8,77.5,285.0,3.29,10.2,29.8,0.7,0.0,13.2,6.0,1.6,9.8,11.9,0.1,7.7,0.5,32.5,30.2,0.9,8.5,0,71,1,A00039,A00039_2020-04-07,0,2020-04-07
85.4,67.4,325.0,4.59,10.3,27.9,1.0,0.0,13.6,6.9,2.6,12.8,20.4,0.3,10.3,0.3,32.7,39.2,2.1,9.3,0,52,1,A01330,A01330_2020-04-07,0,2020-04-07
87.4,69.1,239.0,3.56,10.6,25.6,0.4,0.1,16.8,4.0,1.4,9.1,22.3,0.1,5.8,1.0,29.3,31.1,1.3,6.2,1,67,0,A01225,A01225_2020-04-07,0,2020-04-07
106.6,88.5,150.0,2.89,9.2,35.3,0.5,0.0,14.8,9.3,0.0,10.2,6.4,0.0,10.5,0.1,33.1,30.8,0.7,5.0,0,62,1,A00254,A00254_2020-04-07,0,2020-04-07
84.6,54.6,461.0,4.49,10.0,28.5,0.6,0.0,13.2,2.5,3.1,12.8,29.0,0.1,4.5,0.4,33.7,38.0,1.3,12.9,0,55,1,A01445,A01445_2020-04-07,0,2020-04-07
93.6,71.5,309.0,3.9,10.5,28.7,1.6,0.1,15.5,10.4,9.0,11.2,8.0,1.3,14.5,0.6,30.7,36.5,1.2,10.9,1,49,1,A00359,A00359_2020-04-07,0,2020-04-07
62.8,,664.0,4.95,10.3,19.6,,,15.5,,,9.7,,,16.0,,31.2,31.1,,,1,69,1,A01129,A01129_2020-04-07,0,2020-04-07
94.7,66.2,169.0,4.14,10.3,32.9,0.6,0.0,12.4,3.8,1.8,13.6,21.7,0.1,5.7,0.4,34.7,39.2,1.2,9.9,0,80,1,A01386,A01386_2020-04-07,0,2020-04-07
91.65,68.9,146.0,4.105,11.75,31.55,0.9,0.0,12.2,5.1,1.1,12.95,17.8,0.1,7.45,0.25,34.40000000000001,37.59999999999999,1.35,11.95,0,66,1,A00521,A00521_2020-04-07,0,2020-04-07
89.5,87.7,211.0,4.19,10.5,30.1,0.1,0.0,13.2,4.0,0.4,12.6,9.1,0.0,4.6,0.0,33.6,37.5,0.4,2.8,1,50,1,A00798,A00798_2020-04-07,0,2020-04-07
91.6,77.3,275.0,2.85,10.9,30.2,0.8,0.0,14.1,8.8,3.9,8.6,11.2,0.4,11.4,0.4,33.0,26.1,1.3,7.2,1,82,0,A00708,A00708_2020-04-07,0,2020-04-07
83.1,,160.0,3.62,11.8,29.3,,,15.6,,,10.6,,,19.8,,35.2,30.1,,,1,59,0,A00495,A00495_2020-04-07,1,2020-04-07
97.7,,257.0,3.373333333333334,13.33333333333333,30.26666666666667,,,16.33333333333333,,,10.2,,,29.1,,31.0,32.96666666666667,,,1,45,1,A01599,A01599_2020-04-07,1,2020-04-07
86.2,95.0,124.0,3.26,,28.8,0.3,0.0,17.4,10.5,0.0,9.4,2.6,0.0,11.0,0.1,33.5,28.1,0.3,2.3,0,94,0,A00018,A00018_2020-04-07,0,2020-04-07
91.9,27.0,131.0,4.47,9.7,30.4,0.4,0.0,13.5,0.5,0.0,13.6,50.0,0.0,1.7,0.0,33.1,41.1,0.9,22.0,0,84,0,A01107,A01107_2020-04-07,0,2020-04-07
94.6,85.7,84.5,3.71,14.5,31.1,1.1,0.1,14.6,16.5,0.9,11.55,7.4,0.2,18.9,0.4,32.9,35.1,1.4,5.6,1,71,1,A01048,A01048_2020-04-07,0,2020-04-07
93.1,67.2,526.0,3.91,9.9,30.4,1.1,0.1,13.1,5.7,1.2,11.9,17.9,0.1,8.5,0.6,32.7,36.4,1.5,13.1,0,80,1,A00696,A00696_2020-04-07,0,2020-04-07
85.1,67.0,311.0,4.43,9.8,27.5,0.9,0.1,13.4,5.8,8.3,12.2,13.2,0.7,8.6,0.9,32.4,37.7,1.1,10.6,0,60,1,A00382,A00382_2020-04-07,0,2020-04-07
94.1,,255.0,3.2,10.0,29.4,,,14.0,,,9.4,,,7.5,,31.2,30.1,,,0,72,1,A00317,A00317_2020-04-07,0,2020-04-07
95.3,,171.0,3.82,11.6,30.9,,,12.4,,,11.8,,,25.1,,32.4,36.4,,,1,80,1,A00341,A00341_2020-04-07,0,2020-04-07
92.0,83.9,259.0,3.62,11.5,29.8,0.8,0.0,12.4,9.2,1.4,10.8,7.0,0.2,11.0,0.2,32.4,33.3,0.8,7.5,1,69,1,A01591,A01591_2020-04-07,1,2020-04-07
67.7,56.1,199.0,5.38,,21.9,0.7,0.0,18.1,4.7,1.7,11.8,33.6,0.1,8.4,0.5,32.4,36.4,2.8,8.1,0,63,1,A00047,A00047_2020-04-07,0,2020-04-07
84.3,73.0,261.0,5.72,9.5,29.2,0.3,0.0,12.1,5.4,0.3,16.7,21.6,0.0,7.4,0.4,34.6,48.2,1.6,4.7,0,21,1,A00528,A00528_2020-04-07,0,2020-04-07
92.2,87.1,152.0,3.35,10.6,29.6,0.4,0.0,13.2,6.1,0.3,9.9,6.9,0.0,7.0,0.1,32.0,30.9,0.5,5.6,0,78,0,A00931,A00931_2020-04-07,0,2020-04-07
87.65,65.95,335.5,4.48,10.4,29.8,0.7,0.0,12.45,4.5,3.95,13.35,20.15,0.3,6.85,0.2,34.0,39.25,1.35,9.75,0,56,1,A00393,A00393_2020-04-07,0,2020-04-07
83.2,87.0,211.0,4.93,9.9,29.2,0.3,0.0,11.9,5.7,0.0,14.4,8.0,0.0,6.5,0.2,35.1,41.0,0.5,4.8,0,54,1,A01676,A01676_2020-04-07,0,2020-04-07
96.6,86.2,148.0,3.78,12.0,32.3,0.3,0.0,15.0,5.3,1.2,12.2,8.2,0.1,6.1,0.3,33.4,36.5,0.5,4.1,0,75,1,A00299,A00299_2020-04-07,0,2020-04-07
82.9,51.5,214.0,3.98,9.9,27.9,0.4,0.0,12.3,2.1,3.0,11.1,34.7,0.1,4.1,0.5,33.6,33.0,1.4,10.3,0,64,0,A00920,A00920_2020-04-07,0,2020-04-07
86.7,70.3,140.0,3.83,11.0,29.5,0.6,0.0,14.1,5.4,2.7,11.3,19.1,0.2,7.7,0.5,34.0,33.2,1.5,7.4,0,69,1,A01287,A01287_2020-04-07,0,2020-04-07
92.9,55.7,345.0,3.37,9.9,30.9,0.5,0.0,12.6,3.3,3.2,10.4,31.9,0.2,6.0,0.3,33.2,31.3,1.9,8.9,0,74,0,A00021,A00021_2020-04-07,0,2020-04-07
65.4,64.0,314.0,4.31,10.5,20.9,0.7,0.1,19.9,4.4,3.6,9.0,20.7,0.2,6.9,1.2,31.9,28.2,1.4,10.5,0,54,1,A00660,A00660_2020-04-07,0,2020-04-07
83.75,87.25,229.0,5.609999999999999,11.5,28.15,0.45,0.0,13.95,7.4,0.0,15.8,6.95,0.0,8.5,0.2,33.6,46.95,0.6000000000000001,5.6,0,74,1,A01430,A01430_2020-04-07,0,2020-04-07
85.3,45.7,52.0,4.28,12.2,27.6,0.7,0.0,12.0,2.8,3.8,11.8,38.4,0.2,6.2,0.8,32.3,36.5,2.4,11.3,0,54,1,A01363,A01363_2020-04-07,0,2020-04-07
84.9,50.3,167.0,3.98,10.4,28.1,0.5,0.0,12.7,2.1,3.0,11.2,33.6,0.1,4.1,0.5,33.1,33.8,1.4,12.6,0,56,1,A00870,A00870_2020-04-07,0,2020-04-07
91.6,77.3,275.0,2.85,10.9,30.2,0.8,0.0,14.1,8.8,3.9,8.6,11.2,0.4,11.4,0.4,33.0,26.1,1.3,7.2,1,76,1,A00726,A00726_2020-04-07,0,2020-04-07
88.2,68.1,182.0,4.5,10.1,30.4,0.3,0.0,13.8,5.1,0.0,13.7,27.4,0.0,7.5,0.1,34.5,39.7,2.1,4.4,0,62,0,A01611,A01611_2020-04-07,0,2020-04-07
93.8,83.7,176.0,3.85,12.1,30.1,0.5,0.0,15.4,9.8,2.8,11.6,8.7,0.3,11.7,0.3,32.1,36.1,1.0,4.5,1,72,1,A01289,A01289_2020-04-07,1,2020-04-07
84.9,34.7,165.0,2.99,10.8,27.1,0.5,0.0,15.5,1.1,2.2,8.1,46.7,0.1,3.2,0.6,31.9,25.4,1.5,15.8,0,75,0,A01513,A01513_2020-04-07,0,2020-04-07
94.0,51.5,270.5,3.51,13.85,30.2,0.8,0.1,15.0,4.1,8.3,10.6,28.9,0.6499999999999999,7.95,1.15,32.15,33.0,2.3,10.15,0,79,1,A01364,A01364_2020-04-07,0,2020-04-07
85.9,47.6,177.0,4.53,11.3,28.0,0.8,0.0,12.5,2.7,1.2,12.7,37.2,0.1,5.7,0.4,32.6,38.9,2.1,13.6,0,63,1,A00219,A00219_2020-04-07,0,2020-04-07
93.1,88.2,325.0,4.07,9.2,30.0,0.4,0.1,15.1,12.9,1.3,12.2,7.0,0.2,14.6,0.5,32.2,37.9,1.0,3.0,1,74,1,A00632,A00632_2020-04-07,0,2020-04-07
91.8,76.4,536.0,2.91,10.7,28.9,1.0,0.1,14.2,9.2,5.5,8.4,9.0,0.7,12.1,0.9,31.5,26.7,1.1,8.2,0,61,1,A01084,A01084_2020-04-07,0,2020-04-07
94.1,73.3,275.0,4.04,10.4,34.9,1.5,0.0,14.8,8.4,0.0,14.1,13.6,0.0,11.5,0.4,37.1,38.0,1.6,12.7,0,88,1,A01375,A01375_2020-04-07,0,2020-04-07
96.86666666666667,,290.0,3.513333333333333,12.43333333333333,30.2,,,14.36666666666667,,,10.6,,,12.3,,31.13333333333334,34.03333333333334,,,1,57,1,A01418,A01418_2020-04-07,0,2020-04-07
93.1,62.4,383.0,2.77,9.8,30.0,0.4,0.0,14.6,1.9,8.4,8.3,14.6,0.3,3.1,0.6,32.2,25.8,0.5,14.0,0,48,0,A00834,A00834_2020-04-07,0,2020-04-07
87.3,72.6,292.0,4.33,10.2,29.1,0.9,0.1,14.7,8.2,0.3,12.6,18.6,0.0,11.3,0.7,33.3,37.8,2.1,7.8,0,71,0,A01152,A01152_2020-04-07,0,2020-04-07
87.7,71.9,229.0,5.6,11.0,29.6,0.7,0.0,14.4,6.0,0.0,16.6,20.0,0.0,8.4,0.2,33.8,49.1,1.7,7.9,0,59,1,A00342,A00342_2020-04-07,0,2020-04-07
89.6,63.45,249.0,3.265,10.3,29.9,0.6499999999999999,0.1,13.3,4.0,4.05,9.75,21.05,0.25,6.300000000000001,0.95,33.3,29.25,1.3,10.5,0,77,1,A00699,A00699_2020-04-07,0,2020-04-07
89.2,69.5,133.0,3.97,11.0,29.7,0.3,0.0,13.2,2.9,0.2,11.8,23.2,0.0,4.2,0.0,33.3,35.4,1.0,7.1,0,78,0,A00485,A00485_2020-04-07,0,2020-04-07
86.44999999999999,86.94999999999999,571.5,5.074999999999999,10.75,28.4,0.75,0.05,13.25,12.35,0.7,14.4,6.65,0.1,14.15,0.45,32.8,43.85,0.9,5.25,1,56,1,A00717,A00717_2020-04-07,0,2020-04-07
89.5,80.6,343.0,4.38,9.8,27.9,1.4,0.0,15.7,10.0,1.1,12.2,6.5,0.1,12.4,0.2,31.1,39.2,0.8,11.6,1,65,1,A00060,A00060_2020-04-07,0,2020-04-07
84.2,79.7,283.0,4.37,10.2,28.8,0.4,0.0,12.6,7.7,0.7,12.6,15.7,0.1,9.7,0.2,34.2,36.8,1.5,3.7,0,42,0,A01069,A01069_2020-04-07,0,2020-04-07
92.4,81.4,565.0,4.75,9.8,32.0,0.8,0.0,11.9,10.3,2.3,15.2,9.9,0.3,12.6,0.2,34.6,43.9,1.2,6.2,1,49,1,A01274,A01274_2020-04-07,1,2020-04-07
94.2,70.3,226.0,3.09,9.8,29.8,0.9,0.0,15.3,6.7,3.5,9.2,16.4,0.3,9.5,0.5,31.6,29.1,1.6,9.3,0,76,1,A00982,A00982_2020-04-07,0,2020-04-07
85.5,78.1,303.0,4.29,10.7,28.9,1.2,0.1,14.6,10.5,0.0,12.4,12.1,0.0,13.5,0.6,33.8,36.7,1.6,9.2,0,65,0,A00952,A00952_2020-04-07,0,2020-04-07
92.9,84.8,476.0,3.94,11.3,29.2,2.3,0.0,14.5,16.2,0.0,11.5,3.0,0.0,19.1,0.2,31.4,36.6,0.6,12.0,1,63,1,A01125,A01125_2020-04-07,0,2020-04-07
97.8,24.7,135.0,3.17,10.6,32.5,0.5,0.0,12.8,1.1,0.5,10.3,63.3,0.0,4.3,0.2,33.2,31.0,2.7,11.3,0,52,1,A00544,A00544_2020-04-07,0,2020-04-07
91.6,74.1,178.0,4.17,11.1,30.0,0.9,0.1,15.4,7.6,0.3,12.5,16.6,0.0,10.2,0.5,32.7,38.2,1.7,8.5,0,83,1,A00672,A00672_2020-04-07,0,2020-04-07
91.2,44.1,131.0,4.43,10.8,29.3,0.4,0.0,13.2,1.2,0.0,13.0,41.5,0.0,2.7,0.4,32.2,40.4,1.1,14.0,0,93,0,A00177,A00177_2020-04-07,0,2020-04-07
93.9,88.3,166.0,3.74,10.7,31.8,0.5,0.0,14.2,8.3,0.0,11.9,6.1,0.0,9.4,0.2,33.9,35.1,0.6,5.4,0,82,0,A00989,A00989_2020-04-07,0,2020-04-07
89.55,67.65,206.5,3.1,11.35,28.55,1.0,0.0,17.6,4.4,3.0,8.85,13.55,0.2,6.449999999999999,0.55,31.85,27.7,0.8500000000000001,15.25,0,81,0,A00316,A00316_2020-04-07,0,2020-04-07
86.0,78.9,513.0,4.7,8.6,30.2,0.8,0.1,11.9,9.8,0.2,14.2,13.8,0.0,12.4,0.5,35.1,40.4,1.7,6.6,0,60,1,A00774,A00774_2020-04-07,0,2020-04-07
87.5,90.6,357.0,3.69,11.6,27.6,1.1,0.1,15.9,26.9,1.3,10.2,3.8,0.4,29.7,0.5,31.6,32.3,1.1,3.8,1,65,0,A01086,A01086_2020-04-07,0,2020-04-07
93.3,37.4,337.0,3.13,10.4,31.9,0.7,0.0,12.2,2.1,6.7,10.0,42.3,0.4,5.6,0.5,34.2,29.2,2.4,13.1,0,66,1,A00015,A00015_2020-04-07,0,2020-04-07
87.55000000000001,61.3,297.5,3.455,9.649999999999999,27.65,0.45,0.05,13.2,6.65,2.55,9.55,31.15,0.3,10.8,0.45,31.55,30.25,3.35,4.550000000000001,0,62,0,A00306,A00306_2020-04-07,0,2020-04-07
98.9,55.5,207.0,3.55,10.9,33.5,0.5,0.0,15.7,3.7,13.8,11.9,22.4,0.9,6.7,0.5,33.9,35.1,1.5,7.8,0,56,1,A01480,A01480_2020-04-07,0,2020-04-07
88.2,39.6,181.0,4.31,10.4,31.3,0.6,0.0,13.1,2.9,2.7,13.5,48.8,0.2,7.4,0.4,35.5,38.0,3.6,8.5,0,61,0,A00736,A00736_2020-04-07,0,2020-04-07
85.8,90.0,309.0,2.95,9.7,26.8,0.2,0.0,13.6,10.2,0.0,7.9,8.0,0.0,11.3,0.0,31.2,25.3,0.9,2.0,0,38,1,A00443,A00443_2020-04-07,0,2020-04-07
82.5,49.6,239.0,5.49,12.1,27.1,0.9,0.1,16.4,3.8,10.2,14.9,27.1,0.8,7.7,1.3,32.9,45.3,2.1,11.8,0,39,1,A01387,A01387_2020-04-07,0,2020-04-07
85.6,76.2,129.0,4.23,10.5,29.3,0.4,0.0,13.6,3.7,0.2,12.4,14.6,0.0,4.9,0.2,34.3,36.2,0.7,8.8,0,80,0,A01356,A01356_2020-04-07,0,2020-04-07
100.3,82.3,258.0,3.86,10.2,31.6,0.5,0.0,14.0,6.7,0.0,12.2,11.1,0.0,8.1,0.1,31.5,38.7,0.9,6.5,0,79,1,A01385,A01385_2020-04-07,0,2020-04-07
95.3,61.2,402.0,4.25,13.7,29.4,1.2,0.1,15.4,6.5,7.5,12.5,18.4,0.8,10.6,1.4,30.9,40.5,2.0,11.5,0,58,1,A00463,A00463_2020-04-07,0,2020-04-07
94.4,63.3,363.0,4.61,9.9,30.4,0.6,0.0,13.3,4.6,6.6,14.0,20.6,0.5,7.2,0.6,32.2,43.5,1.5,8.9,1,51,1,A00051,A00051_2020-04-07,0,2020-04-07
92.5,77.2,489.0,4.01,10.0,30.2,1.5,0.1,13.9,11.5,1.1,12.1,11.0,0.2,14.9,0.6,32.6,37.1,1.6,10.1,0,70,1,A01267,A01267_2020-04-07,0,2020-04-07
97.4,89.3,173.0,2.66,13.3,31.2,0.4,0.0,14.4,11.1,0.4,8.3,6.8,0.0,12.4,0.2,32.0,25.9,0.8,3.3,0,74,1,A01167,A01167_2020-04-07,0,2020-04-07
80.0,55.7,86.0,3.5,,24.3,0.2,0.0,18.7,1.1,6.2,8.5,27.3,0.1,1.9,1.5,30.4,28.0,0.5,9.3,0,26,1,A00811,A00811_2020-04-07,0,2020-04-07
88.8,50.2,249.0,4.64,9.5,30.8,0.4,0.0,12.1,2.0,0.8,14.3,37.6,0.0,4.0,0.5,34.7,41.2,1.5,10.9,0,45,1,A00106,A00106_2020-04-07,0,2020-04-07
82.7,78.5,239.0,5.03,10.2,28.0,0.5,0.0,13.2,5.4,0.0,14.1,13.9,0.0,6.9,0.1,33.9,41.6,1.0,7.5,0,63,0,A00468,A00468_2020-04-07,0,2020-04-07
89.6,,201.0,3.55,13.25,29.45,,,14.85,,,10.45,,,19.65,,32.84999999999999,31.8,,,0,75,1,A00358,A00358_2020-04-07,0,2020-04-07
84.1,75.9,244.0,5.29,13.3,26.3,0.5,0.1,13.7,13.2,1.8,13.9,19.3,0.3,17.4,0.3,31.2,44.5,3.4,2.7,0,93,1,A00792,A00792_2020-04-07,0,2020-04-07
85.05,85.1,543.5,4.15,11.25,27.5,1.0,0.0,15.7,19.4,0.0,11.4,10.1,0.0,21.85,0.2,32.3,35.3,2.3,4.6,1,62,1,A00546,A00546_2020-04-07,0,2020-04-07
93.6,62.5,204.0,3.77,10.7,30.2,0.5,0.0,12.7,3.6,2.9,11.4,24.8,0.2,5.8,0.7,32.3,35.3,1.4,9.1,0,95,1,A00713,A00713_2020-04-07,0,2020-04-07
87.8,81.5,544.0,4.36,11.2,29.8,0.8,0.1,12.7,10.6,0.1,13.0,11.5,0.0,13.0,0.5,33.9,38.3,1.5,6.4,1,56,1,A01547,A01547_2020-04-07,0,2020-04-07
91.875,95.4,76.25,3.59,11.9,31.125,0.1,0.05,15.075,8.0,0.35,11.175,2.8,0.0,8.25,0.4,33.925,32.95,0.25,1.05,1,46,1,A00594,A00594_2020-04-07,1,2020-04-07
92.1,56.5,174.0,3.28,9.1,30.2,0.2,0.0,16.4,1.2,8.5,9.9,24.7,0.2,2.2,1.3,32.8,30.2,0.5,9.0,0,80,0,A01278,A01278_2020-04-07,0,2020-04-07
85.0,65.3,379.0,4.26,11.1,29.3,0.6,0.0,12.7,4.9,1.2,12.5,24.9,0.1,7.5,0.3,34.5,36.2,1.9,8.3,0,52,0,A01533,A01533_2020-04-07,0,2020-04-07
96.1,,158.0,2.54,11.4,31.9,,,16.5,,,8.1,,,5.4,,33.2,24.4,,,0,85,1,A00294,A00294_2020-04-07,0,2020-04-07
88.3,87.65,325.5,4.35,10.6,29.8,0.35,0.0,13.3,10.9,0.0,12.95,9.2,0.0,12.4,0.3,33.75,38.4,1.15,2.85,0,44,1,A00095,A00095_2020-04-07,0,2020-04-07
84.3,87.7,225.0,5.6,10.0,30.9,0.7,0.0,12.4,9.9,0.0,17.3,5.5,0.0,11.3,0.3,36.7,47.2,0.6,6.5,0,50,1,A01045,A01045_2020-04-07,0,2020-04-07
87.8,55.2,52.0,3.6,12.7,28.3,0.8,0.1,13.2,6.1,0.3,10.2,36.3,0.0,11.1,0.8,32.3,31.6,4.0,7.4,0,60,1,A01644,A01644_2020-04-07,0,2020-04-07
86.2,78.4,167.0,4.57,10.0,28.0,0.6,0.0,14.4,6.0,2.4,12.8,10.9,0.2,7.6,0.4,32.5,39.4,0.8,7.9,0,82,1,A00067,A00067_2020-04-07,0,2020-04-07
85.9,47.6,177.0,4.53,11.3,28.0,0.8,0.0,12.5,2.7,1.2,12.7,37.2,0.1,5.7,0.4,32.6,38.9,2.1,13.6,0,48,1,A00281,A00281_2020-04-07,0,2020-04-07
86.8,79.3,411.0,4.63,8.8,30.2,0.8,0.1,11.9,10.4,0.4,14.0,13.5,0.1,13.1,0.6,34.8,40.2,1.8,6.2,0,60,1,A00774,A00774_2020-04-08,0,2020-04-08
85.5,70.7,163.0,5.25,10.2,29.0,0.5,0.0,11.9,3.7,0.2,15.2,20.2,0.0,5.2,0.2,33.9,44.9,1.1,8.7,0,47,1,A00778,A00778_2020-04-08,0,2020-04-08
86.9,66.1,189.0,5.51,10.4,28.7,0.8,0.0,12.9,5.1,0.4,15.8,22.2,0.0,7.7,0.3,33.0,47.9,1.7,11.0,0,60,1,A01176,A01176_2020-04-08,0,2020-04-08
85.2,,508.0,4.32,11.8,27.1,,,15.9,,,11.7,,,22.9,,31.8,36.8,,,1,62,1,A00546,A00546_2020-04-08,0,2020-04-08
73.7,26.4,329.0,4.91,12.2,22.6,0.3,0.0,15.0,0.7,2.2,11.1,59.9,0.1,2.8,0.7,30.7,36.2,1.7,10.8,0,48,0,A00261,A00261_2020-04-08,0,2020-04-08
91.7,79.4,141.0,4.21,12.7,29.2,0.7,0.0,13.2,9.6,5.6,12.3,9.0,0.7,12.1,0.4,31.9,38.6,1.1,5.6,0,77,1,A00586,A00586_2020-04-08,0,2020-04-08
82.5,61.7,570.0,4.11,10.6,27.3,0.9,0.0,16.1,5.0,4.6,11.2,21.4,0.4,8.1,0.6,33.0,33.9,1.7,11.7,0,62,0,A01352,A01352_2020-04-08,0,2020-04-08
97.8,82.6,164.0,4.11,12.3,31.1,0.3,0.0,15.2,5.0,1.0,12.8,11.1,0.1,6.0,0.2,31.8,40.2,0.7,5.1,0,75,1,A00299,A00299_2020-04-08,0,2020-04-08
103.8,84.1,621.0,3.46,9.8,35.3,0.7,0.0,21.3,8.1,0.7,12.2,7.4,0.1,9.6,0.2,34.0,35.9,0.7,7.6,0,84,0,A00540,A00540_2020-04-08,0,2020-04-08
90.4,78.8,393.0,4.06,9.6,29.6,0.3,0.0,13.2,5.7,1.5,12.0,15.2,0.1,7.2,0.3,32.7,36.7,1.1,4.2,0,55,0,A00723,A00723_2020-04-08,0,2020-04-08
56.2,80.1,175.0,6.03,,18.9,1.0,0.3,20.4,19.3,1.6,11.4,13.1,0.4,24.1,1.2,33.6,33.9,3.2,4.0,1,61,1,A00111,A00111_2020-04-08,0,2020-04-08
86.8,50.1,290.0,4.85,10.8,29.5,0.5,0.0,11.8,2.8,3.1,14.3,36.6,0.2,5.6,0.7,34.0,42.1,2.0,9.5,0,45,1,A00069,A00069_2020-04-08,0,2020-04-08
86.1,67.2,133.0,4.23,10.7,29.1,0.5,0.0,13.6,3.6,0.7,12.3,23.5,0.0,5.4,0.2,33.8,36.4,1.3,8.4,0,80,0,A01356,A01356_2020-04-08,0,2020-04-08
93.5,88.1,411.0,3.71,10.5,29.1,0.5,0.1,15.1,13.5,1.6,10.8,6.5,0.2,15.3,0.5,31.1,34.7,1.0,3.3,1,62,1,A01435,A01435_2020-04-08,0,2020-04-08
90.5,63.6,198.0,5.07,12.0,28.2,1.2,0.0,15.7,6.6,1.0,14.3,24.0,0.1,10.4,0.3,31.2,45.9,2.5,11.1,0,72,1,A00428,A00428_2020-04-08,0,2020-04-08
89.9,38.5,360.0,4.26,9.5,30.3,0.4,0.0,12.5,1.3,5.3,12.9,43.0,0.2,3.4,0.9,33.7,38.3,1.5,12.3,0,26,1,A00199,A00199_2020-04-08,0,2020-04-08
86.7,55.6,203.0,4.13,11.0,30.5,0.3,0.0,12.0,2.5,2.0,12.6,35.3,0.1,4.5,0.4,35.2,35.8,1.6,6.7,0,29,0,A00620,A00620_2020-04-08,0,2020-04-08
91.5,83.1,613.0,3.42,9.4,30.1,0.7,0.0,12.4,11.1,0.0,10.3,11.2,0.0,13.3,0.1,32.9,31.3,1.5,5.6,0,58,0,A00714,A00714_2020-04-08,0,2020-04-08
88.6,41.8,83.0,4.37,12.6,29.7,0.5,0.0,13.5,6.8,0.2,13.0,54.9,0.0,16.3,0.1,33.6,38.7,8.9,3.0,0,78,1,A01474,A01474_2020-04-08,0,2020-04-08
88.6,64.4,260.0,3.42,12.2,29.8,0.6,0.0,14.1,5.7,11.0,10.2,18.0,1.0,8.8,0.2,33.7,30.3,1.6,6.4,0,54,1,A01478,A01478_2020-04-08,0,2020-04-08
89.8,60.8,139.0,3.82,11.2,28.8,0.3,0.0,13.3,2.0,0.9,11.0,29.1,0.0,3.3,0.3,32.1,34.3,1.0,8.9,0,78,0,A00485,A00485_2020-04-08,0,2020-04-08
97.7,89.1,389.0,3.43,11.4,29.4,1.2,0.0,14.6,13.9,0.0,10.1,3.3,0.0,15.6,0.1,30.1,33.5,0.5,7.5,1,63,1,A01125,A01125_2020-04-08,0,2020-04-08
90.4,57.0,209.0,4.81,12.8,30.4,0.5,0.0,12.7,2.4,2.4,14.6,26.7,0.1,4.2,1.0,33.6,43.5,1.1,12.9,0,38,1,A01092,A01092_2020-04-08,0,2020-04-08
86.6,42.1,214.0,4.18,12.8,28.2,0.6,0.1,14.7,2.4,8.5,11.8,37.4,0.5,5.8,1.0,32.6,36.2,2.2,11.0,0,48,1,A00623,A00623_2020-04-08,0,2020-04-08
92.0,69.9,263.0,3.52,9.6,31.3,0.7,0.0,13.2,7.0,0.4,11.0,22.2,0.0,10.0,0.1,34.0,32.4,2.2,7.4,0,35,0,A00195,A00195_2020-04-08,0,2020-04-08
88.7,79.7,322.0,3.45,11.7,29.0,1.0,0.2,16.2,19.8,7.2,10.0,8.5,1.8,24.9,0.7,32.7,30.6,2.1,3.9,1,65,0,A01086,A01086_2020-04-08,0,2020-04-08
95.2,72.0,221.0,3.77,10.8,31.6,0.5,0.0,13.9,5.3,3.0,11.9,17.1,0.2,7.3,0.6,33.1,35.9,1.2,7.3,0,34,1,A01367,A01367_2020-04-08,0,2020-04-08
89.75,57.2,244.5,4.685,13.5,31.4,0.4,0.0,14.6,2.8,0.6,14.7,33.6,0.0,5.0,0.4,34.95,42.05,1.6,8.2,0,52,0,A01065,A01065_2020-04-08,0,2020-04-08
82.1,,148.0,3.36,11.3,29.2,,,15.8,,,9.8,,,13.6,,35.5,27.6,,,1,59,0,A00495,A00495_2020-04-08,1,2020-04-08
95.0,80.2,200.0,3.79,12.1,30.3,0.5,0.0,15.4,8.7,5.3,11.5,9.5,0.6,10.9,0.4,31.9,36.0,1.0,4.6,1,72,1,A01289,A01289_2020-04-08,1,2020-04-08
95.2,77.8,167.0,3.35,10.7,31.9,0.7,0.0,18.6,6.5,0.4,10.7,12.8,0.0,8.3,0.1,33.5,31.9,1.1,8.9,0,85,1,A00294,A00294_2020-04-08,0,2020-04-08
89.4,61.8,237.0,3.67,11.8,29.2,0.6,0.0,13.8,5.0,0.4,10.7,29.7,0.0,8.1,0.2,32.6,32.8,2.4,7.9,0,96,0,A01243,A01243_2020-04-08,0,2020-04-08
89.8,54.5,360.0,4.69,9.9,30.1,0.8,0.1,13.2,4.7,7.3,14.1,28.2,0.6,8.6,0.6,33.5,42.1,2.4,9.4,1,51,1,A00051,A00051_2020-04-08,0,2020-04-08
88.1,55.0,284.0,4.03,9.5,30.0,0.6,0.0,12.5,2.9,0.9,12.1,32.3,0.0,5.3,0.4,34.1,35.5,1.7,11.4,0,61,1,A00935,A00935_2020-04-08,0,2020-04-08
89.1,81.0,128.0,4.87,10.6,32.4,0.3,0.0,12.6,3.4,0.0,15.8,11.8,0.0,4.2,0.2,36.4,43.4,0.5,7.0,0,51,1,A00957,A00957_2020-04-08,0,2020-04-08
94.0,,220.0,3.32,12.0,31.6,,,12.3,,,10.5,,,37.4,,33.7,31.2,,,1,80,1,A00341,A00341_2020-04-08,0,2020-04-08
96.86666666666667,,240.3333333333333,3.173333333333333,13.03333333333333,30.26666666666667,,,14.16666666666667,,,9.6,,,11.73333333333333,,31.23333333333333,30.73333333333333,,,1,57,1,A01418,A01418_2020-04-08,0,2020-04-08
82.1,73.0,182.0,3.57,11.7,26.6,0.6,0.0,13.2,4.1,2.5,9.5,14.0,0.1,5.6,0.5,32.4,29.3,0.8,10.0,0,85,0,A01099,A01099_2020-04-08,0,2020-04-08
88.93333333333332,,55.33333333333334,3.896666666666667,12.16666666666667,30.36666666666666,,,15.83333333333333,,,11.83333333333333,,,5.333333333333333,,34.16666666666666,34.66666666666666,,,1,46,1,A00594,A00594_2020-04-08,1,2020-04-08
95.0,67.0,288.0,3.59,11.0,29.0,1.2,0.1,15.7,8.5,11.8,10.4,10.8,1.5,12.7,0.9,30.5,34.1,1.4,9.5,1,49,1,A00359,A00359_2020-04-08,0,2020-04-08
88.7,52.8,252.0,4.5,11.0,30.9,1.4,0.1,13.0,6.4,20.2,13.9,15.3,2.4,12.1,0.5,34.8,39.9,1.9,11.2,0,81,1,A00506,A00506_2020-04-08,0,2020-04-08
85.1,74.8,206.0,4.23,12.3,27.9,0.6,0.1,13.7,5.1,0.9,11.8,15.0,0.1,6.8,0.9,32.8,36.0,1.0,8.4,0,66,0,A00500,A00500_2020-04-08,0,2020-04-08
86.5,62.1,283.0,4.6,10.7,27.2,0.7,0.1,15.2,5.5,1.1,12.5,27.8,0.1,8.8,0.6,31.4,39.8,2.4,8.4,0,80,1,A00293,A00293_2020-04-08,0,2020-04-08
93.8,72.5,223.0,3.73,9.8,30.6,1.3,0.0,16.8,6.4,0.8,11.4,11.7,0.1,8.8,0.5,32.6,35.0,1.0,14.5,0,56,1,A00530,A00530_2020-04-08,0,2020-04-08
88.5,69.5,174.0,3.84,10.2,30.7,0.7,0.0,13.8,5.7,1.8,11.8,19.5,0.1,8.2,0.2,34.7,34.0,1.6,9.0,0,54,1,A01442,A01442_2020-04-08,0,2020-04-08
92.6,83.95,311.5,2.92,10.8,29.95,0.55,0.0,14.3,10.55,3.0,8.75,8.55,0.4,12.55,0.2,32.34999999999999,27.05,1.1,4.3,1,82,0,A00708,A00708_2020-04-08,0,2020-04-08
92.1,,212.0,3.41,14.1,28.2,,,14.8,,,9.6,,,18.9,,30.6,31.4,,,0,75,1,A00358,A00358_2020-04-08,0,2020-04-08
92.9,75.6,284.0,4.24,11.4,29.2,0.5,0.0,12.8,5.3,4.7,12.4,11.6,0.3,7.0,0.7,31.5,39.4,0.8,7.4,1,69,1,A01591,A01591_2020-04-08,1,2020-04-08
73.5,79.8,116.0,4.91,10.1,24.4,0.8,0.0,15.6,5.0,0.6,12.0,6.9,0.0,6.3,0.3,33.2,36.1,0.4,12.4,0,60,1,A00756,A00756_2020-04-08,0,2020-04-08
86.1,87.8,197.0,3.32,10.7,28.0,0.4,0.0,15.3,8.3,0.0,9.3,8.2,0.0,9.5,0.1,32.5,28.6,0.8,3.9,0,79,1,A01169,A01169_2020-04-08,0,2020-04-08
92.0,77.1,293.0,4.48,10.0,32.6,0.7,0.0,12.1,5.7,0.3,14.6,13.5,0.0,7.4,0.3,35.4,41.2,1.0,8.8,0,61,1,A01273,A01273_2020-04-08,0,2020-04-08
94.8,86.4,151.0,3.25,10.9,29.8,0.4,0.0,13.3,5.7,0.6,9.7,6.7,0.0,6.6,0.2,31.5,30.8,0.4,6.1,0,78,0,A00931,A00931_2020-04-08,0,2020-04-08
87.2,42.2,258.0,5.38,9.8,28.6,0.8,0.0,13.2,3.3,2.7,15.4,44.2,0.2,7.8,0.6,32.8,46.9,3.4,10.3,0,33,1,A00923,A00923_2020-04-08,0,2020-04-08
95.9,45.3,196.0,3.535,10.65,32.25,0.5,0.05,14.95,2.25,2.3,11.4,40.1,0.1,4.65,0.8500000000000001,33.59999999999999,33.90000000000001,1.8,11.45,0,42,1,A01450,A01450_2020-04-08,0,2020-04-08
91.3,53.0,258.0,4.27,11.1,30.9,0.8,0.1,12.6,4.7,6.0,13.2,31.4,0.5,8.9,0.9,33.8,39.0,2.8,8.7,0,76,1,A01378,A01378_2020-04-08,0,2020-04-08
88.5,39.7,517.0,5.05,9.7,29.1,0.7,0.0,12.7,1.3,2.6,14.7,35.7,0.1,3.4,1.2,32.9,44.7,1.2,20.8,0,60,1,A01271,A01271_2020-04-08,0,2020-04-08
93.1,50.7,150.0,4.49,10.1,31.4,0.7,0.0,13.3,1.9,0.8,14.1,29.0,0.0,3.7,0.3,33.7,41.8,1.1,19.2,0,70,1,A00825,A00825_2020-04-08,0,2020-04-08
98.0,77.6,413.0,2.94,10.7,30.6,0.8,0.0,17.3,8.8,4.0,9.0,10.6,0.5,11.3,0.4,31.3,28.8,1.2,7.4,1,67,1,A00349,A00349_2020-04-08,0,2020-04-08
83.2,77.4,274.0,4.47,10.1,28.4,0.5,0.0,11.7,5.9,0.0,12.7,16.3,0.0,7.6,0.1,34.1,37.2,1.2,6.2,0,47,1,A01664,A01664_2020-04-08,0,2020-04-08
83.8,68.2,191.0,5.32,10.5,28.9,0.3,0.0,11.5,3.1,1.1,15.4,23.5,0.1,4.6,0.2,34.5,44.6,1.1,7.0,0,41,1,A00549,A00549_2020-04-08,0,2020-04-08
63.7,38.7,174.0,6.25,,20.2,0.7,0.1,25.5,2.4,16.1,12.6,32.4,1.0,6.1,1.6,31.7,39.8,2.0,11.2,0,65,1,A00507,A00507_2020-04-08,0,2020-04-08
88.5,79.0,314.0,4.36,10.3,28.0,1.5,0.0,15.5,9.5,1.3,12.2,7.2,0.2,12.0,0.2,31.6,38.6,0.9,12.3,1,65,1,A00060,A00060_2020-04-08,0,2020-04-08
87.3,64.0,274.0,4.17,10.5,28.8,0.6,0.1,14.6,5.1,1.4,12.0,26.0,0.1,8.0,0.8,33.0,36.4,2.1,7.8,0,71,0,A01152,A01152_2020-04-08,0,2020-04-08
97.93333333333334,,272.0,3.18,13.0,30.6,,,16.2,,,9.733333333333333,,,29.3,,31.26666666666667,31.13333333333334,,,1,45,1,A01599,A01599_2020-04-08,1,2020-04-08
92.0,66.4,205.0,4.11,10.7,29.9,0.7,0.1,14.5,6.4,14.5,12.3,10.7,1.4,9.6,0.6,32.5,37.8,1.0,7.8,1,56,1,A00050,A00050_2020-04-08,0,2020-04-08
83.6,74.0,177.0,5.31,10.7,28.2,0.6,0.0,13.5,5.0,0.1,15.0,16.5,0.0,6.7,0.3,33.8,44.4,1.1,9.1,0,67,1,A00849,A00849_2020-04-08,0,2020-04-08
62.4,,649.0,4.44,10.3,20.0,,,15.8,,,8.9,,,14.7,,32.1,27.7,,,1,69,1,A01129,A01129_2020-04-08,0,2020-04-08
92.6,83.95,311.5,2.92,10.8,29.95,0.55,0.0,14.3,10.55,3.0,8.75,8.55,0.4,12.55,0.2,32.34999999999999,27.05,1.1,4.3,1,76,1,A00726,A00726_2020-04-08,0,2020-04-08
87.0,81.3,617.0,4.46,10.6,29.8,1.2,0.1,13.4,15.1,0.9,13.3,10.6,0.2,18.6,0.5,34.3,38.8,2.0,6.7,1,56,1,A00717,A00717_2020-04-08,0,2020-04-08
92.9,79.1,488.0,4.91,9.9,32.0,0.9,0.0,12.3,12.0,4.9,15.7,9.7,0.7,15.2,0.2,34.4,45.6,1.5,6.1,1,49,1,A01274,A01274_2020-04-08,1,2020-04-08
91.6,80.6,102.0,3.57,14.5,30.3,1.2,0.2,16.2,17.1,1.7,10.8,11.4,0.4,21.2,0.8,33.0,32.7,2.4,5.5,1,71,1,A01048,A01048_2020-04-08,0,2020-04-08
83.6,,192.0,4.81,10.8,26.4,,,14.9,,,12.7,,,9.5,,31.6,40.2,,,0,83,1,A00038,A00038_2020-04-08,0,2020-04-08
77.1,58.4,564.0,4.62,9.1,24.5,0.8,0.0,14.9,6.5,0.4,11.3,33.7,0.0,11.2,0.4,31.7,35.6,3.8,7.1,0,49,0,A00820,A00820_2020-04-08,0,2020-04-08
62.3,80.9,419.0,4.88,10.7,19.9,0.9,0.0,14.9,14.0,0.4,9.7,13.2,0.1,17.3,0.2,31.9,30.4,2.3,5.3,0,67,0,A00461,A00461_2020-04-08,0,2020-04-08
90.1,53.4,224.0,4.65,9.9,30.5,0.7,0.1,13.7,5.4,0.6,14.2,38.0,0.1,10.2,0.7,33.9,41.9,3.9,7.3,0,79,0,A00133,A00133_2020-04-08,0,2020-04-08
91.7,95.4,393.0,4.12,9.3,29.9,0.2,0.0,14.9,13.6,0.1,12.3,3.1,0.0,14.3,0.1,32.5,37.8,0.4,1.3,1,74,1,A00632,A00632_2020-04-08,0,2020-04-08
83.8,55.3,356.0,4.33,10.4,27.5,0.6,0.0,13.2,2.4,2.7,11.9,28.3,0.1,4.4,0.7,32.8,36.3,1.2,13.0,0,55,1,A01445,A01445_2020-04-09,0,2020-04-09
86.35,74.55,195.0,4.609999999999999,11.8,30.15,0.35,0.0,13.05,4.35,0.0,13.9,19.95,0.0,5.8,0.2,34.95,39.8,1.1,5.3,0,58,1,A01510,A01510_2020-04-09,0,2020-04-09
87.5,,26.33333333333333,4.106666666666666,11.3,30.3,,,16.33333333333333,,,12.43333333333333,,,6.666666666666667,,34.66666666666666,35.93333333333333,,,1,46,1,A00594,A00594_2020-04-09,1,2020-04-09
86.5,63.2,304.0,4.36,8.7,29.6,0.3,0.0,12.9,3.7,0.2,12.9,31.3,0.0,5.8,0.3,34.2,37.7,1.8,5.0,0,50,0,A00156,A00156_2020-04-09,0,2020-04-09
99.5,35.0,162.0,1.89,9.6,34.9,0.1,0.0,13.6,0.6,6.0,6.6,52.0,0.1,1.6,0.0,35.1,18.8,0.8,7.0,1,47,0,A00157,A00157_2020-04-09,0,2020-04-09
62.5,,693.0,4.37,10.3,19.7,,,15.6,,,8.6,,,15.6,,31.5,27.3,,,1,69,1,A01129,A01129_2020-04-09,0,2020-04-09
94.26666666666665,,229.6666666666667,3.563333333333334,12.96666666666667,30.3,,,14.5,,,10.8,,,21.23333333333333,,32.16666666666666,33.6,,,1,57,1,A01418,A01418_2020-04-09,0,2020-04-09
88.7,84.3,387.0,4.42,10.8,30.3,0.6,0.0,13.7,9.9,0.0,13.4,10.6,0.0,11.8,0.2,34.2,39.2,1.3,4.9,0,44,1,A00095,A00095_2020-04-09,0,2020-04-09
86.4,76.1,246.0,4.41,10.0,29.3,0.4,0.0,12.5,4.9,0.0,12.9,17.9,0.0,6.5,0.2,33.9,38.1,1.2,5.8,0,42,0,A00467,A00467_2020-04-09,0,2020-04-09
96.3,89.7,224.0,4.1,12.1,29.8,0.6,0.1,15.7,11.8,0.3,12.2,4.9,0.0,13.2,0.8,30.9,39.5,0.6,4.3,1,72,1,A01289,A01289_2020-04-09,1,2020-04-09
86.7,67.0,373.0,3.45,9.6,27.8,0.7,0.1,13.2,9.8,2.0,9.6,25.8,0.3,14.6,0.5,32.1,29.9,3.8,4.7,0,62,0,A00306,A00306_2020-04-09,0,2020-04-09
92.4,95.0,548.0,4.22,9.3,29.6,0.5,0.0,14.9,18.3,0.0,12.5,2.0,0.0,19.3,0.2,32.1,39.0,0.4,2.8,1,74,1,A00632,A00632_2020-04-09,0,2020-04-09
95.9,76.1,171.0,4.89,10.3,31.7,0.5,0.0,13.7,5.7,1.3,15.5,16.1,0.1,7.5,0.4,33.0,46.9,1.2,6.1,0,76,1,A00114,A00114_2020-04-09,0,2020-04-09
85.8,86.4,192.0,3.88,10.8,31.2,1.0,0.0,13.1,11.8,3.5,12.1,2.3,0.5,13.7,0.2,36.3,33.3,0.3,7.6,0,81,1,A00506,A00506_2020-04-09,0,2020-04-09
91.2,49.6,193.0,4.07,12.1,29.7,0.5,0.0,12.6,2.1,3.1,12.1,34.7,0.1,4.2,0.2,32.6,37.1,1.5,12.4,0,76,0,A00384,A00384_2020-04-09,0,2020-04-09
85.9,57.6,121.0,4.25,11.2,28.5,0.3,0.0,14.0,2.2,1.3,12.1,32.3,0.0,3.8,0.3,33.2,36.5,1.2,8.5,0,80,0,A01356,A01356_2020-04-09,0,2020-04-09
93.6,71.1,366.0,3.14,8.4,29.3,0.4,0.0,13.9,4.6,6.5,9.2,15.3,0.4,6.5,0.3,31.3,29.4,1.0,6.8,0,64,1,A01495,A01495_2020-04-09,0,2020-04-09
92.8,81.9,91.0,3.33,,30.6,0.7,0.1,15.9,14.2,2.6,10.2,10.7,0.4,17.3,0.6,33.0,30.9,1.9,4.2,1,71,1,A01048,A01048_2020-04-09,0,2020-04-09
91.3,60.1,443.0,3.89,9.5,29.8,1.6,0.0,12.8,5.4,1.6,11.6,20.5,0.1,9.0,0.4,32.7,35.5,1.8,17.4,0,80,1,A00696,A00696_2020-04-09,0,2020-04-09
88.8,77.6,196.0,4.28,12.6,28.7,0.8,0.0,13.0,5.4,1.6,12.3,8.7,0.1,7.0,0.6,32.4,38.0,0.6,11.5,0,81,1,A00937,A00937_2020-04-09,0,2020-04-09
98.8,79.4,326.0,2.57,10.9,30.7,0.6,0.0,16.9,9.1,2.6,7.9,12.8,0.3,11.5,0.3,31.1,25.4,1.5,4.9,1,67,1,A00349,A00349_2020-04-09,0,2020-04-09
92.8,70.3,247.0,3.9,11.4,30.5,0.4,0.0,14.0,4.5,2.4,11.9,21.2,0.2,6.4,0.3,32.9,36.2,1.4,5.8,0,85,0,A00883,A00883_2020-04-09,0,2020-04-09
79.69999999999999,54.85,73.5,3.13,,25.25,0.15,0.0,19.35,0.8500000000000001,7.25,7.9,26.45,0.1,1.55,1.95,31.65,24.95,0.4,9.5,0,26,1,A00811,A00811_2020-04-09,0,2020-04-09
106.8,78.2,145.0,2.64,9.7,36.0,0.3,0.0,14.8,4.4,0.9,9.5,15.7,0.1,5.6,0.2,33.7,28.2,0.9,5.0,0,62,1,A00254,A00254_2020-04-09,0,2020-04-09
87.6,86.4,168.0,4.74,10.2,30.2,0.7,0.0,12.9,8.8,0.0,14.3,6.1,0.0,10.2,0.2,34.5,41.5,0.6,7.3,0,22,0,A01201,A01201_2020-04-09,0,2020-04-09
99.7,68.9,204.0,3.97,11.2,31.5,0.5,0.0,13.7,4.2,4.2,12.5,18.4,0.3,6.1,0.2,31.6,39.6,1.1,8.3,0,79,1,A01385,A01385_2020-04-09,0,2020-04-09
86.3,65.8,312.0,4.44,10.5,28.6,0.7,0.1,14.5,5.0,2.0,12.7,22.3,0.2,7.6,0.7,33.2,38.3,1.7,9.2,0,71,0,A01152,A01152_2020-04-09,0,2020-04-09
83.9,27.9,159.0,3.04,10.5,26.6,0.6,0.0,16.2,1.1,3.2,8.1,52.5,0.1,3.8,0.3,31.8,25.5,2.0,16.1,0,75,0,A01513,A01513_2020-04-09,0,2020-04-09
83.7,57.4,208.0,4.84,10.9,27.7,0.9,0.0,13.5,3.4,1.3,13.4,25.6,0.1,6.0,0.5,33.1,40.5,1.5,15.2,0,67,1,A00849,A00849_2020-04-09,0,2020-04-09
97.2,,248.0,3.223333333333333,12.76666666666667,30.93333333333333,,,17.23333333333333,,,9.966666666666667,,,22.06666666666667,,31.8,31.33333333333333,,,1,45,1,A01599,A01599_2020-04-09,1,2020-04-09
90.3,92.5,218.0,4.54,9.1,30.4,0.1,0.0,13.8,7.4,0.0,13.8,6.5,0.0,8.0,0.0,33.7,41.0,0.5,1.0,0,83,1,A00026,A00026_2020-04-09,0,2020-04-09
89.7,73.2,243.0,4.39,11.6,31.0,0.3,0.0,12.5,5.1,0.1,13.6,21.7,0.0,6.9,0.3,34.5,39.4,1.5,4.7,0,57,0,A01260,A01260_2020-04-09,0,2020-04-09
84.3,63.0,319.0,4.64,9.6,28.9,0.8,0.1,12.3,6.7,1.1,13.4,27.4,0.1,10.7,0.6,34.3,39.1,2.9,7.9,0,58,0,A00312,A00312_2020-04-09,0,2020-04-09
87.0,84.5,195.0,4.3,10.8,29.3,0.2,0.0,13.9,7.7,0.0,12.6,13.2,0.0,9.1,0.0,33.7,37.4,1.2,2.3,0,62,0,A01611,A01611_2020-04-09,0,2020-04-09
86.75,84.25,685.0,3.36,10.3,29.15,1.2,0.0,14.75,17.1,0.2,9.8,9.4,0.05,20.3,0.2,33.59999999999999,29.15,1.9,5.95,0,86,0,A01505,A01505_2020-04-09,0,2020-04-09
97.5,88.9,433.0,4.86,10.5,32.5,1.0,0.1,12.6,17.7,0.9,15.8,4.6,0.2,19.9,0.4,33.3,47.4,0.9,5.2,1,49,1,A01274,A01274_2020-04-09,1,2020-04-09
90.8,73.1,232.0,4.04,12.4,29.7,0.7,0.1,13.1,7.5,3.0,12.0,16.7,0.3,10.2,0.6,32.7,36.7,1.7,6.6,0,85,1,A00283,A00283_2020-04-09,0,2020-04-09
82.7,71.4,233.0,4.92,9.7,28.9,0.5,0.0,11.9,3.2,0.9,14.2,17.3,0.0,4.5,0.2,34.9,40.7,0.8,10.2,0,54,1,A01676,A01676_2020-04-09,0,2020-04-09
85.7,78.9,315.0,4.28,10.8,27.6,1.4,0.0,15.4,8.3,0.1,11.8,7.2,0.0,10.5,0.2,32.2,36.7,0.8,13.6,1,65,1,A00060,A00060_2020-04-09,0,2020-04-09
88.9,80.7,519.0,4.24,10.7,29.0,0.7,0.0,12.8,9.4,0.3,12.3,12.6,0.0,11.7,0.4,32.6,37.7,1.5,6.0,1,56,1,A01547,A01547_2020-04-09,0,2020-04-09
91.7,82.4,166.0,4.11,11.1,31.4,0.6,0.0,14.2,10.0,0.0,12.9,11.9,0.0,12.1,0.4,34.2,37.7,1.4,5.3,0,82,0,A00989,A00989_2020-04-09,0,2020-04-09
95.5,51.3,218.0,3.81,10.8,31.0,1.0,0.0,13.1,3.6,12.8,11.8,21.4,0.9,7.0,0.6,32.4,36.4,1.5,13.9,0,56,0,A00314,A00314_2020-04-09,0,2020-04-09
87.9,48.3,339.0,4.23,10.9,29.6,0.6,0.0,12.3,2.3,4.4,12.5,34.5,0.2,4.8,0.8,33.6,37.2,1.7,12.0,0,56,1,A00393,A00393_2020-04-09,0,2020-04-09
95.6,88.0,95.0,3.67,10.5,31.3,0.7,0.0,17.3,11.4,0.1,11.5,6.0,0.0,13.0,0.2,32.8,35.1,0.8,5.7,0,71,1,A00271,A00271_2020-04-09,0,2020-04-09
89.6,74.4,323.0,4.71,10.0,30.4,0.7,0.0,13.1,7.6,4.0,14.3,14.0,0.4,10.2,0.4,33.9,42.2,1.4,7.2,1,51,1,A00051,A00051_2020-04-09,0,2020-04-09
58.0,90.0,236.0,6.21,,18.8,1.0,0.0,21.3,30.0,0.0,11.7,5.0,0.0,33.3,0.0,32.5,36.0,1.7,3.0,1,61,1,A00111,A00111_2020-04-09,0,2020-04-09
92.9,,204.0,2.94,11.7,31.0,,,12.3,,,9.1,,,39.6,,33.3,27.3,,,1,80,1,A00341,A00341_2020-04-09,0,2020-04-09
88.2,52.8,264.0,3.05,10.4,29.5,0.7,0.1,13.6,3.5,6.8,9.0,28.8,0.5,6.7,0.9,33.5,26.9,1.9,10.7,0,77,1,A00699,A00699_2020-04-09,0,2020-04-09
88.4,83.0,277.0,3.44,11.9,27.9,0.6,0.2,16.1,17.8,5.2,9.6,8.4,1.1,21.5,0.7,31.6,30.4,1.8,2.7,1,65,0,A01086,A01086_2020-04-09,0,2020-04-09
92.4,74.2,263.0,4.35,10.5,29.4,0.7,0.1,14.6,7.3,8.0,12.8,9.6,0.8,9.9,0.7,31.8,40.2,1.0,7.5,1,56,1,A00050,A00050_2020-04-09,0,2020-04-09
91.8,52.7,156.0,3.78,11.8,30.2,0.7,0.0,12.8,2.6,2.4,11.4,30.7,0.1,5.0,0.4,32.9,34.7,1.5,13.8,0,40,0,A00553,A00553_2020-04-09,0,2020-04-09
86.44999999999999,66.15,331.0,3.135,9.7,26.95,0.35,0.0,13.7,3.55,3.75,8.45,22.8,0.15,5.1,0.25,31.15,27.1,1.05,7.05,0,38,1,A00443,A00443_2020-04-09,0,2020-04-09
94.0,91.0,152.0,3.32,14.2,28.6,0.3,0.0,14.8,10.4,0.0,9.5,5.9,0.0,11.4,0.1,30.4,31.2,0.7,3.0,0,75,1,A00358,A00358_2020-04-09,0,2020-04-09
86.0,62.2,192.0,4.5,10.3,28.2,0.8,0.0,14.1,3.5,2.8,12.7,19.9,0.2,5.6,0.5,32.8,38.7,1.1,14.6,0,31,0,A01534,A01534_2020-04-09,0,2020-04-09
86.3,78.4,271.5,4.34,10.85,28.8,0.75,0.0,13.6,8.8,0.0,12.5,14.45,0.0,11.25,0.4,33.40000000000001,37.45,1.65,6.75,0,53,0,A00187,A00187_2020-04-09,0,2020-04-09
83.35,69.5,275.0,4.324999999999999,11.6,28.35,0.7,0.1,14.95,6.7,1.4,12.25,20.5,0.1,9.8,0.9,34.0,36.05,2.0,7.7,0,57,1,A00027,A00027_2020-04-09,0,2020-04-09
85.0,62.8,198.0,4.72,10.7,29.4,0.4,0.0,11.3,2.9,2.4,13.9,25.4,0.1,4.6,0.2,34.7,40.1,1.2,9.2,0,41,1,A00549,A00549_2020-04-09,0,2020-04-09
78.3,69.5,224.0,4.57,10.0,26.5,0.4,0.0,16.3,3.0,0.5,12.1,20.8,0.0,4.3,0.2,33.8,35.8,0.9,9.0,0,47,0,A00357,A00357_2020-04-09,0,2020-04-09
94.4,50.7,160.0,3.21,10.0,29.9,1.0,0.0,16.7,2.1,3.8,9.6,21.9,0.2,4.2,0.7,31.7,30.3,0.9,22.9,0,56,1,A00530,A00530_2020-04-09,0,2020-04-09
94.44999999999999,82.2,448.0,3.435,11.45,29.35,2.3,0.0,14.75,19.9,0.2,10.05,7.9,0.0,30.3,0.2,31.15,32.35,1.9,9.5,1,63,1,A01125,A01125_2020-04-09,0,2020-04-09
94.6,85.0,152.0,2.77,10.0,32.5,0.7,0.0,17.8,7.5,0.3,9.0,7.0,0.0,8.8,0.2,34.4,26.2,0.6,7.5,0,85,1,A00294,A00294_2020-04-09,0,2020-04-09
77.3,71.5,431.0,2.91,10.0,24.4,0.6,0.0,18.2,5.8,0.1,7.1,21.1,0.0,8.1,0.1,31.6,22.5,1.7,7.2,0,87,1,A01596,A01596_2020-04-09,0,2020-04-09
94.6,62.8,337.0,3.69,11.3,29.3,0.9,0.1,15.5,7.8,16.1,10.8,12.5,2.0,12.4,1.0,30.9,34.9,1.6,7.6,1,49,1,A00359,A00359_2020-04-09,0,2020-04-09
89.0,82.4,563.0,4.63,11.0,28.9,1.4,0.1,13.6,16.9,0.7,13.4,9.6,0.1,20.5,0.4,32.5,41.2,2.0,6.9,1,56,1,A00717,A00717_2020-04-09,0,2020-04-09
93.8,53.1,317.0,4.21,9.5,33.0,0.6,0.1,12.8,3.6,0.9,13.9,36.3,0.1,6.7,1.1,35.2,39.5,2.4,8.6,0,43,0,A00324,A00324_2020-04-09,0,2020-04-09
82.7,,232.0,3.75,11.0,29.9,,,16.3,,,11.2,,,24.5,,36.1,31.0,,,1,59,0,A00495,A00495_2020-04-09,1,2020-04-09
86.9,58.1,281.0,4.97,10.7,29.0,0.5,0.0,12.6,2.7,1.7,14.4,29.3,0.1,4.7,0.2,33.3,43.2,1.4,10.7,0,38,1,A00083,A00083_2020-04-09,0,2020-04-09
86.2,64.5,247.0,4.84,10.0,27.5,0.5,0.0,14.0,4.7,4.8,13.3,22.9,0.4,7.3,0.4,31.9,41.7,1.7,7.4,0,52,1,A01330,A01330_2020-04-09,0,2020-04-09
86.65,86.3,215.0,4.574999999999999,11.05,29.05,0.5,0.0,13.7,7.25,0.0,13.3,7.25,0.0,8.4,0.1,33.55,39.65,0.6,6.35,1,74,1,A01430,A01430_2020-04-09,0,2020-04-09
90.5,62.1,242.0,4.41,10.0,31.7,0.5,0.0,12.0,4.3,0.6,14.0,30.1,0.0,7.0,0.3,35.1,39.9,2.1,6.9,0,44,0,A00005,A00005_2020-04-09,0,2020-04-09
94.0,87.7,402.0,3.66,10.4,29.8,0.6,0.1,15.9,14.5,2.3,10.9,5.6,0.4,16.5,0.5,31.7,34.4,0.9,3.9,1,62,1,A01435,A01435_2020-04-09,0,2020-04-09
86.0,,453.0,4.22,12.3,27.7,,,16.0,,,11.7,,,31.6,,32.2,36.3,,,1,62,1,A00546,A00546_2020-04-09,0,2020-04-09
92.45,88.6,219.5,3.945,11.55,30.9,0.1,0.0,13.6,5.95,0.9,12.2,8.55,0.05,6.75,0.1,33.45,36.45,0.55,1.85,1,50,1,A00798,A00798_2020-04-09,0,2020-04-09
86.1,45.6,58.0,4.17,12.5,28.3,0.6,0.0,12.9,2.9,3.8,11.8,40.1,0.2,6.3,0.6,32.9,35.9,2.5,9.9,0,54,1,A01363,A01363_2020-04-09,0,2020-04-09
90.1,67.8,303.0,3.84,9.8,30.2,0.6,0.0,13.0,4.1,1.6,11.6,19.9,0.1,6.1,0.3,33.5,34.6,1.2,10.4,0,82,0,A00991,A00991_2020-04-09,0,2020-04-09
93.5,38.9,313.0,3.21,10.4,31.8,0.6,0.0,12.6,2.0,6.1,10.2,42.5,0.3,5.1,0.4,34.0,30.0,2.2,12.1,0,66,1,A00015,A00015_2020-04-09,0,2020-04-09
92.8,76.2,288.0,4.04,11.3,29.2,0.4,0.1,12.9,6.3,5.0,11.8,12.6,0.4,8.3,1.1,31.5,37.5,1.0,5.1,1,69,1,A01591,A01591_2020-04-09,1,2020-04-09
91.2,93.9,241.0,3.75,10.1,29.1,0.4,0.0,14.2,11.1,0.1,10.9,2.1,0.0,11.8,0.3,31.9,34.2,0.2,3.6,0,81,0,A00236,A00236_2020-04-09,0,2020-04-09
94.4,71.7,406.0,3.54,10.1,30.8,0.7,0.1,14.3,7.6,3.1,10.9,18.1,0.3,10.6,0.6,32.6,33.4,1.9,6.5,0,55,1,A01223,A01223_2020-04-09,0,2020-04-09
87.1,55.5,189.0,4.51,10.9,29.5,0.4,0.0,11.9,3.2,0.7,13.3,36.8,0.0,5.7,0.2,33.8,39.3,2.1,6.8,0,47,0,A00903,A00903_2020-04-09,0,2020-04-09
93.6,71.1,366.0,3.14,8.4,29.3,0.4,0.0,13.9,4.6,6.5,9.2,15.3,0.4,6.5,0.3,31.3,29.4,1.0,6.8,0,64,1,A01494,A01494_2020-04-09,0,2020-04-09
87.7,80.2,119.0,4.08,10.7,30.1,0.2,0.0,16.6,3.8,0.0,12.3,15.8,0.0,4.8,0.2,34.4,35.8,0.8,3.8,0,82,0,A00109,A00109_2020-04-09,0,2020-04-09
89.0,72.9,227.0,4.0,11.8,29.5,1.3,0.0,13.4,7.5,1.1,11.8,13.1,0.1,10.3,0.3,33.1,35.6,1.3,12.6,0,71,1,A01528,A01528_2020-04-09,0,2020-04-09
88.8,60.0,210.0,5.25,11.9,29.9,0.5,0.0,12.3,3.8,3.3,15.7,28.4,0.2,6.4,0.6,33.7,46.6,1.8,7.7,0,28,1,A00484,A00484_2020-04-09,0,2020-04-09
82.5,73.4,224.0,4.41,10.8,29.5,1.5,0.0,12.2,11.5,0.5,13.0,16.3,0.1,15.7,0.3,35.7,36.4,2.6,9.5,0,48,1,A00216,A00216_2020-04-09,0,2020-04-09
92.4,45.5,109.0,4.19,12.9,30.5,0.5,0.0,13.3,2.5,2.4,12.8,42.4,0.1,5.4,0.6,33.1,38.7,2.3,9.1,0,59,1,A01280,A01280_2020-04-09,0,2020-04-09
83.6,63.7,284.0,5.11,10.4,29.4,0.5,0.0,11.9,3.1,0.0,15.0,25.6,0.0,4.8,0.4,35.1,42.7,1.2,10.3,0,50,1,A01235,A01235_2020-04-09,0,2020-04-09
90.6,78.4,125.0,4.38,11.1,30.6,0.9,0.0,13.7,8.9,1.1,13.4,12.5,0.1,11.3,0.4,33.8,39.7,1.4,7.6,0,81,1,A00650,A00650_2020-04-09,0,2020-04-09
92.1,70.7,232.0,4.67,12.1,30.8,0.6,0.0,12.0,5.4,0.4,14.4,21.3,0.0,7.7,0.3,33.5,43.0,1.6,7.3,0,64,1,A00751,A00751_2020-04-09,0,2020-04-09
79.8,65.0,240.0,4.81,10.1,26.8,0.7,0.0,14.2,4.5,1.4,12.9,23.3,0.1,6.9,0.6,33.6,38.4,1.6,9.7,0,53,0,A00631,A00631_2020-04-09,0,2020-04-09
100.7,82.0,98.0,5.39,,30.8,0.4,0.0,14.7,8.0,0.0,16.6,14.0,0.0,9.8,0.0,30.6,54.3,1.4,4.0,0,89,1,A00113,A00113_2020-04-09,0,2020-04-09
60.3,,710.0,4.18,10.4,19.1,,,15.6,,,8.0,,,15.0,,31.7,25.2,,,1,69,1,A01129,A01129_2020-04-10,0,2020-04-10
86.65,,223.5,4.345,11.3,27.55,,,16.05,,,11.95,,,22.9,,31.75,37.65,,,1,67,0,A01225,A01225_2020-04-10,0,2020-04-10
93.4,71.8,233.0,3.81,10.9,31.0,1.2,0.0,14.0,7.2,2.1,11.8,13.9,0.2,10.0,0.3,33.1,35.6,1.4,11.9,0,75,1,A00421,A00421_2020-04-10,0,2020-04-10
98.7,84.8,378.0,4.67,10.6,32.3,1.3,0.1,12.6,17.9,4.8,15.1,3.8,1.0,21.1,0.3,32.8,46.1,0.8,6.3,1,49,1,A01274,A01274_2020-04-10,1,2020-04-10
89.8,71.7,173.0,4.03,11.2,29.0,0.6,0.0,16.6,5.4,0.0,11.7,20.4,0.0,7.5,0.0,32.3,36.2,1.5,7.9,0,82,0,A00109,A00109_2020-04-10,0,2020-04-10
92.4,94.1,223.0,4.62,9.1,29.9,0.1,0.0,14.0,10.6,0.0,13.8,4.7,0.0,11.3,0.1,32.3,42.7,0.5,1.1,0,83,1,A00026,A00026_2020-04-10,0,2020-04-10
93.4,92.1,630.0,4.4,9.1,30.0,0.8,0.0,14.9,15.4,0.1,13.2,2.9,0.0,16.7,0.2,32.1,41.1,0.5,4.7,1,74,1,A00632,A00632_2020-04-10,0,2020-04-10
93.6,79.8,320.0,3.92,11.0,29.6,0.6,0.1,13.2,10.5,4.5,11.6,10.6,0.6,13.2,0.6,31.6,36.7,1.4,4.5,1,69,1,A01591,A01591_2020-04-10,1,2020-04-10
85.6,42.4,280.0,4.38,10.9,28.1,0.3,0.0,12.8,1.8,4.0,12.3,46.3,0.2,4.2,0.2,32.8,37.5,1.9,7.1,0,61,0,A00561,A00561_2020-04-10,0,2020-04-10
88.5,57.8,302.0,3.47,11.3,30.0,0.5,0.0,14.3,4.6,11.5,10.4,23.8,0.9,7.9,0.4,33.9,30.7,1.9,6.5,0,54,1,A01478,A01478_2020-04-10,0,2020-04-10
95.66666666666667,,201.0,3.456666666666667,13.3,30.76666666666667,,,14.9,,,10.63333333333333,,,19.36666666666666,,32.13333333333333,33.06666666666667,,,1,57,1,A01418,A01418_2020-04-10,0,2020-04-10
84.7,52.9,160.0,4.5,11.8,27.8,0.6,0.0,12.3,3.2,1.2,12.5,34.8,0.1,6.0,0.7,32.8,38.1,2.1,10.4,0,63,1,A00219,A00219_2020-04-10,0,2020-04-10
83.1,57.9,279.0,4.9,9.8,29.0,0.7,0.0,13.2,2.9,2.0,14.2,25.4,0.1,5.0,0.2,34.9,40.7,1.3,14.5,0,63,0,A00468,A00468_2020-04-10,0,2020-04-10
95.69999999999999,91.80000000000001,205.0,2.455,12.8,31.6,0.45,0.0,14.65,14.45,0.25,7.75,5.1,0.0,15.75,0.1,32.95,23.5,0.8,2.75,0,74,1,A01167,A01167_2020-04-10,0,2020-04-10
95.9,90.0,194.0,3.4,11.2,31.2,0.1,0.0,13.8,5.4,2.0,10.6,6.0,0.1,6.0,0.2,32.5,32.6,0.4,1.8,1,50,1,A00798,A00798_2020-04-10,0,2020-04-10
89.2,43.2,64.0,3.89,13.8,29.6,0.5,0.0,13.4,5.3,0.0,11.5,52.3,0.0,12.3,0.1,33.1,34.7,6.4,4.4,0,78,1,A01474,A01474_2020-04-10,0,2020-04-10
89.0,80.7,262.0,3.45,11.4,29.6,0.3,0.0,15.5,9.4,1.2,10.2,15.0,0.1,11.6,0.3,33.2,30.7,1.7,2.8,0,53,0,A00024,A00024_2020-04-10,0,2020-04-10
89.6,68.8,162.0,3.57,9.4,30.5,0.5,0.0,14.4,4.7,1.2,10.9,22.4,0.1,6.8,0.1,34.1,32.0,1.5,7.5,0,54,1,A01442,A01442_2020-04-10,0,2020-04-10
86.3,62.8,232.0,4.52,10.9,29.0,0.6,0.0,12.1,4.3,0.3,13.1,27.3,0.0,6.8,0.4,33.6,39.0,1.9,9.2,0,42,0,A00366,A00366_2020-04-10,0,2020-04-10
85.75,87.6,163.5,3.835,12.65,29.4,1.8,0.0,14.65,33.7,0.6,11.3,7.0,0.2,36.3,0.1,34.3,32.84999999999999,2.7,4.7,1,63,1,A01125,A01125_2020-04-10,0,2020-04-10
92.2,73.5,273.0,6.31,13.6,27.4,0.8,0.1,12.9,10.1,0.0,17.3,20.1,0.0,13.7,0.4,29.7,58.2,2.8,6.0,0,73,0,A00503,A00503_2020-04-10,0,2020-04-10
96.8,81.7,162.0,2.78,10.0,32.0,0.3,0.0,17.6,4.5,3.1,8.9,8.6,0.2,5.5,0.4,33.1,26.9,0.5,6.2,0,85,1,A00294,A00294_2020-04-10,0,2020-04-10
84.7,68.6,285.0,5.03,12.9,27.6,0.5,0.0,12.6,6.0,2.7,13.9,23.0,0.2,8.8,0.2,32.6,42.6,2.0,5.5,0,34,0,A01605,A01605_2020-04-10,0,2020-04-10
97.3,86.6,285.0,4.0,12.2,29.5,0.8,0.1,15.9,12.8,0.8,11.8,6.4,0.1,14.8,0.6,30.3,38.9,0.9,5.6,1,72,1,A01289,A01289_2020-04-10,1,2020-04-10
87.9,53.9,364.0,4.86,10.5,29.2,0.8,0.1,13.5,6.4,0.8,14.2,38.0,0.1,11.8,0.5,33.3,42.7,4.5,6.8,0,45,0,A01323,A01323_2020-04-10,0,2020-04-10
87.45,80.0,512.0,4.375,10.65,28.55,0.8,0.1,12.8,11.0,0.2,12.5,13.3,0.0,13.55,0.5,32.65,38.25,1.8,6.0,1,56,1,A01547,A01547_2020-04-10,0,2020-04-10
89.3,68.9,220.0,4.39,11.0,30.1,0.3,0.0,13.3,3.7,2.1,13.2,23.3,0.1,5.3,0.4,33.7,39.2,1.2,5.3,0,50,0,A01120,A01120_2020-04-10,0,2020-04-10
78.6,60.8,209.0,5.46,10.4,25.5,0.4,0.0,13.7,2.4,0.3,13.9,28.8,0.0,4.0,0.3,32.4,42.9,1.2,9.8,0,34,1,A00260,A00260_2020-04-10,0,2020-04-10
86.1,,156.0,3.89,12.2,29.8,,,15.0,,,11.6,,,35.2,,34.6,33.5,,,1,80,1,A00341,A00341_2020-04-10,0,2020-04-10
85.55000000000001,77.30000000000001,271.5,4.085,9.95,29.25,0.3,0.0,12.65,5.15,0.0,11.95,17.65,0.0,6.65,0.15,34.2,34.95,1.2,4.9,0,42,0,A00467,A00467_2020-04-10,0,2020-04-10
93.0,80.6,340.0,4.17,9.7,33.1,0.6,0.0,12.6,7.0,0.5,13.8,11.9,0.0,8.7,0.2,35.6,38.8,1.0,6.8,0,61,1,A01273,A01273_2020-04-10,0,2020-04-10
92.1,12.7,180.0,4.29,10.8,30.1,0.3,0.0,12.6,0.3,5.1,12.9,65.5,0.1,2.0,1.5,32.7,39.5,1.3,15.2,0,66,1,A00521,A00521_2020-04-10,0,2020-04-10
91.0,73.1,111.0,3.65,13.3,29.9,0.9,0.0,13.4,6.9,6.3,10.9,10.8,0.6,9.5,0.2,32.8,33.2,1.0,9.6,0,77,1,A00586,A00586_2020-04-10,0,2020-04-10
86.7,73.2,338.0,4.12,10.6,27.4,1.3,0.0,15.6,6.2,0.5,11.3,10.7,0.0,8.5,0.1,31.7,35.7,0.9,15.5,0,65,1,A00060,A00060_2020-04-10,0,2020-04-10
92.5,78.2,312.0,4.28,10.2,29.7,0.8,0.1,14.6,8.6,6.6,12.7,7.7,0.7,11.0,0.5,32.1,39.6,0.8,7.0,1,56,1,A00050,A00050_2020-04-10,0,2020-04-10
86.7,43.0,124.0,4.75,10.8,29.7,0.3,0.0,12.5,1.1,1.2,14.1,43.1,0.0,2.5,0.4,34.2,41.2,1.1,12.3,0,51,1,A00957,A00957_2020-04-10,0,2020-04-10
90.2,49.0,186.0,3.58,9.9,30.4,0.6,0.1,12.3,2.8,5.5,10.9,33.5,0.3,5.8,0.9,33.7,32.3,1.9,11.1,0,60,1,A01473,A01473_2020-04-10,0,2020-04-10
86.2,73.8,149.0,4.27,10.7,28.8,0.7,0.0,12.5,4.4,1.7,12.3,12.8,0.1,5.9,0.3,33.4,36.8,0.8,11.4,0,46,1,A00052,A00052_2020-04-10,0,2020-04-10
84.9,39.6,155.0,4.83,11.0,29.6,0.2,0.0,11.5,1.3,0.0,14.3,53.4,0.0,3.3,0.3,34.9,41.0,1.8,6.7,0,51,0,A01039,A01039_2020-04-10,0,2020-04-10
85.2,87.5,219.0,3.37,11.5,27.3,0.4,0.0,15.3,7.3,0.0,9.2,7.2,0.0,8.3,0.1,32.1,28.7,0.6,5.2,0,79,1,A01169,A01169_2020-04-10,0,2020-04-10
62.4,36.6,163.0,6.41,,20.3,0.5,0.1,25.2,2.3,19.7,13.0,33.4,1.2,6.3,1.9,32.5,40.0,2.1,8.4,0,65,1,A00507,A00507_2020-04-10,0,2020-04-10
96.15,86.7,94.0,3.25,10.35,30.65,0.5,0.0,17.05,8.6,0.1,9.95,8.1,0.0,10.9,0.2,31.8,31.25,0.8,4.9,0,71,1,A00271,A00271_2020-04-10,0,2020-04-10
86.1,87.0,201.0,5.31,12.4,27.7,0.3,0.0,16.7,8.2,3.2,14.7,6.4,0.3,9.4,0.4,32.2,45.7,0.6,3.0,0,77,1,A01188,A01188_2020-04-10,0,2020-04-10
89.8,69.5,184.0,3.42,11.9,28.4,0.9,0.0,17.2,4.7,4.8,9.7,11.0,0.3,6.7,0.7,31.6,30.7,0.7,14.0,0,81,0,A00316,A00316_2020-04-10,0,2020-04-10
58.0,78.9,267.0,6.4,,18.4,0.9,0.3,21.1,20.4,1.9,11.8,14.4,0.5,25.8,1.3,31.8,37.1,3.7,3.5,1,61,1,A00111,A00111_2020-04-10,0,2020-04-10
93.5,82.0,81.0,3.37,,30.6,0.6,0.0,17.4,10.1,2.8,10.3,10.1,0.3,12.3,0.3,32.7,31.5,1.2,4.8,1,71,1,A01048,A01048_2020-04-10,0,2020-04-10
99.09999999999998,,256.6666666666667,3.29,12.73333333333333,31.7,,,16.93333333333333,,,10.43333333333333,,,22.5,,31.96666666666667,32.6,,,1,45,1,A01599,A01599_2020-04-10,1,2020-04-10
72.2,45.3,231.0,4.96,10.6,21.4,0.5,0.1,20.2,4.5,12.3,10.6,36.1,1.2,9.9,0.9,29.6,35.8,3.6,5.4,0,18,1,A00493,A00493_2020-04-10,0,2020-04-10
,,,,,,,,,,,,,,,,,,,,0,76,1,A00114,A00114_2020-04-10,0,2020-04-10
83.0,80.4,246.0,5.07,13.4,26.6,0.5,0.0,13.7,12.8,1.0,13.5,15.2,0.2,15.9,0.3,32.1,42.1,2.4,3.1,0,93,1,A00792,A00792_2020-04-10,0,2020-04-10
93.4,64.0,326.0,2.72,9.7,30.1,0.3,0.0,14.8,1.9,7.2,8.2,16.8,0.2,2.9,0.7,32.3,25.4,0.5,11.3,0,48,0,A00834,A00834_2020-04-10,0,2020-04-10
87.9,76.6,385.0,5.21,9.0,29.9,0.8,0.0,12.3,7.6,0.6,15.6,14.7,0.1,9.9,0.5,34.1,45.8,1.5,7.6,0,60,1,A00774,A00774_2020-04-10,0,2020-04-10
96.3,54.2,264.0,3.55,10.6,30.7,0.5,0.0,13.2,2.3,4.2,10.9,30.1,0.2,4.3,0.7,31.9,34.2,1.3,10.8,0,88,0,A00972,A00972_2020-04-10,0,2020-04-10
82.6,50.5,431.0,4.07,10.2,26.5,0.5,0.0,12.3,2.0,1.0,10.8,34.4,0.0,4.0,0.7,32.1,33.6,1.4,13.4,0,47,1,A01395,A01395_2020-04-10,0,2020-04-10
90.76666666666667,,35.66666666666666,3.19,11.7,31.36666666666666,,,16.26666666666667,,,10.0,,,11.96666666666667,,34.56666666666666,28.93333333333333,,,1,46,1,A00594,A00594_2020-04-10,1,2020-04-10
92.1,86.0,305.0,3.05,10.2,29.5,0.4,0.0,16.2,9.3,3.8,9.0,6.1,0.4,10.8,0.3,32.0,28.1,0.7,3.8,1,62,1,A01435,A01435_2020-04-10,0,2020-04-10
85.4,56.4,232.0,3.63,10.9,28.1,0.3,0.0,13.4,2.7,8.1,10.2,28.1,0.4,4.7,0.2,32.9,31.0,1.3,7.2,0,86,1,A01437,A01437_2020-04-10,0,2020-04-10
84.7,52.9,160.0,4.5,11.8,27.8,0.6,0.0,12.3,3.2,1.2,12.5,34.8,0.1,6.0,0.7,32.8,38.1,2.1,10.4,0,48,1,A00281,A00281_2020-04-10,0,2020-04-10
90.2,67.6,184.0,4.57,11.9,27.4,1.0,0.0,15.1,5.7,0.8,12.5,19.0,0.1,8.4,0.2,30.3,41.2,1.6,12.4,0,72,1,A00428,A00428_2020-04-10,0,2020-04-10
82.2,54.2,257.0,3.38,10.3,25.4,0.6,0.0,18.5,3.2,4.6,8.6,29.6,0.3,5.9,0.7,30.9,27.8,1.7,10.9,0,61,0,A00690,A00690_2020-04-10,0,2020-04-10
92.5,42.5,141.0,4.55,10.6,31.0,0.5,0.0,13.3,1.4,0.6,14.1,40.1,0.0,3.3,0.3,33.5,42.1,1.3,16.5,0,70,1,A00825,A00825_2020-04-10,0,2020-04-10
84.9,67.8,387.0,3.52,9.2,28.1,0.8,0.1,13.6,10.6,2.1,9.9,24.6,0.3,15.6,0.4,33.1,29.9,3.8,5.1,0,62,0,A00306,A00306_2020-04-10,0,2020-04-10
91.2,68.6,283.0,3.07,10.2,30.0,0.6,0.0,13.1,4.1,2.0,9.2,19.1,0.1,6.0,0.5,32.9,28.0,1.1,9.8,0,71,1,A00039,A00039_2020-04-10,0,2020-04-10
89.5,75.1,332.0,4.67,10.2,30.0,0.9,0.0,13.2,7.8,2.5,14.0,12.9,0.3,10.4,0.4,33.5,41.8,1.3,9.1,1,51,1,A00051,A00051_2020-04-10,0,2020-04-10
85.6,67.9,362.0,4.02,10.5,29.6,0.7,0.0,12.9,5.4,1.0,11.9,21.8,0.1,7.9,0.1,34.6,34.4,1.7,9.2,0,52,0,A01533,A01533_2020-04-10,0,2020-04-10
80.5,58.9,221.0,5.24,10.5,28.4,0.5,0.0,11.8,3.5,2.2,14.9,29.3,0.1,5.9,0.3,35.3,42.2,1.7,9.3,0,42,1,A01238,A01238_2020-04-10,0,2020-04-10
89.2,,333.0,4.25,8.8,28.5,,,13.7,,,12.1,,,7.5,,31.9,37.9,,,0,56,0,A00688,A00688_2020-04-10,0,2020-04-10
,,,,,,,,,,,,,,,,,,,,0,74,1,A00483,A00483_2020-04-10,0,2020-04-10
73.8,72.9,123.0,5.11,11.1,23.9,1.0,0.0,15.6,4.6,0.0,12.2,11.6,0.0,6.3,0.2,32.4,37.7,0.7,15.3,0,60,1,A00756,A00756_2020-04-10,0,2020-04-10
86.69999999999999,65.8,389.0,4.625,10.0,29.75,0.6,0.0,13.35,3.6,0.2,13.75,23.6,0.0,5.5,0.2,34.3,40.09999999999999,1.3,10.2,0,77,0,A01345,A01345_2020-04-10,0,2020-04-10
89.5,86.1,240.0,3.23,12.0,28.8,0.5,0.1,16.0,18.7,4.8,9.3,6.4,1.0,21.7,0.6,32.2,28.9,1.4,2.1,1,65,0,A01086,A01086_2020-04-10,1,2020-04-10
87.4,63.3,161.0,3.81,10.8,29.1,0.5,0.0,14.1,3.9,3.0,11.1,24.5,0.2,6.1,0.8,33.3,33.3,1.5,8.4,0,69,1,A01287,A01287_2020-04-10,0,2020-04-10
87.6,76.9,222.0,3.94,11.9,27.4,0.5,0.0,13.4,5.7,3.9,10.8,11.5,0.3,7.4,0.4,31.3,34.5,0.9,7.3,0,76,1,A00765,A00765_2020-04-10,0,2020-04-10
85.0,,364.0,4.06,12.7,26.8,,,15.8,,,10.9,,,20.4,,31.6,34.5,,,1,62,1,A00546,A00546_2020-04-10,0,2020-04-10
80.85,62.1,413.5,4.385,10.0,25.9,0.4,0.0,16.25,3.8,1.8,11.35,28.4,0.1,7.0,0.5,32.05,35.45,1.7,7.2,0,87,1,A01596,A01596_2020-04-10,0,2020-04-10
88.6,48.5,267.0,4.14,9.5,30.0,0.8,0.0,12.3,2.6,0.7,12.4,35.2,0.0,5.4,0.7,33.8,36.7,1.9,14.9,0,61,1,A00935,A00935_2020-04-10,0,2020-04-10
96.3,84.8,165.0,3.21,10.0,30.8,0.4,0.0,13.2,5.6,2.7,9.9,7.0,0.2,6.6,0.0,32.0,30.9,0.5,5.5,0,78,0,A00931,A00931_2020-04-10,0,2020-04-10
72.2,67.8,125.0,3.63,,23.1,0.3,0.0,19.0,2.8,1.5,8.4,22.4,0.1,4.1,0.2,32.1,26.2,0.9,8.1,0,69,1,A01412,A01412_2020-04-10,0,2020-04-10
83.8,81.7,372.0,4.14,10.0,28.7,0.5,0.0,11.9,6.5,0.0,11.9,11.4,0.0,8.0,0.1,34.3,34.7,0.9,6.8,0,47,1,A01664,A01664_2020-04-10,0,2020-04-10
88.1,79.3,643.0,4.21,10.8,29.2,1.7,0.1,13.7,14.6,0.9,12.3,10.1,0.2,18.4,0.4,33.2,37.1,1.9,9.3,1,56,1,A00717,A00717_2020-04-10,0,2020-04-10
85.2,87.6,363.0,4.47,10.1,28.2,0.3,0.0,17.3,4.3,0.0,12.6,6.2,0.0,4.9,0.2,33.1,38.1,0.3,6.0,0,91,1,A00981,A00981_2020-04-10,0,2020-04-10
91.3,58.2,613.0,3.69,8.9,29.8,0.6,0.0,12.8,4.8,0.1,11.0,33.8,0.0,8.3,0.2,32.6,33.7,2.8,7.7,0,58,0,A00714,A00714_2020-04-10,0,2020-04-10
94.7,78.5,310.0,3.41,10.8,30.2,0.5,0.0,18.3,6.9,2.6,10.3,12.9,0.2,8.8,0.3,31.9,32.3,1.1,5.7,1,67,1,A00349,A00349_2020-04-10,0,2020-04-10
91.5,62.7,331.0,3.63,10.7,28.7,0.9,0.1,15.4,9.5,18.2,10.4,12.3,2.7,15.1,0.8,31.3,33.2,1.9,6.0,1,49,1,A00359,A00359_2020-04-10,0,2020-04-10
87.7,39.4,476.0,4.22,9.5,29.6,0.2,0.0,13.3,0.8,1.9,12.5,46.6,0.0,2.1,1.9,33.8,37.0,1.0,10.2,0,57,1,A00731,A00731_2020-04-10,0,2020-04-10
86.4,82.5,285.0,4.91,11.2,28.7,0.5,0.0,13.6,7.2,0.0,14.1,11.6,0.0,8.7,0.1,33.3,42.4,1.0,5.8,0,62,0,A01611,A01611_2020-04-11,0,2020-04-11
65.2,,717.0,4.74,10.3,20.0,,,19.1,,,9.5,,,15.2,,30.7,30.9,,,1,69,1,A01129,A01129_2020-04-11,0,2020-04-11
96.4,62.7,311.0,3.58,10.4,33.5,0.8,0.0,14.7,4.3,3.7,12.0,21.8,0.3,6.8,0.7,34.8,34.5,1.5,11.1,0,88,1,A01375,A01375_2020-04-11,0,2020-04-11
87.8,74.3,190.0,4.11,11.6,28.2,0.8,0.0,16.8,8.7,0.0,11.6,19.0,0.0,11.7,0.1,32.1,36.1,2.2,6.6,0,74,1,A00483,A00483_2020-04-11,0,2020-04-11
102.7,67.65,261.0,3.335,11.2,31.2,0.8,0.1,17.8,6.15,2.4,10.4,20.7,0.2,9.05,0.6,30.35,34.25,1.9,8.65,0,83,0,A01165,A01165_2020-04-11,0,2020-04-11
68.75,81.0,265.0,3.65,9.5,23.25,0.6,0.0,18.5,7.5,0.7,8.5,11.5,0.1,9.45,0.2,33.84999999999999,25.1,1.1,6.6,0,71,1,A01627,A01627_2020-04-11,0,2020-04-11
88.7,77.5,269.0,3.9,11.1,30.5,0.2,0.0,12.6,4.5,0.0,11.9,19.9,0.0,5.8,0.0,34.4,34.6,1.2,2.6,0,57,0,A01260,A01260_2020-04-11,0,2020-04-11
91.8,89.8,199.0,4.99,13.0,27.9,0.1,0.0,12.6,12.3,0.0,13.9,9.6,0.0,13.7,0.1,30.3,45.8,1.3,0.5,0,73,0,A00503,A00503_2020-04-11,0,2020-04-11
99.2,66.3,212.0,3.74,10.9,32.1,0.7,0.0,13.8,4.0,3.6,12.0,18.4,0.2,6.1,0.2,32.3,37.1,1.1,11.5,0,79,1,A01385,A01385_2020-04-11,0,2020-04-11
91.3,,192.0,3.22,12.2,29.8,,,14.9,,,9.6,,,27.0,,32.7,29.4,,,1,80,1,A00341,A00341_2020-04-11,0,2020-04-11
103.4,80.9,98.0,5.02,14.1,31.1,0.4,0.0,15.1,7.7,0.1,15.6,14.9,0.0,9.5,0.3,30.1,51.9,1.4,3.8,0,89,1,A00113,A00113_2020-04-11,0,2020-04-11
89.05,67.35,183.0,4.154999999999999,10.45,30.2,0.55,0.0,12.75,4.3,1.05,12.55,22.8,0.05,6.25,0.2,33.95,37.0,1.3,8.6,0,22,0,A01201,A01201_2020-04-11,0,2020-04-11
65.5,69.9,286.0,5.83,12.1,19.9,0.4,0.0,14.6,3.8,0.7,11.6,20.9,0.0,5.5,0.7,30.4,38.2,1.1,7.8,0,53,0,A01551,A01551_2020-04-11,0,2020-04-11
91.1,52.8,191.0,5.27,9.2,30.9,0.9,0.1,12.6,3.9,0.3,16.3,33.2,0.0,7.3,1.2,34.0,48.0,2.4,12.5,0,58,1,A01632,A01632_2020-04-11,0,2020-04-11
87.5,74.5,241.0,3.93,11.3,27.7,1.0,0.1,14.0,8.4,1.4,10.9,14.8,0.2,11.3,0.5,31.7,34.4,1.7,8.8,0,53,0,A00187,A00187_2020-04-11,0,2020-04-11
90.3,74.1,435.0,4.33,11.0,31.2,0.7,0.0,13.5,5.4,0.0,13.5,16.8,0.0,7.3,0.1,34.5,39.1,1.2,9.0,0,44,1,A00095,A00095_2020-04-11,0,2020-04-11
87.0,76.3,226.0,4.45,11.3,29.9,0.3,0.0,13.4,3.9,0.0,13.3,17.0,0.0,5.1,0.2,34.4,38.7,0.9,6.5,0,58,1,A01510,A01510_2020-04-11,0,2020-04-11
95.2,58.4,338.0,4.75,9.2,32.2,0.6,0.1,13.7,4.8,1.5,15.3,31.9,0.1,8.2,0.7,33.8,45.2,2.6,7.5,0,63,1,A00941,A00941_2020-04-11,0,2020-04-11
89.0,83.4,222.0,3.19,11.7,28.8,0.9,0.1,16.0,20.2,6.4,9.2,5.8,1.5,24.2,0.5,32.4,28.4,1.4,3.9,1,65,0,A01086,A01086_2020-04-11,1,2020-04-11
90.4,67.3,282.0,3.55,11.6,29.0,0.4,0.0,15.6,5.7,2.9,10.3,25.1,0.2,8.4,0.5,32.1,32.1,2.1,4.2,0,53,0,A00024,A00024_2020-04-11,0,2020-04-11
85.2,42.7,249.0,4.18,11.2,27.5,0.9,0.1,14.3,2.8,3.6,11.5,39.1,0.2,6.5,0.8,32.3,35.6,2.5,13.8,0,49,1,A01483,A01483_2020-04-11,0,2020-04-11
85.7,41.5,274.0,4.68,10.6,28.8,0.3,0.0,11.7,1.2,3.4,13.5,43.5,0.1,2.9,0.7,33.7,40.1,1.3,10.9,0,41,1,A00549,A00549_2020-04-11,0,2020-04-11
87.9,88.3,267.0,5.03,11.1,29.4,0.5,0.0,14.6,11.9,0.0,14.8,8.2,0.0,13.5,0.1,33.5,44.2,1.1,3.4,0,59,1,A00342,A00342_2020-04-11,0,2020-04-11
72.4,50.4,235.0,4.64,10.3,22.4,0.6,0.1,19.8,5.0,7.5,10.4,35.3,0.8,10.0,1.0,31.0,33.6,3.5,5.8,0,18,1,A00493,A00493_2020-04-11,0,2020-04-11
58.7,86.3,248.0,6.18,,18.8,0.7,0.1,21.7,23.0,0.8,11.6,10.1,0.2,26.7,0.3,32.0,36.3,2.7,2.5,1,61,1,A00111,A00111_2020-04-11,0,2020-04-11
85.6,76.5,152.0,4.51,10.4,27.5,0.3,0.0,13.8,3.5,0.2,12.4,16.8,0.0,4.6,0.2,32.1,38.6,0.8,6.3,0,56,0,A01368,A01368_2020-04-11,0,2020-04-11
93.5,70.5,222.0,3.68,11.0,30.7,1.2,0.0,14.1,5.8,2.2,11.3,12.4,0.2,8.2,0.2,32.8,34.4,1.0,14.7,0,75,1,A00421,A00421_2020-04-11,0,2020-04-11
85.6,87.4,148.0,4.04,12.4,29.7,1.6,0.0,14.6,27.5,0.9,12.0,6.4,0.3,31.5,0.1,34.7,34.6,2.0,5.2,1,63,1,A01125,A01125_2020-04-11,0,2020-04-11
93.3,92.2,676.0,4.63,9.5,30.2,0.8,0.1,14.8,19.1,0.1,14.0,3.1,0.0,20.7,0.5,32.4,43.2,0.6,4.1,1,74,1,A00632,A00632_2020-04-11,0,2020-04-11
92.1,65.3,331.0,3.54,10.9,28.8,0.9,0.1,15.0,10.9,19.3,10.2,9.2,3.2,16.7,0.8,31.3,32.6,1.5,5.4,1,49,1,A00359,A00359_2020-04-11,0,2020-04-11
85.9,54.9,155.0,5.02,14.1,28.3,1.3,0.0,15.3,5.4,1.8,14.2,29.5,0.2,9.8,0.4,32.9,43.1,2.9,13.4,0,93,0,A00224,A00224_2020-04-11,0,2020-04-11
95.85,67.15,320.0,3.255,10.8,29.8,0.75,0.1,17.35,7.05,2.5,9.7,22.65,0.3,10.5,0.5,31.1,31.2,2.4,7.199999999999999,1,67,1,A00349,A00349_2020-04-11,0,2020-04-11
85.0,85.7,373.0,4.67,11.1,28.1,0.8,0.0,13.8,13.1,0.3,13.1,8.6,0.0,15.3,0.2,33.0,39.7,1.3,5.2,0,53,0,A01354,A01354_2020-04-11,0,2020-04-11
82.0,62.5,289.0,4.33,9.8,26.8,0.6,0.0,14.1,2.6,0.9,11.6,22.2,0.0,4.2,0.2,32.7,35.5,0.9,14.2,0,47,0,A01172,A01172_2020-04-11,0,2020-04-11
86.65,81.4,357.0,3.43,9.899999999999999,28.6,0.7,0.0,16.1,16.8,3.0,9.8,12.1,0.6,20.1,0.2,33.0,29.7,2.5,3.3,0,71,0,A00667,A00667_2020-04-11,0,2020-04-11
85.2,25.1,148.0,4.19,11.6,29.6,0.2,0.0,11.6,0.7,0.0,12.4,67.0,0.0,2.8,0.4,34.7,35.7,1.9,7.5,0,51,0,A01039,A01039_2020-04-11,0,2020-04-11
86.4,46.3,65.0,4.27,11.9,28.3,0.6,0.0,13.5,2.5,3.7,12.1,38.8,0.2,5.4,0.6,32.8,36.9,2.1,10.6,0,54,1,A01363,A01363_2020-04-11,0,2020-04-11
88.3,32.3,91.0,3.75,11.7,28.0,0.6,0.1,13.9,2.8,4.7,10.5,54.5,0.4,8.6,1.5,31.7,33.1,4.7,7.0,0,60,1,A01644,A01644_2020-04-11,0,2020-04-11
84.6,,355.0,4.15,12.6,26.7,,,15.4,,,11.1,,,21.0,,31.6,35.1,,,1,62,1,A00546,A00546_2020-04-11,0,2020-04-11
74.2,67.8,129.0,3.84,,23.4,0.5,0.0,19.6,3.7,1.5,9.0,21.7,0.1,5.4,0.4,31.6,28.5,1.2,8.6,0,69,1,A01412,A01412_2020-04-11,0,2020-04-11
95.5,70.9,155.0,3.31,10.2,30.8,0.3,0.0,17.3,3.1,5.5,10.2,16.5,0.2,4.4,0.5,32.3,31.6,0.7,6.6,0,85,1,A00294,A00294_2020-04-11,0,2020-04-11
84.4,75.4,274.0,4.82,9.4,29.3,0.4,0.0,11.7,3.9,1.9,14.1,14.6,0.1,5.2,0.4,34.6,40.7,0.8,7.7,0,54,1,A01676,A01676_2020-04-11,0,2020-04-11
88.5,89.6,260.0,4.85,11.4,28.9,0.4,0.0,13.4,11.1,0.0,14.0,7.0,0.0,12.4,0.2,32.6,42.9,0.9,3.2,1,74,1,A01430,A01430_2020-04-11,1,2020-04-11
86.6,91.1,178.0,4.7,10.9,29.8,0.4,0.0,13.5,9.9,0.0,14.0,4.7,0.0,10.9,0.3,34.4,40.7,0.5,3.9,0,85,0,A01344,A01344_2020-04-11,0,2020-04-11
91.6,71.8,308.0,4.15,10.6,30.4,1.0,0.0,13.2,6.2,1.6,12.6,15.1,0.1,8.7,0.3,33.2,38.0,1.3,11.2,1,51,1,A00051,A00051_2020-04-11,0,2020-04-11
86.65,81.4,357.0,3.43,9.899999999999999,28.6,0.7,0.0,16.1,16.8,3.0,9.8,12.1,0.6,20.1,0.2,33.0,29.7,2.5,3.3,0,70,1,A00668,A00668_2020-04-11,0,2020-04-11
90.5,81.6,624.0,4.21,11.1,29.7,1.7,0.2,13.8,15.8,0.4,12.5,8.3,0.1,19.4,0.8,32.8,38.1,1.6,8.9,1,56,1,A00717,A00717_2020-04-11,0,2020-04-11
80.1,46.1,249.0,5.59,10.0,27.4,0.5,0.0,13.6,2.9,1.3,15.3,43.8,0.1,6.3,0.5,34.2,44.8,2.8,8.3,0,45,1,A00537,A00537_2020-04-11,0,2020-04-11
93.2,51.0,314.0,4.14,10.3,32.1,0.9,0.1,12.6,5.0,8.0,13.3,31.2,0.8,9.8,1.0,34.5,38.6,3.1,8.8,0,40,0,A01398,A01398_2020-04-11,0,2020-04-11
94.3,76.4,359.0,4.4,10.0,29.5,0.7,0.1,14.9,7.6,7.1,13.0,8.5,0.7,10.0,0.7,31.3,41.5,0.9,7.3,1,56,1,A00050,A00050_2020-04-11,0,2020-04-11
85.2,42.7,249.0,4.18,11.2,27.5,0.9,0.1,14.3,2.8,3.6,11.5,39.1,0.2,6.5,0.8,32.3,35.6,2.5,13.8,0,49,1,A01482,A01482_2020-04-11,0,2020-04-11
88.1,55.6,432.0,3.2,9.6,26.6,0.2,0.0,13.4,1.7,7.3,8.5,28.5,0.2,3.0,0.3,30.1,28.2,0.9,8.3,0,38,1,A00443,A00443_2020-04-11,0,2020-04-11
85.2,42.7,249.0,4.18,11.2,27.5,0.9,0.1,14.3,2.8,3.6,11.5,39.1,0.2,6.5,0.8,32.3,35.6,2.5,13.8,0,67,0,A01455,A01455_2020-04-11,0,2020-04-11
88.8,75.3,210.0,4.28,12.0,28.7,0.6,0.0,13.5,4.4,0.0,12.3,14.1,0.0,5.8,0.5,32.4,38.0,0.8,10.1,0,34,0,A00455,A00455_2020-04-11,0,2020-04-11
85.5,76.7,268.0,4.14,9.1,29.5,0.3,0.0,13.5,5.1,0.6,12.2,18.2,0.0,6.7,0.3,34.5,35.4,1.2,4.2,0,28,0,A00040,A00040_2020-04-11,0,2020-04-11
98.3,61.7,171.0,4.76,10.1,32.1,0.9,0.0,13.3,5.1,0.4,15.3,26.3,0.0,8.2,0.2,32.7,46.8,2.2,11.4,0,76,1,A00114,A00114_2020-04-11,0,2020-04-11
93.0,87.7,202.0,3.55,11.4,30.4,0.1,0.0,13.3,4.1,2.8,10.8,7.2,0.1,4.7,0.2,32.7,33.0,0.3,2.1,1,50,1,A00798,A00798_2020-04-11,0,2020-04-11
87.2,47.7,200.0,4.29,10.6,28.0,0.7,0.0,14.4,1.9,1.0,12.0,34.2,0.0,4.0,0.5,32.1,37.4,1.4,16.6,0,31,0,A01534,A01534_2020-04-11,0,2020-04-11
86.2,46.6,273.0,5.14,10.3,29.8,0.3,0.0,12.3,2.2,0.2,15.3,45.8,0.0,4.8,0.4,34.5,44.3,2.2,7.0,0,50,1,A01235,A01235_2020-04-11,0,2020-04-11
85.2,,212.0,4.27,10.9,27.4,,,16.1,,,11.7,,,18.0,,32.1,36.4,,,1,67,0,A01225,A01225_2020-04-11,0,2020-04-11
89.1,37.1,256.0,4.23,11.1,30.0,0.3,0.0,13.3,1.6,0.7,12.7,53.9,0.0,4.4,0.5,33.7,37.7,2.4,7.8,0,46,1,A00499,A00499_2020-04-11,0,2020-04-11
83.4,94.0,131.0,4.94,10.0,29.4,0.0,0.0,12.6,4.4,0.6,14.5,4.0,0.0,4.7,0.6,35.2,41.2,0.2,0.8,0,65,1,A01462,A01462_2020-04-11,0,2020-04-11
93.5,89.1,307.0,3.38,10.6,29.3,0.4,0.0,16.2,11.2,3.4,9.9,4.4,0.4,12.6,0.2,31.3,31.6,0.6,2.9,1,62,1,A01435,A01435_2020-04-11,0,2020-04-11
89.9,,463.0,4.26,10.5,28.4,,,12.7,,,12.1,,,10.3,,31.6,38.3,,,1,56,1,A01547,A01547_2020-04-11,0,2020-04-11
94.75,89.9,372.0,4.76,9.25,32.65,1.0,0.1,13.95,17.4,0.0,15.55,4.5,0.0,20.4,0.4,34.5,45.1,0.9,5.2,0,63,1,A00941,A00941_2020-04-12,0,2020-04-12
81.3,67.5,386.0,5.44,9.7,26.8,0.8,0.1,13.2,8.0,2.4,14.6,22.6,0.3,11.9,0.7,33.0,44.2,2.7,6.8,0,45,0,A00680,A00680_2020-04-12,0,2020-04-12
92.9,62.9,306.0,3.37,11.1,28.8,0.7,0.1,14.8,9.9,24.3,9.7,7.6,3.8,15.8,0.8,31.0,31.3,1.2,4.4,1,49,1,A00359,A00359_2020-04-12,0,2020-04-12
92.3,,406.0,3.9,10.4,29.7,,,12.8,,,11.6,,,10.7,,32.2,36.0,,,1,56,1,A01547,A01547_2020-04-12,0,2020-04-12
85.0,54.0,232.0,4.34,9.9,27.2,0.3,0.0,16.7,2.3,3.1,11.8,35.3,0.1,4.2,0.2,32.0,36.9,1.5,7.4,0,52,0,A00902,A00902_2020-04-12,0,2020-04-12
86.7,62.1,281.0,4.67,11.5,30.6,0.1,0.0,13.4,1.4,0.0,14.3,33.6,0.0,2.3,0.4,35.3,40.5,0.8,3.9,0,58,1,A01510,A01510_2020-04-12,0,2020-04-12
85.1,52.0,146.0,4.43,11.2,28.9,0.5,0.0,12.3,2.4,1.5,12.8,35.2,0.1,4.7,0.6,34.0,37.7,1.7,10.7,0,48,1,A00281,A00281_2020-04-12,0,2020-04-12
92.4,,263.0,2.63,9.9,31.2,,,14.0,,,8.2,,,12.2,,33.7,24.3,,,0,76,1,A00726,A00726_2020-04-12,0,2020-04-12
89.3,61.2,208.0,4.21,11.9,28.3,1.0,0.0,14.6,4.5,3.1,11.9,22.0,0.2,7.4,0.4,31.6,37.6,1.6,13.3,0,72,1,A00428,A00428_2020-04-12,0,2020-04-12
86.8,85.3,232.0,3.86,10.9,28.0,0.6,0.0,16.4,8.1,0.6,10.8,7.7,0.1,9.5,0.4,32.2,33.5,0.7,6.0,0,84,1,A01211,A01211_2020-04-12,0,2020-04-12
90.0,59.0,366.0,3.69,10.3,31.2,0.4,0.0,14.1,4.9,9.4,11.5,26.3,0.8,8.3,0.4,34.6,33.2,2.2,4.9,0,54,1,A01478,A01478_2020-04-12,0,2020-04-12
95.7,86.8,203.0,3.5,12.1,30.9,0.1,0.0,13.5,4.3,2.5,10.8,8.0,0.1,4.9,0.2,32.2,33.5,0.4,2.5,1,50,1,A00798,A00798_2020-04-12,0,2020-04-12
80.9,63.0,170.0,5.02,11.3,26.9,0.4,0.0,13.0,2.7,0.0,13.5,27.3,0.0,4.3,0.0,33.3,40.6,1.2,9.7,0,48,1,A00794,A00794_2020-04-12,0,2020-04-12
91.7,83.6,301.0,4.22,9.4,32.9,1.3,0.0,13.6,12.8,0.4,13.9,7.3,0.1,15.3,0.1,35.9,38.7,1.1,8.6,0,67,0,A01153,A01153_2020-04-12,0,2020-04-12
87.6,53.2,471.0,3.38,9.3,27.8,0.4,0.0,13.2,1.9,8.5,9.4,25.5,0.3,3.5,0.3,31.8,29.6,0.9,12.5,0,38,1,A00443,A00443_2020-04-12,0,2020-04-12
85.6,52.4,253.0,4.73,10.6,28.5,1.0,0.0,13.2,3.2,2.3,13.5,27.8,0.1,6.1,0.5,33.3,40.5,1.7,17.0,0,67,1,A00849,A00849_2020-04-12,0,2020-04-12
92.1,66.0,158.0,3.8,9.0,29.5,0.4,0.0,13.2,2.3,0.0,11.2,22.1,0.0,3.5,0.3,32.0,35.0,0.8,11.6,0,58,0,A00844,A00844_2020-04-12,0,2020-04-12
88.4,66.8,182.0,4.31,11.0,29.7,0.3,0.0,13.8,3.9,0.2,12.8,28.4,0.0,5.9,0.3,33.6,38.1,1.7,4.3,0,52,0,A00253,A00253_2020-04-12,0,2020-04-12
87.5,82.9,329.0,4.88,10.1,27.9,0.4,0.0,17.2,5.1,0.0,13.6,10.9,0.0,6.2,0.2,31.9,42.7,0.7,6.0,0,91,1,A00981,A00981_2020-04-12,0,2020-04-12
91.0,90.7,176.0,3.34,12.6,30.5,1.5,0.1,15.4,27.1,0.5,10.2,3.4,0.1,29.9,0.4,33.6,30.4,1.0,5.0,1,63,1,A01125,A01125_2020-04-12,0,2020-04-12
90.4,70.6,277.0,4.49,10.9,30.3,0.6,0.0,14.8,5.7,0.4,13.6,21.7,0.0,8.1,0.4,33.5,40.6,1.8,6.9,0,59,1,A00342,A00342_2020-04-12,0,2020-04-12
92.7,78.0,301.0,4.13,11.0,31.0,1.1,0.0,13.2,8.3,1.5,12.8,9.6,0.2,10.7,0.4,33.4,38.3,1.0,10.5,1,51,1,A00051,A00051_2020-04-12,0,2020-04-12
89.8,82.7,219.0,5.1,10.9,29.8,1.0,0.0,12.0,7.5,1.8,15.2,4.4,0.2,9.1,0.3,33.2,45.8,0.4,10.8,0,34,1,A00456,A00456_2020-04-12,0,2020-04-12
86.3,94.4,283.0,5.31,9.3,29.6,0.5,0.0,12.5,15.4,0.0,15.7,2.4,0.0,16.3,0.1,34.3,45.8,0.4,3.1,0,57,1,A01014,A01014_2020-04-12,0,2020-04-12
89.5,81.8,326.0,3.06,10.3,28.4,0.6,0.1,16.0,14.3,4.1,8.7,10.1,0.7,17.5,0.3,31.8,27.4,1.8,3.7,0,71,0,A00667,A00667_2020-04-12,0,2020-04-12
93.0,70.4,333.0,4.28,8.9,32.0,0.7,0.0,13.4,8.9,0.6,13.7,23.1,0.1,12.7,0.2,34.4,39.8,2.9,5.7,0,35,0,A00331,A00331_2020-04-12,0,2020-04-12
90.1,,205.0,5.24,12.7,28.8,,,16.5,,,15.1,,,14.1,,32.0,47.2,,,0,78,1,A00868,A00868_2020-04-12,0,2020-04-12
89.5,81.8,326.0,3.06,10.3,28.4,0.6,0.1,16.0,14.3,4.1,8.7,10.1,0.7,17.5,0.3,31.8,27.4,1.8,3.7,0,70,1,A00668,A00668_2020-04-12,0,2020-04-12
86.1,,314.0,3.81,12.8,27.8,,,15.4,,,10.6,,,16.4,,32.3,32.8,,,1,62,1,A00546,A00546_2020-04-12,0,2020-04-12
92.9,74.0,179.0,3.64,10.2,32.7,0.1,0.1,17.6,2.4,0.0,11.9,21.0,0.0,3.3,2.0,35.2,33.8,0.7,3.0,0,56,0,A00841,A00841_2020-04-12,0,2020-04-12
95.3,60.7,235.0,4.65,9.9,32.0,0.7,0.0,12.3,5.0,1.6,14.9,28.5,0.1,8.2,0.6,33.6,44.3,2.3,8.6,0,28,1,A00925,A00925_2020-04-12,0,2020-04-12
85.9,60.2,298.0,4.69,10.4,30.3,0.3,0.0,12.4,3.0,0.0,14.2,33.5,0.0,5.0,0.4,35.2,40.3,1.7,5.9,0,50,1,A01235,A01235_2020-04-12,0,2020-04-12
97.1,74.9,311.0,3.15,10.8,30.8,0.9,0.1,16.9,10.6,3.0,9.7,15.5,0.4,14.2,0.4,31.7,30.6,2.2,6.2,1,67,1,A00349,A00349_2020-04-12,0,2020-04-12
92.4,,263.0,2.63,9.9,31.2,,,14.0,,,8.2,,,12.2,,33.7,24.3,,,0,82,0,A00708,A00708_2020-04-12,0,2020-04-12
84.9,92.9,169.0,4.65,10.4,29.9,0.0,0.0,14.1,2.0,0.0,13.9,6.6,0.0,2.1,0.0,35.2,39.5,0.1,0.5,0,76,1,A00847,A00847_2020-04-12,0,2020-04-12
89.9,59.1,268.0,4.96,11.1,28.8,0.9,0.1,14.6,6.6,3.4,14.3,28.5,0.4,11.1,0.5,32.1,44.6,3.2,8.5,0,66,0,A01027,A01027_2020-04-12,0,2020-04-12
94.4,86.1,680.0,4.65,9.6,30.1,0.9,0.0,14.9,16.2,1.3,14.0,7.4,0.2,18.8,0.2,31.9,43.9,1.4,5.0,1,74,1,A00632,A00632_2020-04-12,0,2020-04-12
87.19999999999999,64.94999999999999,305.5,3.05,9.350000000000001,29.55,0.7,0.05,14.8,7.199999999999999,2.5,9.0,25.95,0.25,11.1,0.45,33.84999999999999,26.6,2.9,6.15,0,62,0,A00306,A00306_2020-04-12,0,2020-04-12
85.1,52.0,146.0,4.43,11.2,28.9,0.5,0.0,12.3,2.4,1.5,12.8,35.2,0.1,4.7,0.6,34.0,37.7,1.7,10.7,0,63,1,A00219,A00219_2020-04-12,0,2020-04-12
89.7,40.9,311.0,4.08,10.8,29.7,0.5,0.0,12.5,1.8,2.3,12.1,45.3,0.1,4.4,0.7,33.1,36.6,2.0,10.8,0,56,1,A00393,A00393_2020-04-12,0,2020-04-12
81.00000000000001,91.9,397.6666666666667,3.603333333333333,9.5,26.2,0.45,0.0,14.33333333333333,12.85,0.0,9.433333333333332,4.7,0.0,15.7,0.15,32.33333333333334,29.2,0.6499999999999999,3.25,0,70,0,A00284,A00284_2020-04-12,0,2020-04-12
88.2,54.1,202.0,4.23,10.0,30.0,0.5,0.0,12.9,2.8,2.1,12.7,32.7,0.1,5.1,0.6,34.0,37.3,1.7,10.5,0,22,0,A01201,A01201_2020-04-12,0,2020-04-12
83.5,57.8,346.0,5.5,10.7,28.4,0.8,0.1,12.9,5.4,8.7,15.6,24.0,0.8,9.3,0.8,34.0,45.9,2.2,8.7,0,53,1,A00974,A00974_2020-04-12,0,2020-04-12
81.4,38.0,197.0,5.22,11.5,28.4,0.5,0.1,13.6,2.3,1.0,14.8,51.0,0.1,6.1,1.0,34.8,42.5,3.1,9.0,0,48,1,A01182,A01182_2020-04-12,0,2020-04-12
97.7,66.0,251.0,4.33,9.9,32.6,1.2,0.1,13.3,13.4,0.6,14.1,27.3,0.1,20.3,0.4,33.3,42.3,5.5,5.7,0,83,1,A00701,A00701_2020-04-12,0,2020-04-12
66.7,,731.0,4.95,9.9,20.8,,,20.5,,,10.3,,,12.0,,31.2,33.0,,,1,69,1,A01129,A01129_2020-04-12,0,2020-04-12
94.8,68.3,209.0,3.29,11.2,31.6,0.8,0.0,14.0,4.9,4.2,10.4,16.3,0.3,7.2,0.1,33.3,31.2,1.2,11.1,0,75,1,A00421,A00421_2020-04-12,0,2020-04-12
95.3,76.9,361.0,4.5,10.0,29.6,0.7,0.1,14.7,7.3,7.6,13.3,7.4,0.7,9.5,0.6,31.0,42.9,0.7,7.5,1,56,1,A00050,A00050_2020-04-12,0,2020-04-12
90.2,73.4,127.0,3.38,11.9,29.3,0.5,0.0,17.0,6.1,1.4,9.9,18.5,0.1,8.3,0.2,32.5,30.5,1.5,6.5,0,74,1,A00483,A00483_2020-04-12,0,2020-04-12
93.1,75.1,608.0,3.9,11.2,29.5,2.1,0.2,14.1,14.9,1.0,11.5,12.3,0.2,19.8,1.1,31.7,36.3,2.4,10.5,1,56,1,A00717,A00717_2020-04-12,0,2020-04-12
86.7,84.6,332.0,4.95,10.9,28.9,0.6,0.0,13.7,8.0,0.0,14.3,8.7,0.0,9.5,0.1,33.3,42.9,0.8,6.6,0,62,0,A01611,A01611_2020-04-12,0,2020-04-12
87.5,,140.0,3.68,11.1,27.7,,,16.0,,,10.2,,,18.4,,31.7,32.2,,,1,67,0,A01225,A01225_2020-04-12,0,2020-04-12
59.6,78.3,257.0,6.12,,18.6,1.0,0.1,21.9,13.3,0.9,11.4,14.3,0.2,17.0,0.8,31.2,36.5,2.4,5.7,1,61,1,A00111,A00111_2020-04-12,0,2020-04-12
75.1,59.1,141.0,4.22,,23.5,0.5,0.0,19.8,3.2,1.8,9.9,29.8,0.1,5.4,0.6,31.2,31.7,1.6,8.7,0,69,1,A01412,A01412_2020-04-12,0,2020-04-12
60.4,58.1,266.0,5.68,9.7,19.5,0.4,0.0,15.1,2.1,0.0,11.1,29.2,0.0,3.6,0.6,32.4,34.3,1.1,12.1,0,62,0,A00234,A00234_2020-04-12,0,2020-04-12
90.2,89.6,240.0,3.06,11.7,29.1,1.0,0.1,16.4,22.2,2.9,8.9,3.1,0.7,24.8,0.4,32.2,27.6,0.8,4.0,1,65,0,A01086,A01086_2020-04-12,1,2020-04-12
89.9,66.7,230.0,3.48,11.4,29.0,0.7,0.0,14.1,6.3,2.7,10.1,22.3,0.3,9.4,0.5,32.3,31.3,2.1,7.8,0,53,0,A00187,A00187_2020-04-12,0,2020-04-12
93.0,,358.5,2.85,11.4,31.25,,,14.85,,,8.899999999999999,,,32.15,,33.6,26.5,,,1,80,1,A00341,A00341_2020-04-12,0,2020-04-12
88.0,92.1,276.0,4.6,11.9,28.9,0.5,0.0,13.7,16.9,0.0,13.3,4.9,0.0,18.3,0.2,32.8,40.5,0.9,2.8,1,74,1,A01430,A01430_2020-04-12,1,2020-04-12
94.5,82.7,203.0,4.33,11.0,32.1,0.5,0.0,14.2,9.3,0.1,13.9,12.8,0.0,11.3,0.1,34.0,40.9,1.4,4.3,0,82,0,A00989,A00989_2020-04-12,0,2020-04-12
94.7,86.5,225.0,2.81,10.5,30.6,0.2,0.0,16.2,8.2,7.7,8.6,3.8,0.7,9.5,0.2,32.3,26.6,0.4,1.8,1,62,1,A01435,A01435_2020-04-12,0,2020-04-12
91.9,71.6,281.0,2.95,9.8,31.2,0.6,0.0,13.2,4.6,1.6,9.2,16.4,0.1,6.4,0.5,33.9,27.1,1.0,9.9,0,71,1,A00039,A00039_2020-04-12,0,2020-04-12
89.1,71.1,271.0,4.05,11.4,28.6,1.0,0.0,15.3,5.4,0.8,11.6,15.5,0.1,7.6,0.1,32.1,36.1,1.2,12.5,0,65,1,A00060,A00060_2020-04-12,0,2020-04-12
65.25,59.8,292.5,4.88,10.8,20.4,0.7,0.1,19.7,4.3,3.0,9.95,25.6,0.2,6.95,1.5,31.25,31.85,1.8,10.1,0,54,1,A00660,A00660_2020-04-13,0,2020-04-13
92.6,75.1,345.0,2.71,10.4,31.4,0.7,0.0,14.1,8.9,3.6,8.5,14.7,0.4,11.8,0.3,33.9,25.1,1.7,6.3,0,82,0,A00708,A00708_2020-04-13,0,2020-04-13
82.4,61.2,528.0,4.65,11.5,25.8,0.9,0.0,12.6,4.2,0.6,12.0,24.3,0.0,6.9,0.6,31.3,38.3,1.7,13.3,0,49,1,A01097,A01097_2020-04-13,0,2020-04-13
95.5,67.1,486.0,3.59,10.2,31.2,0.9,0.1,14.0,6.0,3.5,11.2,18.2,0.3,9.0,1.6,32.7,34.3,1.6,9.6,0,55,1,A01223,A01223_2020-04-13,0,2020-04-13
73.5,59.9,301.5,4.17,11.2,23.15,0.5,0.0,14.95,3.5,8.1,9.65,22.7,0.5,6.4,0.5,31.5,30.65,1.3,8.8,0,80,0,A00575,A00575_2020-04-13,0,2020-04-13
88.0,70.6,194.0,3.68,10.8,28.5,0.4,0.0,12.6,3.5,3.5,10.5,17.3,0.2,4.9,0.6,32.4,32.4,0.8,8.0,0,57,1,A01443,A01443_2020-04-13,0,2020-04-13
92.2,68.6,268.0,3.08,9.9,30.5,0.5,0.0,13.2,3.6,1.5,9.4,20.3,0.1,5.3,0.4,33.1,28.4,1.1,9.2,0,71,1,A00039,A00039_2020-04-13,0,2020-04-13
99.5,54.0,225.0,3.85,10.7,32.2,0.7,0.0,13.5,2.5,3.4,12.4,27.8,0.2,4.7,0.2,32.4,38.3,1.3,14.6,0,79,1,A01385,A01385_2020-04-13,0,2020-04-13
90.25,50.05,74.5,3.895,13.5,30.45,0.45,0.0,13.45,5.85,0.1,11.85,45.65,0.0,11.55,0.15,33.75,35.15,5.25,4.050000000000001,0,78,1,A01474,A01474_2020-04-13,0,2020-04-13
91.8,60.5,298.0,3.77,10.4,31.0,1.2,0.1,12.8,4.4,1.6,11.7,21.2,0.1,7.3,0.7,33.8,34.6,1.5,16.0,0,80,1,A00696,A00696_2020-04-13,0,2020-04-13
94.2,90.7,570.0,4.5,9.5,29.6,0.8,0.2,15.0,17.9,0.3,13.3,3.9,0.1,19.7,0.9,31.4,42.4,0.8,4.2,1,74,1,A00632,A00632_2020-04-13,0,2020-04-13
90.6,84.2,286.0,3.08,10.4,27.6,1.1,0.0,17.7,17.3,1.7,8.5,8.7,0.3,20.5,0.1,30.5,27.9,1.8,5.3,0,70,1,A00668,A00668_2020-04-13,0,2020-04-13
89.9,56.2,244.0,4.15,11.8,28.2,1.1,0.0,14.6,3.9,5.0,11.7,23.4,0.4,7.0,0.4,31.4,37.3,1.6,15.0,0,72,1,A00428,A00428_2020-04-13,0,2020-04-13
91.5,83.0,665.0,4.14,11.2,29.5,1.8,0.2,14.1,23.0,0.6,12.2,9.2,0.2,27.7,0.8,32.2,37.9,2.5,6.4,1,56,1,A00717,A00717_2020-04-13,0,2020-04-13
87.2,81.0,291.0,3.66,11.3,27.6,1.1,0.0,15.6,10.7,0.0,10.1,10.4,0.0,13.2,0.2,31.7,31.9,1.4,8.4,0,79,1,A01169,A01169_2020-04-13,0,2020-04-13
88.5,64.1,149.0,5.11,11.5,29.2,0.8,0.0,13.0,4.4,0.6,14.9,23.3,0.0,6.8,0.1,33.0,45.2,1.6,11.9,0,60,1,A01176,A01176_2020-04-13,0,2020-04-13
97.6,82.5,136.0,3.28,10.5,31.7,0.5,0.1,17.0,7.3,0.2,10.4,10.9,0.0,8.9,0.9,32.5,32.0,1.0,5.5,0,71,1,A00271,A00271_2020-04-13,0,2020-04-13
90.6,84.2,286.0,3.08,10.4,27.6,1.1,0.0,17.7,17.3,1.7,8.5,8.7,0.3,20.5,0.1,30.5,27.9,1.8,5.3,0,71,0,A00667,A00667_2020-04-13,0,2020-04-13
87.4,51.3,262.0,3.8,10.7,29.2,0.6,0.0,13.8,2.3,4.6,11.1,30.2,0.2,4.5,0.7,33.4,33.2,1.4,13.2,0,69,1,A01287,A01287_2020-04-13,0,2020-04-13
95.3,77.7,171.0,3.39,10.0,31.0,0.2,0.0,15.7,3.0,0.0,10.5,17.5,0.0,3.8,0.0,32.5,32.3,0.7,4.8,0,85,1,A00294,A00294_2020-04-13,0,2020-04-13
93.5,,283.0,3.98,9.6,34.2,,,13.9,,,13.6,,,8.4,,36.6,37.2,,,0,67,0,A01153,A01153_2020-04-13,0,2020-04-13
60.4,75.6,231.0,6.21,,18.5,0.9,0.1,22.2,10.9,2.3,11.5,15.0,0.3,14.4,0.7,30.7,37.5,2.2,6.4,1,61,1,A00111,A00111_2020-04-13,0,2020-04-13
90.6,50.2,326.0,5.52,9.7,31.3,0.7,0.0,12.5,3.8,0.4,17.3,40.1,0.0,7.5,0.5,34.6,50.0,3.0,8.8,0,62,1,A01057,A01057_2020-04-13,0,2020-04-13
97.4,78.85,134.5,3.02,11.6,33.15,0.15,0.0,14.05,4.8,1.5,10.0,17.3,0.05,5.95,0.1,34.05,29.4,0.95,2.25,0,42,1,A01450,A01450_2020-04-13,0,2020-04-13
85.4,38.1,192.0,3.96,11.2,29.0,0.2,0.0,11.0,0.9,0.9,11.5,50.9,0.0,2.3,0.4,34.0,33.8,1.2,9.7,0,51,0,A01039,A01039_2020-04-13,0,2020-04-13
89.8,60.3,477.0,3.44,10.4,29.7,0.4,0.1,15.5,3.9,2.0,10.2,31.1,0.1,6.4,0.8,33.0,30.9,2.0,5.8,0,53,0,A00024,A00024_2020-04-13,0,2020-04-13
95.8,74.6,413.0,4.73,10.2,30.0,0.6,0.1,14.8,7.5,8.8,14.2,9.3,0.9,10.0,0.9,31.3,45.3,0.9,6.4,1,56,1,A00050,A00050_2020-04-13,0,2020-04-13
85.3,57.95,141.5,4.455,10.45,28.05,0.55,0.0,12.8,2.5,2.2,12.5,25.8,0.1,4.300000000000001,0.6,32.90000000000001,38.0,1.1,13.45,0,65,1,A01462,A01462_2020-04-13,0,2020-04-13
95.10000000000001,89.8,164.3333333333333,4.476666666666667,12.2,31.33333333333333,0.7,0.1,12.63333333333333,11.6,0.6,14.03333333333333,3.0,0.1,13.5,1.1,32.99999999999999,42.56666666666666,0.4,5.5,1,80,1,A01314,A01314_2020-04-13,0,2020-04-13
82.4,61.2,528.0,4.65,11.5,25.8,0.9,0.0,12.6,4.2,0.6,12.0,24.3,0.0,6.9,0.6,31.3,38.3,1.7,13.3,0,60,0,A00747,A00747_2020-04-13,0,2020-04-13
85.8,82.1,387.0,5.14,10.9,29.0,0.6,0.0,12.9,8.0,0.1,14.9,11.1,0.0,9.8,0.3,33.8,44.1,1.1,6.4,0,62,0,A01611,A01611_2020-04-13,0,2020-04-13
87.0,43.3,261.0,5.32,11.5,29.9,0.8,0.0,13.5,2.9,1.7,15.9,42.8,0.1,6.7,0.5,34.3,46.3,2.9,11.7,0,35,1,A00517,A00517_2020-04-13,0,2020-04-13
92.1,86.6,234.0,3.29,12.0,30.1,1.6,0.1,15.1,24.2,2.4,9.9,4.8,0.7,28.0,0.4,32.7,30.3,1.3,5.8,1,63,1,A01125,A01125_2020-04-13,0,2020-04-13
84.8,46.2,291.0,4.2,11.1,28.6,0.6,0.0,13.4,2.1,2.4,12.0,38.2,0.1,4.6,0.9,33.7,35.6,1.8,12.3,0,55,1,A01445,A01445_2020-04-13,0,2020-04-13
91.1,77.5,275.0,4.82,9.6,30.1,1.0,0.1,15.6,7.5,1.7,14.5,10.4,0.2,9.7,0.6,33.0,43.9,1.0,9.8,0,81,1,A00904,A00904_2020-04-13,0,2020-04-13
85.9,72.6,307.0,4.6,10.5,30.4,0.3,0.0,12.2,4.1,0.0,14.0,21.5,0.0,5.7,0.4,35.4,39.5,1.2,5.5,0,50,1,A01235,A01235_2020-04-13,0,2020-04-13
86.5,55.2,217.0,4.23,9.6,28.8,0.6,0.0,12.8,3.1,0.0,12.2,33.8,0.0,5.7,0.4,33.3,36.6,1.9,10.6,0,36,0,A01629,A01629_2020-04-13,0,2020-04-13
82.3,84.05,351.0,3.615,9.899999999999999,25.75,1.3,0.0,14.55,10.95,0.1,9.3,5.95,0.0,13.0,0.1,31.3,29.75,0.75,9.8,0,70,0,A00284,A00284_2020-04-13,0,2020-04-13
89.1,54.9,250.0,4.66,10.3,30.0,0.3,0.0,13.6,2.4,0.0,14.0,38.2,0.0,4.4,0.0,33.7,41.5,1.7,6.9,0,46,0,A01168,A01168_2020-04-13,0,2020-04-13
89.1,86.2,321.0,4.14,10.8,30.4,1.2,0.0,13.2,14.2,0.1,12.6,6.4,0.0,16.5,0.2,34.1,36.9,1.1,7.1,1,51,1,A00051,A00051_2020-04-13,0,2020-04-13
89.5,20.5,151.0,4.3,10.2,30.7,0.7,0.0,11.9,0.8,13.6,13.2,46.4,0.5,3.9,1.0,34.3,38.5,1.8,18.5,0,58,1,A00077,A00077_2020-04-13,0,2020-04-13
89.9,64.4,412.0,4.46,8.8,31.6,0.8,0.0,11.4,4.6,1.2,14.1,22.4,0.1,7.2,0.6,35.2,40.1,1.6,11.4,0,66,1,A01461,A01461_2020-04-13,0,2020-04-13
79.3,60.2,421.0,4.45,9.7,25.2,0.8,0.0,15.9,5.7,1.1,11.2,29.7,0.1,9.5,0.2,31.7,35.3,2.8,8.8,0,49,0,A00820,A00820_2020-04-13,0,2020-04-13
93.45,78.5,299.0,3.065,11.05,30.0,1.05,0.1,16.55,14.5,1.35,9.2,13.95,0.25,18.35,0.35,32.15000000000001,28.65,2.55,5.85,1,67,1,A00349,A00349_2020-04-13,0,2020-04-13
86.6,,271.0,4.64,10.2,30.0,,,13.0,,,13.9,,,15.8,,34.6,40.2,,,0,57,1,A01014,A01014_2020-04-13,0,2020-04-13
89.5,34.5,385.0,5.34,9.6,29.8,0.8,0.1,13.0,1.2,4.3,15.9,36.2,0.2,3.5,3.4,33.3,47.8,1.3,21.6,0,60,1,A01271,A01271_2020-04-13,0,2020-04-13
91.7,71.1,271.0,3.02,10.0,29.5,0.6,0.0,17.6,4.5,0.6,8.9,18.8,0.0,6.3,0.6,32.1,27.7,1.2,8.9,0,86,0,A01557,A01557_2020-04-13,0,2020-04-13
92.3,62.6,173.0,3.1,9.6,30.3,0.9,0.0,16.0,3.9,3.1,9.4,19.1,0.2,6.2,0.5,32.9,28.6,1.2,14.7,0,56,1,A00530,A00530_2020-04-13,0,2020-04-13
86.9,75.4,135.0,5.56,10.0,30.4,0.7,0.0,12.8,5.5,0.0,16.9,14.4,0.0,7.3,0.3,35.0,48.3,1.1,9.9,0,76,1,A01234,A01234_2020-04-13,0,2020-04-13
93.5,68.2,356.0,3.15,9.0,31.15,0.6,0.1,16.6,3.6,7.8,9.8,12.4,0.4,5.0,1.1,33.3,29.45,0.7,10.5,0,80,0,A01278,A01278_2020-04-13,0,2020-04-13
90.4,61.2,501.5,2.97,9.85,29.8,1.0,0.1,13.65,6.4,5.5,8.85,22.5,0.6,9.7,1.4,32.95,26.85,2.4,9.4,0,61,1,A01084,A01084_2020-04-13,0,2020-04-13
92.85,15.45,203.0,4.145,10.85,30.65,0.4,0.0,12.7,0.45,3.4,12.7,66.35,0.1,2.7,0.9,32.95,38.5,1.8,13.9,0,66,1,A00521,A00521_2020-04-13,0,2020-04-13
87.2,,220.0,5.94,11.7,29.3,,,13.9,,,17.4,,,9.5,,33.6,51.8,,,0,85,1,A00383,A00383_2020-04-13,0,2020-04-13
89.8,59.1,244.0,3.52,11.3,30.1,0.7,0.1,14.2,5.9,1.7,10.6,31.2,0.2,9.9,0.6,33.5,31.6,3.1,7.4,0,96,0,A01243,A01243_2020-04-13,0,2020-04-13
92.8,77.9,200.0,2.77,11.5,28.5,0.9,0.0,16.8,12.8,9.8,7.9,6.4,1.6,16.4,0.3,30.7,25.7,1.0,5.6,1,65,0,A01086,A01086_2020-04-13,1,2020-04-13
75.9,62.4,135.0,4.57,10.9,23.6,0.9,0.0,15.6,3.9,0.6,10.8,21.7,0.0,6.2,0.5,31.1,34.7,1.3,14.8,0,60,1,A00756,A00756_2020-04-13,0,2020-04-13
89.9,31.7,98.0,3.76,12.0,29.3,0.7,0.1,14.6,2.5,4.9,11.0,52.8,0.4,7.8,1.3,32.5,33.8,4.1,9.3,0,60,1,A01644,A01644_2020-04-13,0,2020-04-13
67.7,,799.0,5.24,9.9,21.0,,,20.6,,,11.0,,,15.8,,31.0,35.5,,,1,69,1,A01129,A01129_2020-04-13,0,2020-04-13
83.3,47.0,322.0,4.72,10.9,28.2,0.8,0.0,12.7,2.5,1.9,13.3,35.8,0.1,5.3,0.8,33.8,39.3,1.9,14.5,0,67,1,A00849,A00849_2020-04-13,0,2020-04-13
94.6,86.1,266.0,3.12,10.4,29.5,0.3,0.0,16.6,10.8,7.1,9.2,4.1,0.9,12.6,0.2,31.2,29.5,0.5,2.5,1,62,1,A01435,A01435_2020-04-13,1,2020-04-13
91.9,60.4,220.0,3.82,13.5,28.8,0.7,0.1,14.6,3.8,5.1,11.0,23.2,0.3,6.3,0.8,31.3,35.1,1.5,10.5,0,76,0,A00297,A00297_2020-04-13,0,2020-04-13
96.6,78.4,332.0,4.75,9.3,32.2,1.2,0.0,14.2,12.8,0.4,15.3,13.5,0.1,16.3,0.3,33.3,45.9,2.2,7.4,0,63,1,A00941,A00941_2020-04-13,0,2020-04-13
88.6,,310.0,3.52,11.6,31.3,,,14.8,,,11.0,,,37.7,,35.3,31.2,,,1,80,1,A00341,A00341_2020-04-13,0,2020-04-13
95.7,73.8,443.0,3.46,8.2,29.8,0.4,0.0,13.8,5.7,5.8,10.3,14.0,0.4,7.7,0.6,31.1,33.1,1.1,5.8,0,64,1,A01495,A01495_2020-04-13,0,2020-04-13
95.7,73.8,443.0,3.46,8.2,29.8,0.4,0.0,13.8,5.7,5.8,10.3,14.0,0.4,7.7,0.6,31.1,33.1,1.1,5.8,0,64,1,A01494,A01494_2020-04-13,0,2020-04-13
94.75,54.05,338.0,4.385,12.55,29.3,0.7,0.1,14.7,4.4,11.4,12.85,24.1,0.95,8.100000000000001,1.65,30.95,41.55,1.95,8.8,0,58,1,A00463,A00463_2020-04-13,0,2020-04-13
88.4,49.4,200.0,4.23,12.0,28.1,0.4,0.0,13.4,1.6,0.3,11.9,37.1,0.0,3.3,0.3,31.8,37.4,1.2,12.9,0,34,0,A00455,A00455_2020-04-13,0,2020-04-13
95.6,63.8,226.0,3.39,10.9,31.0,0.8,0.0,14.1,4.1,4.9,10.5,18.7,0.3,6.4,0.6,32.4,32.4,1.2,12.0,0,75,1,A00421,A00421_2020-04-13,0,2020-04-13
89.4,72.2,133.0,3.58,11.4,28.8,0.5,0.0,16.8,5.6,2.8,10.3,18.0,0.2,7.7,0.3,32.2,32.0,1.4,6.7,0,74,1,A00483,A00483_2020-04-13,0,2020-04-13
90.3,51.5,375.0,4.31,10.8,30.6,0.7,0.0,13.4,2.9,1.4,13.2,33.7,0.1,5.6,0.2,33.9,38.9,1.9,13.2,0,44,1,A00095,A00095_2020-04-13,0,2020-04-13
95.6,85.9,229.0,3.2,11.5,30.9,0.1,0.0,13.9,3.9,2.0,9.9,8.8,0.1,4.5,0.2,32.4,30.6,0.4,3.1,1,50,1,A00798,A00798_2020-04-13,0,2020-04-13
88.8,74.8,275.0,5.0,8.7,30.2,0.9,0.0,12.7,5.7,0.5,15.1,13.1,0.0,7.6,0.3,34.0,44.4,1.0,11.3,0,60,1,A00774,A00774_2020-04-13,0,2020-04-13
87.0,74.1,213.0,3.85,11.0,28.1,0.5,0.0,16.3,4.5,2.5,10.8,14.0,0.2,6.1,0.7,32.2,33.5,0.9,8.7,0,84,1,A01211,A01211_2020-04-13,0,2020-04-13
92.6,75.1,345.0,2.71,10.4,31.4,0.7,0.0,14.1,8.9,3.6,8.5,14.7,0.4,11.8,0.3,33.9,25.1,1.7,6.3,0,76,1,A00726,A00726_2020-04-13,0,2020-04-13
86.6,42.2,391.0,4.76,11.3,27.5,0.3,0.1,12.7,2.0,3.2,13.1,47.4,0.2,4.7,1.1,31.8,41.2,2.2,6.1,0,61,0,A00561,A00561_2020-04-13,0,2020-04-13
86.3,,227.0,3.22,12.9,27.3,,,15.8,,,8.8,,,15.6,,31.7,27.8,,,1,62,1,A00546,A00546_2020-04-13,1,2020-04-13
89.5,33.3,426.0,4.19,9.9,29.8,0.3,0.0,13.4,0.9,2.0,12.5,52.5,0.1,2.6,1.2,33.3,37.5,1.4,11.0,0,57,1,A00731,A00731_2020-04-13,0,2020-04-13
93.6,87.0,98.0,4.69,13.1,28.6,0.3,0.0,15.8,13.6,1.5,13.4,9.0,0.2,15.6,0.3,30.5,43.9,1.4,2.2,0,92,1,A00460,A00460_2020-04-13,0,2020-04-13
88.5,88.4,451.0,3.47,9.9,30.0,0.7,0.1,13.2,19.7,0.1,10.4,8.1,0.0,22.3,0.3,33.9,30.7,1.8,3.1,0,81,0,A00006,A00006_2020-04-13,0,2020-04-13
88.25,89.55,311.5,5.050000000000001,10.85,27.45,0.4,0.0,17.2,8.600000000000001,0.0,13.85,6.1,0.0,9.6,0.2,31.1,44.55,0.6000000000000001,4.15,0,91,1,A00981,A00981_2020-04-13,0,2020-04-13
93.2,64.8,530.0,3.52,8.8,30.7,0.7,0.0,12.9,6.0,0.1,10.8,27.5,0.0,9.2,0.1,32.9,32.8,2.5,7.5,0,58,0,A00714,A00714_2020-04-13,0,2020-04-13
96.3,46.2,273.0,3.5,10.9,31.7,0.9,0.1,12.8,2.6,9.9,11.1,26.9,0.6,5.7,0.9,32.9,33.7,1.5,16.1,0,56,0,A00314,A00314_2020-04-13,0,2020-04-13
87.44999999999999,91.30000000000001,329.5,3.99,11.8,28.95,0.95,0.1,14.2,30.7,0.0,11.55,5.5,0.0,33.7,0.25,33.05,34.90000000000001,1.95,2.95,1,74,1,A01430,A01430_2020-04-13,1,2020-04-13
89.5,47.6,484.0,4.11,9.1,29.2,0.4,0.0,13.2,1.8,3.2,12.0,36.6,0.1,3.8,0.8,32.6,36.8,1.4,11.8,0,57,0,A01307,A01307_2020-04-13,0,2020-04-13
86.6,87.3,148.0,4.17,12.0,29.7,0.9,0.0,15.0,12.9,0.4,12.4,6.0,0.1,14.8,0.1,34.3,36.1,0.9,6.2,0,76,1,A00847,A00847_2020-04-13,0,2020-04-13
96.6,42.6,98.0,4.08,13.1,32.1,0.7,0.0,18.9,2.9,3.6,13.1,43.2,0.2,6.7,0.4,33.2,39.4,2.9,10.2,0,76,1,A00379,A00379_2020-04-13,0,2020-04-13
91.8,,406.0,4.16,10.6,29.8,,,13.2,,,12.4,,,11.8,,32.5,38.2,,,1,56,1,A01547,A01547_2020-04-13,0,2020-04-13
92.0,63.4,264.0,3.1,9.7,31.15,0.5,0.0,14.8,2.4,7.3,9.649999999999999,14.1,0.3,3.3,0.8,33.9,28.45,0.5,14.4,0,48,0,A00834,A00834_2020-04-13,0,2020-04-13
104.7,67.4,163.0,3.37,13.0,32.9,0.5,0.0,16.3,4.4,1.5,11.1,23.0,0.1,6.6,0.6,31.4,35.3,1.5,7.5,0,85,0,A01245,A01245_2020-04-13,0,2020-04-13
85.6,69.1,277.0,4.57,11.3,29.1,0.6,0.1,12.2,5.9,0.7,13.3,22.7,0.1,8.6,0.7,34.0,39.1,2.0,6.8,0,62,0,A01327,A01327_2020-04-13,0,2020-04-13
91.1,56.9,349.0,3.61,11.0,28.5,0.6,0.1,14.6,7.9,28.3,10.3,9.5,3.9,13.9,0.8,31.3,32.9,1.3,4.5,1,49,1,A00359,A00359_2020-04-13,0,2020-04-13
86.55,44.35,162.5,4.315,12.75,28.6,0.6499999999999999,0.1,15.7,2.65,7.75,12.35,36.05,0.45,6.0,0.95,33.09999999999999,37.34999999999999,2.15,10.9,0,48,1,A00623,A00623_2020-04-13,0,2020-04-13
97.35,51.45,443.5,3.97,10.4,32.65,1.25,0.2,13.2,8.25,5.05,12.95,34.45,0.8,16.1,1.2,33.5,38.65000000000001,5.550000000000001,7.85,0,61,1,A00682,A00682_2020-04-13,0,2020-04-13
90.3,51.5,326.0,4.35,10.8,30.1,0.6,0.0,14.9,3.0,1.9,13.1,35.4,0.1,5.9,0.7,33.3,39.3,2.1,10.5,0,59,1,A00342,A00342_2020-04-13,0,2020-04-13
94.7,33.9,162.0,3.21,10.2,32.4,0.4,0.0,13.7,1.0,0.7,10.4,50.8,0.0,3.0,0.3,34.2,30.4,1.5,14.3,0,69,1,A00227,A00227_2020-04-13,0,2020-04-13
74.9,59.9,157.0,4.35,,23.9,0.5,0.0,20.0,3.5,2.2,10.4,28.1,0.1,5.8,0.5,31.9,32.6,1.6,9.3,0,69,1,A01412,A01412_2020-04-13,0,2020-04-13
87.8,90.6,167.0,3.45,10.7,27.5,0.7,0.0,15.9,14.9,0.3,9.5,4.4,0.0,16.5,0.2,31.4,30.3,0.7,4.5,0,67,0,A01225,A01225_2020-04-13,0,2020-04-13
90.2,52.9,274.0,4.3,9.8,28.8,0.5,0.0,16.3,2.9,3.8,12.4,33.5,0.2,5.5,0.7,32.0,38.8,1.8,9.1,0,73,1,A00512,A00512_2020-04-14,0,2020-04-14
88.6,55.1,156.0,4.13,10.4,28.8,0.4,0.0,14.1,2.5,2.0,11.9,32.8,0.1,4.5,0.4,32.5,36.6,1.5,9.7,0,80,0,A01356,A01356_2020-04-14,0,2020-04-14
93.6,83.0,339.0,3.91,10.5,29.65,0.7,0.1,13.25,10.6,0.3,11.6,10.8,0.0,12.7,0.4,31.7,36.6,1.4,5.5,1,56,1,A01547,A01547_2020-04-14,0,2020-04-14
80.8,57.8,148.0,5.21,12.6,26.5,0.2,0.0,12.7,1.8,0.3,13.8,36.7,0.0,3.1,0.3,32.8,42.1,1.1,4.9,0,48,1,A00794,A00794_2020-04-14,0,2020-04-14
97.3,50.6,269.0,3.32,10.3,31.0,0.5,0.0,13.4,2.3,4.0,10.3,35.0,0.2,4.5,0.4,31.9,32.3,1.6,10.0,0,88,0,A00972,A00972_2020-04-14,0,2020-04-14
92.9,60.7,312.0,3.67,10.1,30.2,0.7,0.0,13.4,3.5,0.0,11.1,26.7,0.0,5.7,0.7,32.6,34.1,1.5,11.9,0,82,0,A00991,A00991_2020-04-14,0,2020-04-14
95.6,82.9,279.0,3.43,10.7,30.9,0.2,0.0,13.4,4.4,1.9,10.6,11.4,0.1,5.3,0.6,32.3,32.8,0.6,3.2,1,50,1,A00798,A00798_2020-04-14,0,2020-04-14
84.4,64.6,198.0,4.75,11.0,29.7,0.4,0.1,13.0,4.9,3.5,14.1,25.3,0.3,7.6,1.0,35.2,40.1,1.9,5.6,0,41,0,A00609,A00609_2020-04-14,0,2020-04-14
91.2,85.6,343.0,3.77,11.6,30.2,0.6,0.0,12.7,12.8,0.0,11.4,9.8,0.0,14.9,0.3,33.1,34.4,1.5,4.3,0,57,0,A01260,A01260_2020-04-14,0,2020-04-14
89.5,73.3,235.0,3.81,11.5,28.9,0.5,0.0,13.5,4.9,3.4,11.0,14.5,0.2,6.7,0.7,32.3,34.1,1.0,8.1,0,76,1,A00765,A00765_2020-04-14,0,2020-04-14
81.9,64.0,356.0,4.87,9.6,28.5,0.7,0.1,11.3,5.2,4.2,13.9,22.5,0.3,8.2,0.8,34.8,39.9,1.8,8.5,0,24,1,A00552,A00552_2020-04-14,0,2020-04-14
87.0,47.0,354.0,5.48,10.4,28.1,0.6,0.1,13.1,4.6,2.4,15.4,43.9,0.2,9.7,0.7,32.3,47.7,4.3,6.0,0,33,1,A00923,A00923_2020-04-14,0,2020-04-14
90.8,49.5,146.0,4.11,12.8,29.4,0.7,0.0,13.0,2.3,2.0,12.1,31.9,0.1,4.6,0.4,32.4,37.3,1.5,16.2,0,40,0,A00553,A00553_2020-04-14,0,2020-04-14
73.3,55.7,164.0,4.75,,22.5,0.5,0.0,20.3,3.3,2.6,10.7,32.1,0.2,6.0,0.5,30.7,34.8,1.9,9.1,0,69,1,A01412,A01412_2020-04-14,0,2020-04-14
94.5,78.2,242.0,4.2,10.4,32.1,0.2,0.0,15.2,4.0,0.2,13.5,16.7,0.0,5.1,0.4,34.0,39.7,0.9,4.5,0,49,1,A01665,A01665_2020-04-14,0,2020-04-14
85.5,46.6,336.0,4.62,10.3,29.7,0.4,0.0,11.7,1.9,2.0,13.7,41.6,0.1,4.1,0.2,34.7,39.5,1.7,9.6,0,41,1,A00549,A00549_2020-04-14,0,2020-04-14
89.8,68.1,215.0,4.02,12.1,28.4,0.8,0.1,13.2,4.3,4.5,11.4,14.2,0.3,6.3,1.0,31.6,36.1,0.9,12.2,0,81,1,A00937,A00937_2020-04-14,0,2020-04-14
89.4,45.4,224.0,4.35,9.6,30.6,0.7,0.1,11.8,2.5,0.9,13.3,40.8,0.1,5.6,1.1,34.2,38.9,2.3,11.8,0,61,1,A00935,A00935_2020-04-14,0,2020-04-14
86.1,46.4,170.0,4.83,11.9,28.6,0.6,0.1,12.6,2.6,2.3,13.8,39.3,0.1,5.7,0.9,33.2,41.6,2.2,11.1,0,48,1,A00281,A00281_2020-04-14,0,2020-04-14
92.5,88.2,329.0,3.34,9.4,30.8,0.8,0.1,17.6,15.6,1.0,10.3,5.7,0.2,17.7,0.5,33.3,30.9,1.0,4.6,0,87,1,A01058,A01058_2020-04-14,0,2020-04-14
86.0,64.5,507.0,5.22,10.6,28.5,0.7,0.0,12.1,4.7,0.6,14.9,24.7,0.0,7.3,0.1,33.2,44.9,1.8,10.1,0,38,1,A00083,A00083_2020-04-14,0,2020-04-14
95.1,74.5,319.0,4.7,9.2,32.6,1.2,0.1,13.9,11.0,0.9,15.3,16.3,0.1,14.8,0.5,34.2,44.7,2.4,7.8,0,63,1,A00941,A00941_2020-04-14,0,2020-04-14
88.5,83.3,224.0,3.81,10.0,32.0,0.4,0.0,14.0,5.7,1.8,12.2,8.5,0.1,6.8,0.1,36.2,33.7,0.6,6.3,0,81,1,A00506,A00506_2020-04-14,0,2020-04-14
75.05000000000001,71.1,132.0,4.34,8.95,24.45,0.3,0.0,15.2,4.1,0.0,10.6,23.6,0.0,5.4,0.2,32.55,32.6,1.3,5.1,0,1,0,A01285,A01285_2020-04-14,0,2020-04-14
93.0,61.1,132.0,4.02,10.7,30.8,0.5,0.0,13.5,2.5,1.0,12.4,26.7,0.0,4.1,0.2,33.2,37.4,1.1,11.0,0,70,1,A00825,A00825_2020-04-14,0,2020-04-14
93.6,72.2,308.0,4.4,9.8,32.3,0.5,0.0,12.4,4.0,0.4,14.2,17.2,0.0,5.5,0.4,34.5,41.2,0.9,9.8,0,62,0,A01608,A01608_2020-04-14,0,2020-04-14
91.0,54.6,266.0,4.65,10.3,30.3,0.4,0.0,13.8,2.4,1.1,14.1,33.6,0.0,4.4,0.5,33.3,42.3,1.5,10.2,0,43,0,A00788,A00788_2020-04-14,0,2020-04-14
91.3,44.6,219.0,3.81,10.0,30.4,0.6,0.0,12.6,3.0,4.6,11.6,41.0,0.3,6.7,0.7,33.3,34.8,2.7,9.1,0,60,1,A01473,A01473_2020-04-14,0,2020-04-14
95.6,58.3,462.0,3.61,9.3,30.7,0.6,0.0,13.0,4.1,0.1,11.1,32.2,0.0,7.0,0.3,32.2,34.5,2.3,9.1,0,58,0,A00714,A00714_2020-04-14,0,2020-04-14
93.2,77.1,283.0,4.56,9.5,31.8,0.9,0.0,13.2,7.4,0.0,14.5,13.7,0.0,9.6,0.3,34.1,42.5,1.3,8.9,0,75,1,A00429,A00429_2020-04-14,0,2020-04-14
81.6,63.2,412.0,3.81,10.0,25.5,0.6,0.0,17.6,4.3,2.6,9.7,25.7,0.2,6.8,0.4,31.2,31.1,1.7,8.1,0,87,1,A01596,A01596_2020-04-14,0,2020-04-14
83.1,79.4,342.0,4.13,8.9,27.6,0.7,0.1,14.9,7.9,1.6,11.4,11.6,0.2,9.9,0.6,33.2,34.3,1.1,6.8,0,63,1,A00807,A00807_2020-04-14,0,2020-04-14
85.7,57.2,243.0,4.77,10.5,30.4,0.8,0.1,12.4,5.4,2.8,14.5,31.1,0.3,9.5,0.6,35.5,40.9,3.0,8.3,0,35,1,A01391,A01391_2020-04-14,0,2020-04-14
92.8,53.2,224.0,4.05,11.6,31.6,0.7,0.1,13.2,3.8,3.9,12.8,32.1,0.3,7.1,0.8,34.0,37.6,2.3,10.0,0,76,1,A01378,A01378_2020-04-14,0,2020-04-14
89.3,81.0,290.0,4.02,11.2,29.6,1.0,0.0,13.0,8.4,0.9,11.9,8.7,0.1,10.4,0.2,33.1,35.9,0.9,9.2,1,51,1,A00051,A00051_2020-04-14,0,2020-04-14
84.4,64.6,198.0,4.75,11.0,29.7,0.4,0.1,13.0,4.9,3.5,14.1,25.3,0.3,7.6,1.0,35.2,40.1,1.9,5.6,0,41,0,A00607,A00607_2020-04-14,0,2020-04-14
93.6,52.3,365.0,3.44,11.2,28.8,0.7,0.1,14.4,6.4,29.5,9.9,11.5,3.6,12.3,1.2,30.7,32.2,1.4,5.5,1,49,1,A00359,A00359_2020-04-14,1,2020-04-14
83.5,78.4,209.0,5.15,10.0,29.5,0.5,0.0,13.4,9.6,1.1,15.2,16.1,0.1,12.2,0.3,35.3,43.0,2.0,4.1,0,51,1,A01414,A01414_2020-04-14,0,2020-04-14
89.2,54.1,552.0,4.17,8.7,29.0,0.4,0.0,13.1,2.2,1.5,12.1,33.8,0.1,4.0,0.2,32.5,37.2,1.4,10.4,0,57,0,A01307,A01307_2020-04-14,0,2020-04-14
83.3,59.2,263.0,3.72,10.6,28.5,0.8,0.1,13.7,4.3,5.1,10.6,23.5,0.4,7.3,1.0,34.2,31.0,1.7,11.2,0,75,1,A00835,A00835_2020-04-14,0,2020-04-14
90.9,47.0,216.0,4.29,11.8,30.1,0.5,0.0,12.6,2.4,2.8,12.9,40.4,0.1,5.1,0.4,33.1,39.0,2.1,9.4,0,76,0,A00384,A00384_2020-04-14,0,2020-04-14
95.6,87.6,279.0,3.39,11.6,29.5,1.4,0.0,15.3,21.3,2.4,10.0,3.9,0.6,24.3,0.2,30.9,32.4,0.9,5.9,1,63,1,A01125,A01125_2020-04-14,0,2020-04-14
93.4,58.0,266.0,4.23,10.0,29.8,0.2,0.0,14.1,2.3,0.0,12.6,36.0,0.0,4.0,0.0,31.9,39.5,1.4,6.0,0,46,0,A01168,A01168_2020-04-14,0,2020-04-14
91.4,50.5,602.0,3.61,10.5,28.8,0.2,0.1,15.8,2.3,1.9,10.4,40.9,0.1,4.6,1.3,31.5,33.0,1.9,5.4,0,53,0,A00024,A00024_2020-04-14,0,2020-04-14
93.8,77.3,248.0,3.36,9.7,28.9,0.5,0.0,13.7,4.6,2.5,9.7,10.7,0.1,5.9,0.3,30.8,31.5,0.6,9.2,0,78,0,A00931,A00931_2020-04-14,0,2020-04-14
87.7,65.3,200.0,3.91,10.0,30.4,0.3,0.0,12.1,2.7,1.2,11.9,24.8,0.0,4.1,0.2,34.7,34.3,1.0,8.5,0,82,1,A01141,A01141_2020-04-14,0,2020-04-14
89.9,,255.0,2.76,10.9,31.5,,,15.6,,,8.7,,,27.6,,35.1,24.8,,,1,80,1,A00341,A00341_2020-04-14,0,2020-04-14
88.8,59.6,235.0,3.38,8.6,29.0,0.5,0.0,16.2,4.1,3.9,9.8,28.9,0.3,6.8,0.3,32.7,30.0,2.0,7.3,0,62,0,A00306,A00306_2020-04-14,0,2020-04-14
97.3,18.0,109.0,3.01,10.8,32.2,0.2,0.0,13.3,0.6,2.1,9.7,72.3,0.1,3.3,0.3,33.1,29.3,2.4,7.3,0,52,1,A00544,A00544_2020-04-14,0,2020-04-14
88.60000000000001,81.86666666666666,45.66666666666666,3.46,12.4,30.53333333333333,1.2,0.0,14.33333333333333,9.166666666666666,0.2666666666666667,10.56666666666667,6.933333333333333,0.0,11.23333333333333,0.1666666666666667,34.5,30.63333333333334,0.7666666666666666,10.76666666666667,0,81,1,A00650,A00650_2020-04-14,0,2020-04-14
84.7,68.6,452.0,4.39,9.9,28.9,1.0,0.0,11.6,6.3,0.0,12.7,20.4,0.0,9.2,0.1,34.1,37.2,1.9,10.9,0,47,1,A01664,A01664_2020-04-14,0,2020-04-14
89.8,58.4,377.0,3.52,10.3,29.5,0.5,0.0,14.2,4.8,6.7,10.4,28.9,0.5,8.2,0.4,32.9,31.6,2.4,5.6,0,54,1,A01478,A01478_2020-04-14,0,2020-04-14
88.25,76.5,224.5,2.69,10.7,29.75,1.05,0.0,16.5,14.25,1.0,8.0,16.85,0.15,18.7,0.2,33.7,23.75,3.2,5.449999999999999,1,67,1,A00349,A00349_2020-04-14,0,2020-04-14
89.0,50.6,366.0,4.1,10.0,29.8,0.4,0.0,13.5,1.8,1.7,12.2,34.7,0.1,3.5,0.9,33.4,36.5,1.2,12.1,0,57,1,A00731,A00731_2020-04-14,0,2020-04-14
86.1,46.4,170.0,4.83,11.9,28.6,0.6,0.1,12.6,2.6,2.3,13.8,39.3,0.1,5.7,0.9,33.2,41.6,2.2,11.1,0,63,1,A00219,A00219_2020-04-14,0,2020-04-14
93.5,45.8,140.0,4.28,11.6,30.6,0.5,0.0,13.8,2.6,2.5,13.1,42.0,0.1,5.6,0.4,32.8,40.0,2.4,9.3,0,59,1,A01280,A01280_2020-04-14,0,2020-04-14
92.0,74.5,485.0,3.61,9.4,30.2,0.5,0.0,15.1,3.9,0.8,10.9,14.0,0.0,5.2,0.4,32.8,33.2,0.7,10.3,0,87,0,A01615,A01615_2020-04-14,0,2020-04-14
97.0,69.6,182.0,3.31,11.2,31.7,0.5,0.0,13.3,4.0,1.0,10.5,21.0,0.1,5.8,0.2,32.7,32.1,1.2,8.2,0,34,1,A01367,A01367_2020-04-14,0,2020-04-14
85.4,49.9,244.0,3.62,10.8,28.5,0.4,0.0,13.2,2.5,9.2,10.3,32.3,0.5,5.0,0.4,33.3,30.9,1.6,8.2,0,86,1,A01437,A01437_2020-04-14,0,2020-04-14
97.0,57.8,203.0,3.33,11.4,33.3,0.6,0.0,15.0,3.7,15.2,11.1,16.5,1.0,6.4,0.6,34.4,32.3,1.1,9.9,0,56,1,A01480,A01480_2020-04-14,0,2020-04-14
95.5,89.6,603.0,4.64,9.9,30.4,0.9,0.1,15.3,15.8,0.2,14.1,4.6,0.0,17.6,0.7,31.8,44.3,0.8,4.9,1,74,1,A00632,A00632_2020-04-14,0,2020-04-14
91.7,66.1,319.0,3.38,10.7,28.4,1.0,0.0,15.3,5.0,2.5,9.6,18.1,0.2,7.6,0.3,31.0,31.0,1.4,13.0,0,81,0,A00758,A00758_2020-04-14,0,2020-04-14
89.5,78.3,224.0,3.73,10.8,30.6,1.4,0.0,13.0,10.7,0.2,11.4,10.9,0.0,13.7,0.2,34.1,33.4,1.5,10.4,0,83,1,A00718,A00718_2020-04-14,0,2020-04-14
86.5,55.5,188.0,4.66,10.3,27.7,0.5,0.0,14.2,3.3,8.7,12.9,27.5,0.5,6.0,0.8,32.0,40.3,1.7,7.5,0,52,1,A01330,A01330_2020-04-14,0,2020-04-14
86.3,56.9,164.0,4.53,10.6,27.4,0.4,0.0,13.9,2.6,1.3,12.4,32.7,0.1,4.6,0.2,31.7,39.1,1.5,8.9,0,31,0,A01534,A01534_2020-04-14,0,2020-04-14
89.3,80.9,671.0,4.28,11.9,28.3,3.4,0.2,14.6,26.2,0.1,12.1,7.8,0.0,32.4,0.6,31.7,38.2,2.5,10.6,1,56,1,A00717,A00717_2020-04-14,0,2020-04-14
88.1,45.5,271.0,4.8,11.8,27.1,0.9,0.1,14.6,2.9,5.7,13.0,34.5,0.4,6.4,0.8,30.7,42.3,2.2,13.5,0,72,1,A00428,A00428_2020-04-14,0,2020-04-14
87.55000000000001,90.5,179.5,2.815,12.45,29.3,0.8,0.1,14.1,24.0,0.0,8.25,6.4,0.0,22.65,0.2,33.4,24.65,1.7,2.9,1,74,1,A01430,A01430_2020-04-14,1,2020-04-14
88.2,46.3,305.0,4.48,11.2,30.4,0.8,0.1,13.4,3.7,2.9,13.6,39.3,0.2,8.0,1.0,34.4,39.5,3.1,10.5,0,61,0,A01118,A01118_2020-04-14,0,2020-04-14
90.1,73.9,141.0,4.33,11.3,30.9,0.6,0.0,12.5,4.8,1.4,13.4,15.6,0.1,6.5,0.2,34.4,39.0,1.0,8.9,0,42,0,A01409,A01409_2020-04-14,0,2020-04-14
60.4,,276.0,5.7,10.5,19.5,,,15.1,,,11.1,,,3.7,,32.3,34.4,,,0,62,0,A00234,A00234_2020-04-14,0,2020-04-14
86.6,71.0,281.0,4.18,10.7,28.5,0.9,0.0,14.2,7.7,1.3,11.9,19.0,0.1,10.9,0.2,32.9,36.2,2.1,8.5,0,53,0,A01354,A01354_2020-04-14,0,2020-04-14
91.6,58.2,111.0,4.19,9.9,30.3,0.5,0.1,15.9,4.2,4.7,12.7,29.0,0.3,7.3,0.7,33.1,38.4,2.1,7.4,0,77,1,A00804,A00804_2020-04-14,0,2020-04-14
97.9,75.9,225.0,3.88,9.7,32.5,0.7,0.0,13.3,13.3,0.0,12.6,19.7,0.0,17.5,0.2,33.2,38.0,3.4,4.2,0,83,1,A00701,A00701_2020-04-14,0,2020-04-14
101.6,55.0,225.0,4.27,10.4,33.5,0.5,0.0,14.2,2.6,4.5,14.3,30.0,0.2,4.7,0.9,32.9,43.4,1.4,9.6,0,96,0,A00715,A00715_2020-04-14,0,2020-04-14
86.5,54.9,189.0,3.84,12.5,28.9,0.6,0.0,12.9,3.1,1.6,11.1,32.5,0.1,5.7,0.5,33.4,33.2,1.9,10.5,0,52,0,A01533,A01533_2020-04-14,0,2020-04-14
84.6,86.5,326.0,4.94,9.6,29.1,0.6,0.0,12.1,9.9,0.0,14.4,8.3,0.0,11.4,0.2,34.4,41.8,0.9,5.0,0,50,1,A00082,A00082_2020-04-14,0,2020-04-14
93.0,70.8,479.0,4.83,10.4,29.2,0.7,0.1,14.6,7.6,9.0,14.1,12.9,1.0,10.8,0.9,31.4,44.9,1.4,6.4,1,56,1,A00050,A00050_2020-04-14,0,2020-04-14
93.6,82.2,164.0,4.24,10.9,31.8,0.6,0.1,14.4,8.3,0.1,13.5,11.4,0.0,10.1,0.8,34.0,39.7,1.2,5.5,0,82,0,A00989,A00989_2020-04-14,0,2020-04-14
90.4,63.9,176.0,3.75,11.0,28.8,0.6,0.0,16.8,4.4,3.3,10.8,23.3,0.2,6.9,0.4,31.9,33.9,1.6,9.1,0,74,1,A00483,A00483_2020-04-14,0,2020-04-14
86.2,72.2,306.0,4.49,10.4,29.6,0.2,0.0,12.4,3.8,0.0,13.3,22.8,0.0,5.2,0.2,34.4,38.7,1.2,4.8,0,50,1,A01235,A01235_2020-04-14,0,2020-04-14
91.1,68.2,166.0,3.05,12.3,28.9,0.8,0.1,15.9,4.8,6.9,8.8,12.8,0.5,7.0,0.9,31.7,27.8,0.9,11.2,0,81,0,A00316,A00316_2020-04-14,0,2020-04-14
95.3,88.6,239.0,2.74,10.2,29.6,0.2,0.0,16.5,9.9,6.0,8.1,3.3,0.7,11.2,0.2,31.0,26.1,0.4,1.9,1,62,1,A01435,A01435_2020-04-14,1,2020-04-14
86.0,72.0,98.0,4.3,10.9,29.3,0.2,0.0,12.6,2.9,0.0,12.6,24.0,0.0,4.0,0.0,34.1,37.0,1.0,4.0,0,46,1,A00052,A00052_2020-04-14,0,2020-04-14
86.0,82.7,363.0,5.0,10.3,29.6,0.7,0.0,13.2,9.9,0.0,14.8,11.2,0.0,12.0,0.3,34.4,43.0,1.3,5.8,1,62,0,A01611,A01611_2020-04-14,0,2020-04-14
91.6,63.7,142.0,3.69,9.1,29.8,0.3,0.0,13.2,1.7,0.0,11.0,26.6,0.0,2.7,0.0,32.5,33.8,0.7,9.7,0,58,0,A00844,A00844_2020-04-14,0,2020-04-14
58.8,74.5,234.0,6.58,,18.2,1.0,0.1,22.6,9.9,1.9,12.0,15.8,0.3,13.3,0.4,31.0,38.7,2.1,7.4,1,61,1,A00111,A00111_2020-04-14,0,2020-04-14
89.7,37.2,258.0,4.38,11.7,29.0,0.5,0.0,13.1,2.0,1.1,12.7,51.5,0.1,5.3,0.2,32.3,39.3,2.7,10.0,0,46,1,A00499,A00499_2020-04-14,0,2020-04-14
88.4,69.2,277.0,4.22,11.1,29.4,1.1,0.1,14.5,9.3,3.7,12.4,18.6,0.5,13.4,0.4,33.2,37.3,2.5,8.1,0,79,0,A01239,A01239_2020-04-14,0,2020-04-14
91.1,68.0,157.0,3.6,9.5,30.6,0.3,0.0,14.6,3.7,2.6,11.0,22.9,0.1,5.5,0.4,33.5,32.8,1.3,6.1,0,54,1,A01442,A01442_2020-04-14,0,2020-04-14
67.2,,647.0,4.67,9.8,21.2,,,20.1,,,9.9,,,15.8,,31.5,31.4,,,1,69,1,A01129,A01129_2020-04-14,0,2020-04-14
59.5,84.0,378.0,4.25,9.7,18.1,0.6,0.0,18.3,6.0,0.0,7.7,7.0,0.0,7.1,0.0,30.4,25.3,0.5,9.0,0,75,1,A00385,A00385_2020-04-14,0,2020-04-14
84.0,55.1,247.0,4.57,11.7,28.4,0.6,0.1,13.1,3.6,8.4,13.0,26.4,0.6,6.6,0.9,33.9,38.4,1.7,9.2,0,46,0,A00048,A00048_2020-04-14,0,2020-04-14
85.8,25.0,186.0,3.09,10.6,27.8,0.7,0.0,17.1,1.0,2.7,8.6,55.1,0.1,4.0,0.5,32.5,26.5,2.2,16.7,0,75,0,A01513,A01513_2020-04-14,0,2020-04-14
85.3,,206.0,4.15,12.2,28.2,,,15.0,,,11.7,,,14.4,,33.1,35.4,,,1,62,1,A00546,A00546_2020-04-14,1,2020-04-14
93.6,66.7,181.0,3.59,9.8,30.9,1.2,0.0,15.3,6.3,4.4,11.1,15.8,0.4,9.5,0.4,33.0,33.6,1.5,12.7,0,76,1,A00982,A00982_2020-04-14,0,2020-04-14
77.0,67.2,155.0,5.47,9.2,26.7,0.5,0.0,13.0,3.5,0.8,14.6,22.3,0.0,5.2,0.2,34.7,42.1,1.2,9.5,0,46,0,A01275,A01275_2020-04-14,0,2020-04-14
95.85,89.6,170.0,4.58,12.75,31.4,0.7,0.2,12.9,16.9,0.7,14.4,4.5,0.1,18.95,1.3,32.8,43.9,0.9,3.9,1,80,1,A01314,A01314_2020-04-14,0,2020-04-14
92.9,62.8,241.0,4.21,11.8,31.8,0.4,0.1,12.3,5.8,0.3,13.4,31.5,0.0,9.3,0.6,34.3,39.1,2.9,4.8,0,50,0,A00737,A00737_2020-04-14,0,2020-04-14
95.1,79.1,145.0,3.9,11.1,30.3,1.3,0.0,14.1,8.0,0.2,11.8,7.6,0.0,10.1,0.1,31.8,37.1,0.8,13.0,1,83,0,A00088,A00088_2020-04-15,0,2020-04-15
81.7,33.9,23.0,4.58,,26.4,0.3,0.0,17.8,0.9,4.9,12.1,46.8,0.1,2.6,1.5,32.4,37.4,1.2,12.9,0,46,1,A01218,A01218_2020-04-15,0,2020-04-15
91.9,70.4,288.0,3.07,9.7,30.0,0.6,0.0,13.5,4.4,1.3,9.2,18.1,0.1,6.3,0.5,32.6,28.2,1.1,9.7,0,71,1,A00039,A00039_2020-04-15,0,2020-04-15
97.2,76.8,295.0,3.22,11.0,30.7,0.2,0.1,13.2,3.3,3.3,9.9,14.0,0.1,4.3,1.2,31.6,31.3,0.6,4.7,1,50,1,A00798,A00798_2020-04-15,0,2020-04-15
90.2,64.9,340.0,3.87,10.8,30.7,0.9,0.0,12.3,7.2,0.3,11.9,26.4,0.0,11.1,0.4,34.1,34.9,2.9,8.0,0,57,0,A01260,A01260_2020-04-15,0,2020-04-15
85.9,70.7,137.0,4.27,11.6,29.0,0.9,0.0,14.5,5.5,1.9,12.4,15.9,0.1,7.8,0.1,33.8,36.7,1.2,11.4,0,76,1,A00847,A00847_2020-04-15,0,2020-04-15
89.4,52.5,613.0,3.49,9.3,27.5,0.4,0.0,13.9,2.2,5.4,9.6,32.4,0.2,4.1,0.7,30.8,31.2,1.3,9.0,0,38,1,A00443,A00443_2020-04-15,0,2020-04-15
91.5,85.4,322.0,3.42,10.3,28.1,0.1,0.0,17.0,4.9,0.0,9.6,13.5,0.0,5.7,0.2,30.7,31.3,0.8,0.9,0,86,0,A01557,A01557_2020-04-15,0,2020-04-15
89.5,44.3,262.0,4.59,9.9,29.6,1.0,0.1,12.6,4.8,4.8,13.6,40.9,0.5,10.9,1.0,33.1,41.1,4.5,9.0,0,36,1,A00782,A00782_2020-04-15,0,2020-04-15
88.7,59.7,233.0,3.71,12.2,28.8,1.1,0.1,13.6,4.5,10.0,10.7,15.3,0.8,7.6,0.7,32.5,32.9,1.2,14.3,0,77,1,A00586,A00586_2020-04-15,0,2020-04-15
96.1,93.0,131.0,3.58,12.8,29.9,0.0,0.0,17.3,0.7,0.0,10.7,6.0,0.0,0.7,0.0,31.1,34.4,0.0,1.0,0,94,1,A00712,A00712_2020-04-15,0,2020-04-15
90.6,72.7,320.0,4.99,9.4,29.7,1.0,0.0,15.7,7.1,1.8,14.8,15.0,0.2,9.8,0.3,32.7,45.2,1.5,10.2,0,81,1,A00904,A00904_2020-04-15,0,2020-04-15
83.6,55.3,255.0,4.28,11.2,28.0,0.6,0.0,13.9,3.1,2.3,12.0,32.1,0.1,5.6,0.4,33.5,35.8,1.8,9.9,0,55,1,A01445,A01445_2020-04-15,0,2020-04-15
86.2,56.8,200.0,4.63,11.1,28.9,0.6,0.1,13.1,4.5,4.3,13.4,29.9,0.3,7.9,1.0,33.6,39.9,2.4,8.0,0,41,0,A00609,A00609_2020-04-15,0,2020-04-15
82.8,83.0,104.0,5.3,13.9,26.2,0.1,0.0,13.2,3.7,0.0,13.9,14.0,0.0,4.4,0.0,31.7,43.9,0.6,3.0,0,37,0,A01574,A01574_2020-04-15,0,2020-04-15
94.9,74.7,440.0,3.71,11.3,28.3,0.7,0.1,14.1,9.8,10.6,10.5,8.4,1.4,13.1,1.0,29.8,35.2,1.1,5.3,1,49,1,A00359,A00359_2020-04-15,1,2020-04-15
84.1,,244.0,5.29,11.9,28.5,,,12.7,,,15.1,,,12.4,,33.9,44.5,,,0,82,0,A00605,A00605_2020-04-15,0,2020-04-15
91.0,63.4,414.0,4.24,10.4,29.7,0.6,0.0,14.7,4.4,3.3,12.6,23.7,0.2,7.0,0.4,32.6,38.6,1.7,9.2,0,59,1,A00342,A00342_2020-04-15,0,2020-04-15
87.0,58.4,315.0,4.94,11.0,27.5,1.1,0.0,14.6,5.1,4.5,13.6,24.3,0.4,8.7,0.3,31.6,43.0,2.1,12.5,0,72,1,A00428,A00428_2020-04-15,0,2020-04-15
82.3,,275.0,4.85,10.1,28.9,,,12.1,,,14.0,,,14.3,,35.1,39.9,,,0,22,0,A01546,A01546_2020-04-15,0,2020-04-15
86.1,66.6,320.0,4.75,10.1,28.0,1.1,0.1,13.4,6.8,5.7,13.3,16.6,0.6,10.2,0.8,32.5,40.9,1.7,10.3,0,60,1,A00382,A00382_2020-04-15,0,2020-04-15
87.5,,519.0,3.93,9.9,29.3,,,14.4,,,11.5,,,11.6,,33.4,34.4,,,0,86,0,A01505,A01505_2020-04-15,0,2020-04-15
91.7,43.0,163.0,4.32,11.9,29.4,0.6,0.0,11.9,2.0,1.3,12.7,42.1,0.1,4.6,0.6,32.1,39.6,1.9,13.0,0,34,1,A00456,A00456_2020-04-15,0,2020-04-15
84.6,,293.0,5.39,10.4,27.5,,,13.2,,,14.8,,,7.8,,32.5,45.6,,,0,36,1,A01514,A01514_2020-04-15,0,2020-04-15
85.7,60.3,253.0,4.56,8.7,29.8,0.8,0.0,12.9,3.6,1.2,13.6,24.9,0.1,5.9,0.5,34.8,39.1,1.5,13.1,0,84,0,A01033,A01033_2020-04-15,0,2020-04-15
83.9,91.2,396.0,6.29,11.3,27.8,0.4,0.0,12.9,15.0,0.0,17.5,6.0,0.0,16.4,0.3,33.1,52.8,1.0,2.5,0,78,0,A01417,A01417_2020-04-15,0,2020-04-15
88.4,54.7,264.0,3.52,10.7,29.8,0.5,0.1,14.0,3.6,2.7,10.5,34.2,0.2,6.6,0.9,33.8,31.1,2.3,7.5,0,96,0,A01243,A01243_2020-04-15,0,2020-04-15
84.6,49.9,335.0,4.8,10.9,28.8,0.9,0.1,12.8,2.8,2.3,13.8,31.8,0.1,5.7,1.0,34.0,40.6,1.8,15.0,0,67,1,A00849,A00849_2020-04-15,0,2020-04-15
88.0,64.1,153.0,4.83,10.1,30.2,0.4,0.0,11.8,2.5,0.0,14.6,25.8,0.0,3.9,0.3,34.4,42.5,1.0,9.8,0,56,1,A01313,A01313_2020-04-15,0,2020-04-15
94.0,91.3,323.0,3.68,9.2,32.6,0.8,0.0,12.6,15.5,0.0,12.0,3.7,0.0,17.0,0.1,34.7,34.6,0.6,4.9,1,63,1,A00252,A00252_2020-04-15,0,2020-04-15
89.5,49.8,300.0,5.05,11.0,30.9,0.7,0.1,11.9,3.5,3.0,15.6,36.4,0.2,7.1,1.1,34.5,45.2,2.6,9.7,0,44,1,A00816,A00816_2020-04-15,0,2020-04-15
92.5,81.4,305.0,4.81,11.6,30.6,1.0,0.0,14.5,10.2,0.8,14.7,9.5,0.1,12.5,0.3,33.0,44.5,1.2,8.0,0,69,1,A01397,A01397_2020-04-15,0,2020-04-15
89.4,,239.0,4.05,11.0,30.6,,,14.8,,,12.4,,,30.9,,34.3,36.2,,,1,80,1,A00341,A00341_2020-04-15,0,2020-04-15
94.7,92.5,238.0,4.5,11.5,30.4,0.7,0.1,16.7,18.0,0.1,13.7,3.5,0.0,19.5,0.3,32.2,42.6,0.7,3.6,0,91,1,A00932,A00932_2020-04-15,0,2020-04-15
91.0,77.2,150.0,4.57,11.1,29.8,0.8,0.0,17.7,6.6,0.4,13.6,13.0,0.0,8.5,0.1,32.7,41.6,1.1,9.3,0,84,1,A01555,A01555_2020-04-15,0,2020-04-15
87.4,76.3,151.0,4.91,11.6,28.1,0.7,0.0,16.8,7.1,5.1,13.8,10.9,0.5,9.3,0.3,32.2,42.9,1.0,7.4,0,77,1,A01188,A01188_2020-04-15,0,2020-04-15
86.4,59.1,191.0,3.23,10.1,29.1,0.8,0.0,14.0,4.4,4.3,9.4,25.7,0.3,7.4,0.1,33.7,27.9,1.9,10.8,0,67,1,A01476,A01476_2020-04-15,0,2020-04-15
84.9,78.1,531.0,3.65,9.4,26.3,0.9,0.1,17.2,10.9,5.4,9.6,9.5,0.8,13.9,0.4,31.0,31.0,1.3,6.6,0,81,1,A00171,A00171_2020-04-15,0,2020-04-15
89.4,75.8,243.0,2.55,10.4,28.6,0.7,0.0,17.0,7.6,5.5,7.3,11.7,0.6,10.0,0.1,32.0,22.8,1.2,6.9,0,70,1,A00668,A00668_2020-04-15,0,2020-04-15
75.4,49.5,106.0,4.47,9.0,24.2,0.5,0.0,15.7,1.9,0.0,10.8,38.5,0.0,3.9,0.3,32.0,33.7,1.5,11.7,0,1,0,A01285,A01285_2020-04-15,0,2020-04-15
89.3,71.7,137.0,5.21,10.2,29.8,0.6,0.0,13.0,5.3,0.4,15.5,20.2,0.0,7.4,0.1,33.3,46.5,1.5,7.6,0,76,1,A01234,A01234_2020-04-15,0,2020-04-15
90.2,68.5,183.0,3.46,11.0,28.0,0.5,0.0,15.9,3.7,0.2,9.7,21.8,0.0,5.4,0.6,31.1,31.2,1.2,8.9,0,75,1,A00692,A00692_2020-04-15,0,2020-04-15
90.06666666666668,80.85,357.6666666666667,3.863333333333333,10.86666666666667,29.43333333333333,0.6,0.0,13.06666666666667,9.45,0.2,11.36666666666667,13.3,0.0,11.33333333333333,0.25,32.7,34.8,1.55,5.4,1,56,1,A01547,A01547_2020-04-15,0,2020-04-15
96.10000000000001,87.9,151.6666666666667,4.113333333333333,13.13333333333333,30.73333333333333,0.6499999999999999,0.2,12.9,14.85,1.85,12.63333333333333,5.3,0.35,16.8,1.15,31.96666666666667,39.53333333333333,0.9,3.8,1,80,1,A01314,A01314_2020-04-15,0,2020-04-15
89.4,75.8,243.0,2.55,10.4,28.6,0.7,0.0,17.0,7.6,5.5,7.3,11.7,0.6,10.0,0.1,32.0,22.8,1.2,6.9,0,71,0,A00667,A00667_2020-04-15,0,2020-04-15
85.9,79.7,395.0,4.82,10.0,29.3,0.8,0.0,12.3,8.3,0.0,14.1,12.3,0.0,10.4,0.2,34.1,41.4,1.3,7.8,0,50,1,A00082,A00082_2020-04-15,0,2020-04-15
84.0,60.8,291.0,3.37,11.0,27.0,0.7,0.0,14.1,4.2,1.9,9.1,27.5,0.1,6.9,0.1,32.2,28.3,1.9,9.7,0,57,0,A00813,A00813_2020-04-15,0,2020-04-15
84.3,75.0,186.0,5.4,14.4,26.7,0.9,0.0,14.0,12.8,0.0,14.4,19.3,0.0,17.1,0.2,31.6,45.5,3.3,5.5,0,93,1,A00792,A00792_2020-04-15,0,2020-04-15
87.9,74.2,331.0,3.9,10.7,30.8,1.0,0.0,12.9,7.3,1.2,12.0,14.6,0.1,9.8,0.3,35.0,34.3,1.4,9.7,1,51,1,A00051,A00051_2020-04-15,0,2020-04-15
94.4,80.3,226.0,5.4,10.4,31.9,0.7,0.1,12.6,7.9,0.1,17.2,12.1,0.0,9.8,0.7,33.7,51.0,1.2,6.8,0,84,1,A01520,A01520_2020-04-15,0,2020-04-15
96.1,84.4,279.0,3.31,11.1,30.2,1.3,0.1,15.2,16.5,3.8,10.0,4.7,0.7,19.5,0.3,31.4,31.8,0.9,6.8,1,63,1,A01125,A01125_2020-04-15,0,2020-04-15
86.3,68.4,347.0,4.37,10.4,29.3,0.3,0.0,12.4,3.8,0.2,12.8,26.3,0.0,5.6,0.4,34.0,37.7,1.5,4.7,0,50,1,A01235,A01235_2020-04-15,0,2020-04-15
96.7,57.0,235.0,3.89,10.8,31.9,0.8,0.0,13.4,2.8,2.9,12.4,22.4,0.1,4.9,0.4,33.0,37.6,1.1,17.3,0,79,1,A01385,A01385_2020-04-15,0,2020-04-15
88.0,82.1,48.0,3.0,12.1,30.7,0.8,0.0,14.0,6.3,0.1,9.2,8.0,0.0,7.7,0.0,34.8,26.4,0.6,9.8,0,81,1,A00650,A00650_2020-04-15,0,2020-04-15
93.8,82.7,132.0,3.84,10.5,31.0,0.5,0.1,14.5,7.2,0.3,11.9,10.7,0.0,8.7,0.7,33.1,36.0,0.9,5.6,0,82,0,A00989,A00989_2020-04-15,0,2020-04-15
92.1,95.4,232.0,2.92,10.3,29.5,0.2,0.0,18.2,11.1,0.1,8.6,2.4,0.0,11.6,0.2,32.0,26.9,0.3,1.9,1,62,1,A01435,A01435_2020-04-15,1,2020-04-15
97.0,75.7,215.0,3.29,11.0,31.6,0.7,0.0,13.8,6.4,0.9,10.4,14.7,0.1,8.5,0.1,32.6,31.9,1.2,8.6,0,34,1,A01367,A01367_2020-04-15,0,2020-04-15
81.8,62.6,77.0,3.36,8.8,26.5,0.3,0.0,17.6,1.9,2.2,8.9,25.3,0.1,3.1,0.3,32.4,27.5,0.8,9.6,0,54,1,A01043,A01043_2020-04-15,0,2020-04-15
82.3,78.7,129.0,4.36,11.2,28.7,0.2,0.0,13.6,3.4,0.0,12.5,16.4,0.0,4.3,0.0,34.8,35.9,0.7,4.9,0,67,0,A01276,A01276_2020-04-15,0,2020-04-15
87.2,79.3,406.0,4.46,11.7,30.0,0.9,0.0,13.8,10.1,0.0,13.4,13.1,0.0,12.7,0.2,34.4,38.9,1.7,7.4,0,58,1,A01510,A01510_2020-04-15,0,2020-04-15
91.5,92.6,75.0,3.52,9.9,29.8,0.1,0.0,13.2,9.6,0.0,10.5,6.3,0.0,10.4,0.2,32.6,32.2,0.7,0.9,1,42,1,A00304,A00304_2020-04-15,0,2020-04-15
93.9,71.4,441.0,4.43,9.8,29.8,0.5,0.1,14.8,6.6,9.0,13.2,12.7,0.8,9.3,1.0,31.7,41.6,1.2,5.9,1,56,1,A00050,A00050_2020-04-15,0,2020-04-15
88.8,66.4,281.0,3.94,9.9,29.9,0.6,0.0,12.7,5.1,5.4,11.8,20.1,0.4,7.7,0.4,33.7,35.0,1.5,7.7,0,50,0,A01511,A01511_2020-04-15,0,2020-04-15
87.4,78.5,279.0,4.21,9.4,29.5,0.5,0.0,13.1,5.6,2.4,12.4,11.7,0.2,7.1,0.1,33.7,36.8,0.8,7.3,0,57,1,A01014,A01014_2020-04-15,0,2020-04-15
86.2,56.8,200.0,4.63,11.1,28.9,0.6,0.1,13.1,4.5,4.3,13.4,29.9,0.3,7.9,1.0,33.6,39.9,2.4,8.0,0,41,0,A00607,A00607_2020-04-15,0,2020-04-15
93.3,87.0,435.0,3.6,11.4,29.7,0.4,0.0,13.2,10.3,1.4,10.7,7.6,0.2,11.8,0.3,31.8,33.6,0.9,3.7,0,82,0,A00395,A00395_2020-04-15,0,2020-04-15
88.8,84.1,197.0,4.56,9.2,30.3,0.6,0.0,12.7,7.0,0.4,13.8,8.2,0.0,8.3,0.2,34.1,40.5,0.7,7.1,0,60,1,A00774,A00774_2020-04-15,0,2020-04-15
67.6,56.5,577.0,4.975,10.25,20.6,3.2,0.1,20.7,10.0,11.8,10.25,12.7,2.1,16.35,0.7,30.5,33.65,2.2,18.3,1,69,1,A01129,A01129_2020-04-15,0,2020-04-15
82.4,57.0,346.0,4.88,12.1,25.6,0.5,0.0,13.7,4.4,6.3,12.5,29.1,0.5,7.7,0.6,31.1,40.2,2.2,7.0,0,26,0,A00924,A00924_2020-04-15,0,2020-04-15
91.8,62.3,398.0,4.52,9.3,29.6,1.2,0.1,13.2,6.8,3.0,13.4,23.4,0.3,10.9,0.5,32.3,41.5,2.6,10.8,0,85,0,A00200,A00200_2020-04-15,0,2020-04-15
92.5,61.1,377.0,4.25,10.1,31.8,0.6,0.0,12.6,3.1,0.8,13.5,26.0,0.0,5.0,0.4,34.4,39.3,1.3,11.7,0,62,0,A01608,A01608_2020-04-15,0,2020-04-15
78.4,53.1,226.0,4.72,9.6,25.6,0.9,0.0,13.3,2.9,1.9,12.1,27.2,0.1,5.4,0.9,32.7,37.0,1.5,16.9,0,34,1,A00514,A00514_2020-04-15,0,2020-04-15
,,,,,,,,,,,,,,,,,,,,0,62,0,A00234,A00234_2020-04-15,0,2020-04-15
108.5,63.7,273.0,2.71,9.1,35.1,0.6,0.1,15.1,3.9,0.2,9.5,24.1,0.0,6.1,1.5,32.3,29.4,1.5,10.5,0,62,1,A00254,A00254_2020-04-15,0,2020-04-15
91.4,65.2,377.0,3.47,11.2,28.8,0.8,0.1,13.6,6.8,3.0,10.0,23.6,0.3,10.5,0.7,31.5,31.7,2.5,7.5,0,71,1,A01528,A01528_2020-04-15,0,2020-04-15
88.7,66.5,209.0,4.85,10.4,30.7,0.7,0.0,13.3,6.1,0.4,14.9,24.9,0.0,9.1,0.2,34.7,43.0,2.3,8.0,0,41,1,A00296,A00296_2020-04-15,0,2020-04-15
75.1,56.2,194.0,4.81,,22.7,0.7,0.0,20.9,4.0,2.0,10.9,32.1,0.1,7.1,0.4,30.2,36.1,2.3,9.3,0,69,1,A01412,A01412_2020-04-15,0,2020-04-15
90.6,38.8,265.0,4.14,11.2,29.7,0.4,0.0,12.7,1.6,3.2,12.3,47.6,0.1,4.1,0.7,32.8,37.5,2.0,9.7,0,56,1,A00393,A00393_2020-04-15,0,2020-04-15
87.5,58.4,208.0,4.64,10.0,28.9,0.4,0.0,13.7,2.7,2.0,13.4,31.0,0.1,4.6,0.4,33.0,40.6,1.4,8.2,0,80,0,A01356,A01356_2020-04-15,0,2020-04-15
86.4,77.0,232.0,3.75,11.6,28.5,0.5,0.0,13.4,5.9,3.5,10.7,13.0,0.3,7.7,0.4,33.0,32.4,1.0,6.1,0,76,1,A00765,A00765_2020-04-15,0,2020-04-15
82.0,,220.0,4.05,10.3,24.7,,,17.7,,,10.0,,,9.4,,30.1,33.2,,,0,77,0,A01021,A01021_2020-04-15,0,2020-04-15
91.5,47.1,273.0,4.25,11.0,30.8,0.9,0.1,13.4,3.1,4.8,13.1,34.1,0.3,6.6,0.9,33.7,38.9,2.3,13.1,0,63,1,A00911,A00911_2020-04-15,0,2020-04-15
87.2,61.1,196.0,4.53,13.6,30.5,1.0,0.0,15.9,5.3,2.5,13.8,24.9,0.2,8.7,0.5,34.9,39.5,2.2,11.0,0,93,0,A00224,A00224_2020-04-15,0,2020-04-15
82.6,48.9,50.0,3.1,,26.5,0.1,0.0,20.9,0.7,10.2,8.2,30.7,0.1,1.4,0.7,32.0,25.6,0.4,9.5,0,26,1,A00811,A00811_2020-04-15,0,2020-04-15
90.2,67.0,183.0,3.99,9.8,30.6,0.3,0.0,14.6,3.0,6.5,12.2,20.2,0.3,4.5,0.7,33.9,36.0,0.9,5.6,0,54,1,A01442,A01442_2020-04-15,0,2020-04-15
82.7,88.2,205.0,4.22,11.0,26.5,0.5,0.0,14.7,6.7,0.0,11.2,5.3,0.0,7.6,0.3,32.1,34.9,0.4,6.2,0,28,0,A00127,A00127_2020-04-15,0,2020-04-15
93.1,93.1,166.0,5.06,10.3,32.4,0.3,0.0,12.9,11.4,0.2,16.4,4.3,0.0,12.2,0.2,34.8,47.1,0.5,2.2,0,86,1,A00963,A00963_2020-04-15,0,2020-04-15
89.8,78.2,585.0,3.64,11.5,29.1,3.2,0.1,14.7,21.7,0.4,10.6,9.4,0.1,27.7,0.5,32.4,32.7,2.6,11.5,1,56,1,A00717,A00717_2020-04-15,0,2020-04-15
83.1,65.6,152.0,4.43,11.0,25.1,0.4,0.0,15.5,2.3,1.1,11.1,21.3,0.0,3.5,0.6,30.2,36.8,0.7,11.4,0,58,0,A00851,A00851_2020-04-15,0,2020-04-15
93.6,83.9,614.0,4.87,9.7,30.4,1.2,0.1,15.3,13.8,1.2,14.8,7.0,0.2,16.5,0.5,32.5,45.6,1.2,7.4,1,74,1,A00632,A00632_2020-04-15,0,2020-04-15
59.7,77.0,216.0,6.47,,18.9,1.1,0.0,22.9,11.7,0.0,12.2,16.0,0.0,15.2,0.0,31.6,38.6,2.4,7.0,1,61,1,A00111,A00111_2020-04-15,0,2020-04-15
59.2,74.9,170.0,6.11,,18.8,1.9,0.1,23.9,12.2,1.7,11.5,11.5,0.3,16.3,0.4,31.8,36.2,1.9,11.5,1,61,1,A00111,A00111_2020-04-16,0,2020-04-16
84.2,78.1,359.0,4.12,9.0,27.4,0.7,0.0,14.6,9.0,2.1,11.3,13.5,0.2,11.5,0.4,32.6,34.7,1.6,5.9,0,63,1,A00807,A00807_2020-04-16,0,2020-04-16
90.4,91.0,184.0,4.17,11.8,29.7,0.7,0.0,13.2,13.5,0.1,12.4,4.2,0.0,14.8,0.3,32.9,37.7,0.6,4.4,0,85,1,A00950,A00950_2020-04-16,0,2020-04-16
88.6,86.2,340.0,3.34,9.3,28.7,1.3,0.1,16.2,13.9,0.3,9.6,4.8,0.0,16.1,0.4,32.4,29.6,0.8,8.3,0,73,1,A01381,A01381_2020-04-16,0,2020-04-16
88.0,,190.0,4.07,10.8,27.5,,,14.4,,,11.2,,,3.7,,31.3,35.8,,,0,72,1,A00317,A00317_2020-04-16,0,2020-04-16
88.1,63.4,202.0,4.78,10.4,30.1,0.5,0.0,12.1,3.7,1.2,14.4,25.4,0.1,5.9,0.7,34.2,42.1,1.5,9.3,0,45,1,A01509,A01509_2020-04-16,0,2020-04-16
88.7,54.3,224.0,4.24,10.7,30.7,0.5,0.1,12.0,5.0,4.8,13.0,34.4,0.4,9.3,0.6,34.6,37.6,3.2,5.9,0,21,0,A01070,A01070_2020-04-16,0,2020-04-16
86.3,65.4,92.0,4.24,11.1,29.7,0.3,0.0,12.4,2.5,2.7,12.6,23.9,0.1,3.8,0.8,34.4,36.6,0.9,7.2,0,46,1,A00052,A00052_2020-04-16,0,2020-04-16
84.6,37.9,476.0,4.56,10.2,29.8,0.5,0.0,12.3,1.3,2.3,13.6,46.0,0.1,3.5,0.9,35.2,38.6,1.6,12.9,0,50,1,A01235,A01235_2020-04-16,0,2020-04-16
87.9,88.6,450.5,3.585,9.899999999999999,29.55,0.7,0.05,13.2,17.2,0.15,10.6,7.35,0.0,19.45,0.25,33.65,31.5,1.45,3.65,0,81,0,A00006,A00006_2020-04-16,0,2020-04-16
95.23333333333333,76.3,328.3333333333333,3.29,10.56666666666667,30.93333333333333,0.3,0.0,13.1,3.9,2.6,10.16666666666667,15.4,0.1,6.333333333333333,0.6,32.46666666666667,31.33333333333333,0.8,5.1,1,50,1,A00798,A00798_2020-04-16,0,2020-04-16
90.7,36.3,230.0,4.86,10.3,30.0,0.6,0.1,13.7,1.1,5.8,14.6,37.7,0.2,3.1,2.3,33.1,44.1,1.2,17.9,0,60,1,A01271,A01271_2020-04-16,0,2020-04-16
79.9,81.5,281.0,4.43,9.5,27.3,0.3,0.0,12.9,5.1,0.2,12.1,13.3,0.0,6.3,0.5,34.2,35.4,0.8,4.5,0,31,0,A01183,A01183_2020-04-16,0,2020-04-16
97.9,59.9,227.0,3.73,10.6,31.9,0.8,0.0,13.5,3.1,4.2,11.9,20.8,0.2,5.2,0.4,32.6,36.5,1.1,14.7,0,79,1,A01385,A01385_2020-04-16,0,2020-04-16
88.0,67.6,156.0,4.74,10.7,30.2,0.7,0.0,12.8,4.9,1.9,14.3,20.7,0.1,7.3,0.1,34.3,41.7,1.5,9.7,0,76,1,A01234,A01234_2020-04-16,0,2020-04-16
93.4,90.1,247.0,3.16,9.9,28.5,0.3,0.0,18.3,9.3,1.4,9.0,5.3,0.1,10.3,0.1,30.5,29.5,0.5,3.1,1,62,1,A01435,A01435_2020-04-16,1,2020-04-16
85.8,62.3,327.0,4.45,10.9,27.0,1.0,0.0,14.6,5.4,4.6,12.0,21.4,0.4,8.7,0.5,31.4,38.2,1.9,11.2,0,72,1,A00428,A00428_2020-04-16,0,2020-04-16
87.6,41.0,253.0,4.83,9.9,28.6,0.6,0.0,12.2,2.8,10.0,13.8,39.9,0.7,6.9,0.4,32.6,42.3,2.8,8.7,0,43,1,A00822,A00822_2020-04-16,0,2020-04-16
90.9,75.3,294.0,3.08,10.0,30.2,0.6,0.0,13.3,5.4,1.1,9.3,14.8,0.1,7.2,0.4,33.2,28.0,1.1,8.4,0,71,1,A00039,A00039_2020-04-16,0,2020-04-16
83.1,,330.0,4.86,9.3,29.0,,,12.1,,,14.1,,,6.6,,34.9,40.4,,,0,47,1,A00884,A00884_2020-04-16,0,2020-04-16
98.0,86.7,247.0,6.09,14.7,31.0,0.8,0.1,17.9,17.2,0.0,18.9,9.1,0.0,19.8,0.3,31.7,59.7,1.8,3.9,0,85,0,A01651,A01651_2020-04-16,0,2020-04-16
82.25,88.8,163.5,4.855,10.2,28.55,1.2,0.05,13.1,16.85,0.0,13.85,4.3,0.0,18.95,0.3,34.65000000000001,39.95,0.8500000000000001,6.6,0,28,1,A00368,A00368_2020-04-16,0,2020-04-16
93.2,76.9,290.0,3.39,9.4,29.5,0.6,0.0,16.1,5.0,0.0,10.0,13.6,0.0,6.5,0.2,31.6,31.6,0.9,9.3,0,56,1,A00530,A00530_2020-04-16,0,2020-04-16
88.3,60.90000000000001,277.0,3.925,10.6,29.55,0.55,0.0,12.8,4.05,5.75,11.6,25.15,0.4,6.65,0.3,33.45,34.65000000000001,1.7,7.9,0,50,0,A01511,A01511_2020-04-16,0,2020-04-16
96.6,81.9,175.0,3.52,10.1,31.3,0.4,0.0,17.2,6.7,0.4,11.0,12.2,0.0,8.2,0.5,32.4,34.0,1.0,5.0,0,71,1,A00271,A00271_2020-04-16,0,2020-04-16
85.95,52.95,166.0,4.555,10.55,28.0,0.45,0.0,13.8,2.55,0.4,12.75,37.0,0.0,4.8,0.2,32.55,39.15,1.75,9.45,0,31,0,A01534,A01534_2020-04-16,0,2020-04-16
94.9,86.3,106.0,3.95,13.4,30.4,0.6,0.1,13.1,11.6,2.8,12.0,5.7,0.4,13.4,0.4,32.0,37.5,0.8,4.8,1,80,1,A01314,A01314_2020-04-16,0,2020-04-16
85.6,77.4,456.0,4.79,11.4,29.4,0.9,0.1,13.4,10.3,0.1,14.1,15.3,0.0,13.3,0.4,34.4,41.0,2.0,6.8,0,58,1,A01510,A01510_2020-04-16,0,2020-04-16
93.8,70.6,452.0,3.36,11.2,28.9,0.9,0.1,14.2,10.7,13.8,9.7,8.5,2.1,15.2,0.9,30.8,31.5,1.3,6.2,1,49,1,A00359,A00359_2020-04-16,1,2020-04-16
91.8,49.6,60.0,3.53,13.1,29.7,0.3,0.0,13.4,3.3,0.9,10.5,45.2,0.1,6.6,0.2,32.4,32.4,3.0,4.1,0,78,1,A01474,A01474_2020-04-16,0,2020-04-16
89.6,63.6,502.0,4.43,10.8,29.8,0.9,0.0,14.1,5.3,3.9,13.2,21.4,0.3,8.3,0.5,33.2,39.7,1.8,10.6,0,59,1,A00342,A00342_2020-04-16,0,2020-04-16
92.0,54.0,374.0,4.5,11.1,31.1,0.8,0.0,13.2,3.2,1.0,14.0,31.0,0.1,5.9,0.8,33.8,41.4,1.8,13.2,0,44,1,A00095,A00095_2020-04-16,0,2020-04-16
75.5,55.0,374.0,3.76,10.6,21.8,0.9,0.0,22.2,4.1,1.9,8.2,31.1,0.1,7.5,0.4,28.9,28.4,2.3,11.6,0,88,0,A01493,A01493_2020-04-16,0,2020-04-16
80.7,69.8,105.0,5.09,13.2,25.5,0.3,0.0,13.4,2.1,0.0,13.0,19.8,0.0,3.0,0.3,31.6,41.1,0.6,10.1,0,37,0,A01574,A01574_2020-04-16,0,2020-04-16
93.1,67.6,173.0,4.76,10.1,32.8,0.3,0.0,11.6,5.3,0.5,15.6,27.0,0.0,7.9,0.5,35.2,44.3,2.1,4.4,0,34,1,A00033,A00033_2020-04-16,0,2020-04-16
91.8,79.4,454.0,4.39,10.6,29.4,0.8,0.1,15.0,11.7,4.6,12.9,10.0,0.7,14.7,0.6,32.0,40.3,1.5,5.4,1,56,1,A00050,A00050_2020-04-16,0,2020-04-16
69.9,64.4,565.0,5.19,10.2,20.8,2.5,0.1,20.7,11.9,12.2,10.8,9.4,2.3,18.5,0.6,29.8,36.3,1.7,13.4,1,69,1,A01129,A01129_2020-04-16,0,2020-04-16
90.2,38.4,218.0,4.29,11.9,30.1,0.4,0.0,12.7,1.6,2.8,12.9,47.2,0.1,4.2,0.9,33.3,38.7,2.0,10.7,0,56,1,A00393,A00393_2020-04-16,0,2020-04-16
89.6,81.8,243.0,4.41,9.5,29.7,0.6,0.0,14.7,9.1,0.3,13.1,12.4,0.0,11.1,0.3,33.2,39.5,1.4,5.2,0,79,1,A01312,A01312_2020-04-16,0,2020-04-16
88.9,55.3,208.0,3.34,8.5,29.3,0.4,0.0,17.0,2.7,4.8,9.8,31.0,0.2,4.8,0.4,33.0,29.7,1.5,8.5,0,62,0,A00306,A00306_2020-04-16,0,2020-04-16
81.9,47.45,351.0,4.81,10.25,28.7,0.6,0.1,11.9,3.2,5.5,13.8,36.95,0.4,6.75,1.25,35.05,39.4,2.5,8.850000000000001,0,46,1,A01105,A01105_2020-04-16,0,2020-04-16
91.3,94.5,230.0,4.13,10.8,31.5,0.8,0.2,16.0,25.5,0.0,13.0,2.0,0.0,27.0,0.6,34.5,37.7,0.5,2.9,1,80,1,A00341,A00341_2020-04-16,0,2020-04-16
75.4,43.7,279.0,3.91,,23.3,0.5,0.1,17.7,1.9,2.3,9.1,40.7,0.1,4.3,2.1,30.8,29.5,1.8,11.2,0,64,0,A01660,A01660_2020-04-16,0,2020-04-16
88.7,70.3,477.0,4.34,9.6,30.0,0.4,0.0,11.8,4.9,1.3,13.0,21.8,0.1,6.9,0.1,33.8,38.5,1.5,6.5,0,47,0,A00533,A00533_2020-04-16,0,2020-04-16
85.2,92.4,372.0,3.99,9.1,30.1,0.2,0.0,13.1,6.6,0.0,12.0,4.6,0.0,7.1,0.1,35.3,34.0,0.3,2.9,0,70,0,A00376,A00376_2020-04-16,0,2020-04-16
96.5,82.8,298.0,3.15,11.4,30.2,1.2,0.0,14.9,15.2,4.7,9.5,5.6,0.9,18.3,0.2,31.3,30.4,1.0,6.7,1,63,1,A01125,A01125_2020-04-16,0,2020-04-16
88.4,46.7,210.0,3.62,11.7,29.3,0.6,0.0,13.2,2.2,3.0,10.6,38.3,0.1,4.7,0.2,33.1,32.0,1.8,11.8,0,52,0,A01533,A01533_2020-04-16,0,2020-04-16
88.0,39.6,317.0,4.17,9.7,26.1,0.8,0.1,15.9,5.7,1.2,10.9,52.6,0.2,14.3,0.8,29.7,36.7,7.5,5.8,0,88,0,A01233,A01233_2020-04-16,0,2020-04-16
93.5,86.0,543.0,4.78,9.9,29.9,1.1,0.1,15.1,14.4,1.1,14.3,6.1,0.2,16.7,0.4,32.0,44.7,1.0,6.4,1,74,1,A00632,A00632_2020-04-16,0,2020-04-16
88.4,52.8,562.0,3.7,9.6,27.8,0.3,0.0,14.2,2.1,5.4,10.3,32.4,0.2,3.9,1.0,31.5,32.7,1.3,8.4,0,38,1,A00443,A00443_2020-04-16,0,2020-04-16
93.7,92.2,355.0,3.47,9.5,31.4,0.4,0.0,13.1,15.1,0.0,10.9,5.2,0.0,16.4,0.1,33.5,32.5,0.9,2.5,1,63,1,A00252,A00252_2020-04-16,0,2020-04-16
86.5,63.4,439.0,5.13,10.2,29.0,0.8,0.0,12.1,4.4,0.6,14.9,24.6,0.0,6.9,0.3,33.6,44.4,1.7,11.1,0,38,1,A00083,A00083_2020-04-16,0,2020-04-16
94.2,86.9,381.0,3.77,10.6,29.4,0.5,0.0,13.1,11.0,0.2,11.1,8.8,0.0,12.7,0.2,31.3,35.5,1.1,3.9,1,56,1,A01547,A01547_2020-04-16,1,2020-04-16
87.0,48.8,310.0,3.91,10.0,29.4,0.9,0.0,14.0,2.9,3.0,11.5,31.8,0.2,5.9,0.8,33.8,34.0,1.9,15.6,0,69,1,A01287,A01287_2020-04-16,0,2020-04-16
91.3,65.7,155.0,3.12,12.5,28.2,0.8,0.0,15.6,5.1,8.2,8.8,14.9,0.6,7.8,0.4,30.9,28.5,1.2,10.8,0,81,0,A00316,A00316_2020-04-16,0,2020-04-16
84.0,60.7,464.0,4.55,9.9,28.6,1.0,0.0,11.7,5.2,0.1,13.0,26.9,0.0,8.6,0.1,34.0,38.2,2.3,12.2,0,47,1,A01664,A01664_2020-04-16,0,2020-04-16
86.2,83.3,262.0,3.7,11.5,27.3,1.2,0.0,15.7,12.7,0.1,10.1,8.8,0.0,15.2,0.1,31.7,31.9,1.3,7.7,0,79,1,A01169,A01169_2020-04-16,0,2020-04-16
84.2,62.75,234.5,5.035,10.15,27.2,0.4,0.0,13.0,2.9,0.1,13.7,28.25,0.0,4.55,0.1,32.3,42.4,1.25,8.8,0,36,1,A01514,A01514_2020-04-16,0,2020-04-16
85.9,62.5,418.0,4.74,9.9,28.7,0.2,0.0,12.3,2.9,0.6,13.6,32.0,0.0,4.6,0.4,33.4,40.7,1.5,4.5,0,50,1,A00082,A00082_2020-04-16,0,2020-04-16
93.0,,254.0,4.14,10.8,29.2,,,14.0,,,12.1,,,5.7,,31.4,38.5,,,0,100,0,A01202,A01202_2020-04-16,0,2020-04-16
97.15,63.7,236.0,4.01,10.4,32.4,0.8,0.0,12.85,11.5,0.0,13.0,31.4,0.0,16.75,0.2,33.40000000000001,38.95,5.7,4.7,0,83,1,A00701,A00701_2020-04-16,0,2020-04-16
82.4,54.5,240.0,4.42,10.9,28.5,0.6,0.0,14.2,2.8,2.5,12.6,30.9,0.1,5.2,0.6,34.6,36.4,1.6,11.5,0,55,1,A01445,A01445_2020-04-16,0,2020-04-16
88.9,68.7,126.0,4.67,11.1,31.7,0.4,0.0,12.9,3.8,0.0,14.8,23.7,0.0,5.6,0.4,35.7,41.5,1.3,7.2,0,72,1,A01040,A01040_2020-04-16,0,2020-04-16
90.7,63.0,274.0,3.98,10.9,30.4,1.4,0.0,12.7,5.7,2.1,12.1,18.6,0.2,9.0,0.4,33.5,36.1,1.7,15.9,0,80,1,A00696,A00696_2020-04-16,0,2020-04-16
91.15,78.7,553.5,3.805,11.95,29.3,3.0,0.2,15.2,22.0,1.0,11.15,9.1,0.3,27.9,0.6,32.15,34.65000000000001,2.5,10.6,1,56,1,A00717,A00717_2020-04-16,0,2020-04-16
90.1,62.4,245.0,4.76,9.6,31.5,0.4,0.0,12.9,4.2,1.2,15.0,30.7,0.1,6.8,0.3,35.0,42.9,2.1,5.4,0,41,0,A01497,A01497_2020-04-16,0,2020-04-16
88.7,51.2,254.0,3.36,10.1,30.1,0.9,0.1,14.1,3.4,5.5,10.1,28.7,0.4,6.6,0.8,33.9,29.8,1.9,13.8,0,77,1,A00699,A00699_2020-04-16,0,2020-04-16
79.1,65.0,135.0,4.26,12.2,25.6,0.4,0.0,15.8,4.0,0.8,10.9,27.4,0.0,6.1,0.3,32.3,33.7,1.7,6.5,0,68,1,A01654,A01654_2020-04-16,0,2020-04-16
91.0,45.5,644.0,3.78,10.3,28.8,0.3,0.1,16.1,2.0,1.9,10.9,43.9,0.1,4.3,1.4,31.7,34.4,1.9,7.3,0,53,0,A00024,A00024_2020-04-16,0,2020-04-16
81.2,57.7,390.0,3.19,10.0,25.4,0.4,0.0,17.3,3.8,1.7,8.1,33.4,0.1,6.5,0.5,31.3,25.9,2.2,6.7,0,87,1,A01596,A01596_2020-04-16,0,2020-04-16
106.0,74.6,178.0,3.34,14.0,32.6,0.9,0.0,16.4,6.5,0.1,10.9,14.7,0.0,8.7,0.1,30.8,35.4,1.3,10.5,0,85,0,A01245,A01245_2020-04-16,0,2020-04-16
60.6,48.7,315.0,5.61,11.5,19.3,0.3,0.0,14.9,1.4,0.0,10.8,41.5,0.0,2.8,0.4,31.8,34.0,1.2,9.4,0,62,0,A00234,A00234_2020-04-16,0,2020-04-16
86.0,53.2,290.0,4.14,10.2,28.0,0.2,0.0,15.5,2.1,1.5,11.6,39.8,0.1,4.0,0.5,32.6,35.6,1.6,5.0,0,94,0,A01003,A01003_2020-04-16,0,2020-04-16
95.3,69.3,584.0,4.27,9.3,31.9,0.8,0.0,12.4,5.8,1.7,13.6,18.6,0.1,8.3,0.6,33.4,40.7,1.5,9.8,0,61,1,A01273,A01273_2020-04-16,0,2020-04-16
73.7,61.2,172.0,5.02,,22.5,0.6,0.0,20.7,4.4,2.5,11.3,26.9,0.2,7.2,0.6,30.5,37.0,1.9,8.8,0,69,1,A01412,A01412_2020-04-16,0,2020-04-16
88.3,73.8,168.0,4.79,10.0,30.5,0.4,0.0,11.5,4.3,0.3,14.6,19.2,0.0,5.8,0.3,34.5,42.3,1.1,6.4,0,56,1,A01313,A01313_2020-04-16,0,2020-04-16
86.6,90.9,474.0,5.43,10.4,28.5,0.9,0.0,13.3,14.9,0.2,15.5,3.3,0.0,16.4,0.3,33.0,47.0,0.5,5.3,1,62,0,A01611,A01611_2020-04-16,0,2020-04-16
89.4,59.3,176.0,4.14,11.8,28.7,0.4,0.0,12.9,2.2,2.5,11.9,27.5,0.1,3.7,0.3,32.2,37.0,1.0,10.4,0,78,0,A00485,A00485_2020-04-16,0,2020-04-16
87.25,88.85,346.0,6.04,11.5,28.5,0.5,0.0,13.25,12.1,0.0,17.2,7.3,0.0,13.65,0.3,32.65000000000001,52.7,0.95,3.55,0,78,0,A01417,A01417_2020-04-16,0,2020-04-16
87.9,79.0,325.0,3.73,10.5,31.4,0.8,0.0,12.6,6.8,0.1,11.7,11.5,0.0,8.6,0.1,35.7,32.8,1.0,9.3,1,51,1,A00051,A00051_2020-04-16,0,2020-04-16
86.2,69.1,176.0,4.05,9.7,29.4,0.3,0.0,12.4,4.4,1.4,11.9,23.8,0.1,6.3,0.5,34.1,34.9,1.5,5.2,0,42,0,A00272,A00272_2020-04-16,0,2020-04-16
81.5,67.3,179.0,5.25,12.1,26.1,0.3,0.0,12.8,2.7,0.0,13.7,24.9,0.0,4.0,0.0,32.0,42.8,1.0,7.8,0,48,1,A00794,A00794_2020-04-16,0,2020-04-16
91.4,89.4,176.0,4.21,11.2,30.4,0.4,0.0,13.2,7.2,0.0,12.8,5.4,0.0,8.0,0.0,33.2,38.5,0.4,5.2,0,70,1,A00825,A00825_2020-04-16,0,2020-04-16
85.1,51.4,175.0,4.71,11.5,29.5,0.7,0.1,12.9,3.6,1.7,13.9,36.5,0.1,7.0,0.9,34.7,40.1,2.6,9.5,0,82,0,A00605,A00605_2020-04-16,0,2020-04-16
83.8,84.4,215.0,4.58,9.8,27.9,1.3,0.1,14.6,13.9,0.1,12.8,7.2,0.0,16.5,0.4,33.3,38.4,1.2,7.9,0,73,0,A00627,A00627_2020-04-16,0,2020-04-16
82.4,70.25,322.0,4.015,10.0,25.3,1.25,0.0,14.2,6.25,1.5,10.15,14.35,0.15,8.899999999999999,0.05,30.65,33.09999999999999,1.25,13.85,0,70,0,A00284,A00284_2020-04-16,0,2020-04-16
90.8,61.8,551.0,5.64,10.6,30.0,0.9,0.1,15.8,6.9,8.8,16.9,19.8,1.0,11.1,1.3,33.0,51.2,2.2,8.3,0,79,1,A00760,A00760_2020-04-17,0,2020-04-17
88.0,72.8,76.0,4.5,10.0,30.2,0.3,0.0,12.7,3.9,0.9,13.6,20.5,0.0,5.4,0.6,34.3,39.6,1.1,5.2,0,60,1,A00774,A00774_2020-04-17,0,2020-04-17
87.3,62.2,178.0,4.48,13.9,29.0,0.9,0.0,16.0,4.9,2.7,13.0,22.7,0.2,7.8,0.4,33.2,39.1,1.8,12.0,0,93,0,A00224,A00224_2020-04-17,0,2020-04-17
96.9,86.0,140.0,4.48,,31.7,0.5,0.0,15.9,12.1,0.1,14.2,10.2,0.0,14.1,0.2,32.7,43.4,1.4,3.5,0,85,0,A01651,A01651_2020-04-17,0,2020-04-17
89.5,78.0,371.0,3.89,10.3,30.1,0.6,0.0,13.1,6.6,0.2,11.7,14.0,0.0,8.5,0.4,33.6,34.8,1.2,7.4,1,51,1,A00051,A00051_2020-04-17,0,2020-04-17
91.5,71.0,489.0,3.17,11.0,29.0,0.7,0.1,14.1,12.5,16.7,9.2,7.8,2.9,17.6,0.6,31.7,29.0,1.4,3.9,1,49,1,A00359,A00359_2020-04-17,1,2020-04-17
92.0,58.3,322.0,3.5,10.4,29.1,0.6,0.1,12.8,3.5,6.3,10.2,24.0,0.4,6.0,1.2,31.7,32.2,1.4,10.2,0,68,0,A01663,A01663_2020-04-17,0,2020-04-17
87.4,52.2,292.0,5.16,10.5,30.8,0.5,0.1,12.8,4.0,5.9,15.9,34.9,0.4,7.6,0.7,35.3,45.1,2.7,6.3,0,38,1,A00155,A00155_2020-04-17,0,2020-04-17
83.4,63.1,219.0,5.35,10.6,28.4,0.7,0.0,13.2,3.5,0.0,15.2,23.2,0.0,5.5,0.2,34.1,44.6,1.3,13.5,1,55,1,A00785,A00785_2020-04-17,0,2020-04-17
81.2,73.9,232.0,4.04,10.0,24.8,1.2,0.0,17.5,7.2,1.8,10.0,11.3,0.2,9.7,0.5,30.5,32.8,1.1,12.5,0,77,0,A01021,A01021_2020-04-17,0,2020-04-17
85.9,89.0,367.0,5.02,10.9,29.5,1.4,0.0,13.2,17.7,0.1,14.8,3.7,0.0,19.9,0.2,34.3,43.1,0.7,7.0,1,62,0,A01611,A01611_2020-04-17,0,2020-04-17
88.4,51.8,259.0,4.31,10.3,29.9,0.7,0.0,13.3,2.5,5.0,12.9,27.4,0.2,4.8,1.0,33.9,38.1,1.3,14.8,0,59,1,A00526,A00526_2020-04-17,0,2020-04-17
95.2,51.1,315.0,3.31,10.6,31.4,0.9,0.0,13.2,3.4,5.7,10.4,29.6,0.4,6.7,0.6,33.0,31.5,2.0,13.0,0,56,0,A00314,A00314_2020-04-17,0,2020-04-17
87.0,87.2,261.0,4.16,10.6,29.8,1.6,0.1,14.0,28.9,0.5,12.4,7.2,0.2,33.1,0.2,34.3,36.2,2.4,4.9,0,66,0,A01051,A01051_2020-04-17,0,2020-04-17
90.1,56.0,425.0,3.95,10.2,29.9,0.5,0.0,11.8,3.2,1.6,11.8,32.9,0.1,5.7,0.2,33.1,35.6,1.9,9.3,0,47,0,A00533,A00533_2020-04-17,0,2020-04-17
89.0,61.5,247.0,4.81,11.1,30.4,0.8,0.1,13.7,5.4,0.3,14.6,28.6,0.0,8.7,0.7,34.1,42.8,2.5,8.9,0,63,1,A00910,A00910_2020-04-17,0,2020-04-17
94.3,,270.0,4.88,10.3,31.6,,,15.0,,,15.4,,,19.5,,33.5,46.0,,,0,88,1,A01112,A01112_2020-04-17,0,2020-04-17
90.0,65.3,242.0,4.8,10.4,30.6,0.6,0.1,11.7,4.8,2.9,14.7,22.4,0.2,7.4,1.1,34.0,43.2,1.7,8.3,0,58,1,A00795,A00795_2020-04-17,0,2020-04-17
90.1,78.0,350.0,3.23,10.9,27.2,0.4,0.0,20.2,6.6,2.6,8.8,14.1,0.2,8.5,0.4,30.2,29.1,1.2,4.9,0,70,0,A00491,A00491_2020-04-17,0,2020-04-17
93.53333333333335,,296.3333333333333,3.466666666666667,10.5,30.0,,,14.7,,,10.4,,,6.633333333333333,,32.1,32.43333333333333,,,1,50,1,A00798,A00798_2020-04-17,0,2020-04-17
91.8,,205.0,4.13,9.1,31.7,,,13.0,,,13.1,,,5.3,,34.6,37.9,,,0,41,0,A01497,A01497_2020-04-17,0,2020-04-17
90.0,69.8,295.0,4.09,10.8,29.6,1.2,0.1,13.7,8.0,3.9,12.1,15.1,0.4,11.5,1.0,32.9,36.8,1.7,10.2,0,70,1,A01267,A01267_2020-04-17,0,2020-04-17
92.7,83.7,499.0,4.94,9.9,30.0,1.2,0.1,15.4,14.6,1.8,14.8,6.9,0.3,17.5,0.6,32.3,45.8,1.2,7.0,1,74,1,A00632,A00632_2020-04-17,0,2020-04-17
87.1,49.9,182.0,3.95,11.5,29.6,0.6,0.0,12.1,2.3,2.1,11.7,34.5,0.1,4.7,0.4,34.0,34.4,1.6,13.1,0,58,1,A01434,A01434_2020-04-17,0,2020-04-17
89.6,75.3,177.0,3.56,9.9,29.8,0.9,0.0,14.2,8.5,1.3,10.6,14.8,0.1,11.3,0.4,33.2,31.9,1.7,8.2,0,87,1,A01669,A01669_2020-04-17,0,2020-04-17
86.8,63.4,187.0,3.86,10.5,28.5,0.2,0.0,14.4,2.2,0.6,11.0,28.9,0.0,3.4,0.3,32.8,33.5,1.0,6.8,0,72,1,A00317,A00317_2020-04-17,0,2020-04-17
94.1,,220.0,3.72,10.7,31.5,,,13.5,,,11.7,,,9.9,,33.4,35.0,,,0,85,0,A00883,A00883_2020-04-17,0,2020-04-17
83.3,81.1,308.0,4.19,10.1,25.5,1.0,0.0,15.6,11.8,0.1,10.7,11.8,0.0,14.6,0.2,30.7,34.9,1.7,6.8,0,88,0,A01233,A01233_2020-04-17,0,2020-04-17
82.0,55.8,349.0,3.84,10.2,27.9,0.8,0.0,13.4,5.7,1.0,10.7,35.5,0.1,10.2,0.3,34.0,31.5,3.6,7.4,0,38,0,A01127,A01127_2020-04-17,0,2020-04-17
90.6,48.3,145.0,4.03,13.0,29.8,0.8,0.0,12.9,2.4,1.6,12.0,33.4,0.1,5.0,0.4,32.9,36.5,1.7,16.3,0,40,0,A00553,A00553_2020-04-17,0,2020-04-17
94.1,82.1,292.0,3.05,11.3,29.5,1.3,0.0,15.1,13.5,4.4,9.0,5.7,0.7,16.4,0.1,31.4,28.7,0.9,7.7,1,63,1,A01125,A01125_2020-04-17,0,2020-04-17
87.6,80.7,203.0,5.42,10.3,30.8,0.9,0.0,12.2,8.0,0.1,16.7,10.1,0.0,9.9,0.5,35.2,47.5,1.0,8.6,0,84,1,A01520,A01520_2020-04-17,0,2020-04-17
88.0,85.6,185.0,5.01,9.9,30.9,0.3,0.0,12.1,10.3,0.0,15.5,11.6,0.0,12.0,0.2,35.1,44.1,1.4,2.6,0,58,1,A01632,A01632_2020-04-17,0,2020-04-17
88.5,78.3,503.0,4.34,12.2,29.0,2.3,0.1,15.5,18.6,2.0,12.6,9.5,0.5,23.8,0.6,32.8,38.4,2.3,9.6,1,56,1,A00717,A00717_2020-04-17,0,2020-04-17
86.05,80.85,50.0,3.585,11.2,30.4,0.6,0.0,14.55,5.3,0.7,10.9,9.4,0.05,6.550000000000001,0.15,35.3,30.85,0.6,8.9,0,81,1,A00650,A00650_2020-04-17,0,2020-04-17
74.9,56.5,177.0,5.17,,22.8,0.7,0.0,21.5,4.1,2.8,11.8,30.6,0.2,7.2,0.6,30.5,38.7,2.2,9.5,0,69,1,A01412,A01412_2020-04-17,0,2020-04-17
94.3,57.1,240.0,3.49,10.1,30.4,0.7,0.0,13.2,2.9,0.0,10.6,27.8,0.0,5.1,0.8,32.2,32.9,1.4,14.3,0,82,0,A00991,A00991_2020-04-17,0,2020-04-17
84.3,43.2,525.0,4.66,10.2,29.8,0.5,0.0,12.5,1.7,3.2,13.9,39.2,0.1,4.0,1.2,35.4,39.3,1.6,13.2,0,50,1,A01235,A01235_2020-04-17,0,2020-04-17
89.5,61.3,461.0,3.99,9.8,29.6,0.5,0.0,14.1,6.7,4.1,11.8,29.7,0.5,11.0,0.3,33.1,35.7,3.3,4.6,0,54,1,A01478,A01478_2020-04-17,0,2020-04-17
91.2,72.6,369.0,4.53,9.1,29.4,0.7,0.0,13.3,7.6,0.2,13.3,19.8,0.0,10.4,0.3,32.2,41.3,2.1,7.1,0,85,0,A00200,A00200_2020-04-17,0,2020-04-17
93.1,,236.0,4.23,12.6,30.5,,,16.9,,,12.9,,,15.0,,32.7,39.4,,,0,91,1,A00932,A00932_2020-04-17,0,2020-04-17
91.2,95.3,566.0,3.39,9.9,28.9,0.3,0.0,16.8,14.8,0.0,9.8,2.5,0.0,15.5,0.3,31.7,30.9,0.4,1.9,0,70,1,A01334,A01334_2020-04-17,0,2020-04-17
95.7,79.6,383.0,3.97,10.5,29.7,0.8,0.1,15.5,9.6,4.6,11.8,8.7,0.6,12.1,0.5,31.1,38.0,1.1,6.6,1,56,1,A00050,A00050_2020-04-17,0,2020-04-17
86.0,50.1,348.0,4.01,9.8,29.2,1.2,0.1,13.9,3.4,2.8,11.7,28.6,0.2,6.7,1.3,33.9,34.5,1.9,17.2,0,69,1,A01287,A01287_2020-04-17,0,2020-04-17
86.7,71.4,284.0,4.42,11.0,29.4,0.7,0.1,12.6,5.7,0.5,13.0,19.2,0.0,8.0,0.7,33.9,38.3,1.5,8.2,0,45,0,A01259,A01259_2020-04-17,0,2020-04-17
88.9,84.5,291.0,2.79,9.3,29.7,1.4,0.0,15.9,12.3,0.7,8.3,5.0,0.1,14.6,0.3,33.5,24.8,0.7,9.5,0,73,1,A01381,A01381_2020-04-17,0,2020-04-17
90.2,59.9,163.0,3.78,9.3,29.4,0.4,0.0,13.2,2.0,0.0,11.1,28.6,0.0,3.4,0.3,32.6,34.1,1.0,11.2,0,58,0,A00844,A00844_2020-04-17,0,2020-04-17
75.9,70.1,151.0,4.28,11.0,24.1,1.3,0.0,15.5,6.6,0.4,10.3,15.1,0.0,9.4,0.3,31.7,32.5,1.4,14.1,0,60,1,A00756,A00756_2020-04-17,0,2020-04-17
79.9,59.3,80.0,3.04,9.5,26.0,0.2,0.0,17.5,1.5,3.2,7.9,29.0,0.1,2.5,0.4,32.5,24.3,0.7,8.1,0,54,1,A01043,A01043_2020-04-17,0,2020-04-17
93.2,76.7,237.0,3.11,9.1,29.6,0.5,0.0,14.3,4.4,3.4,9.2,10.5,0.2,5.8,0.3,31.7,29.0,0.6,9.1,0,78,0,A00931,A00931_2020-04-17,0,2020-04-17
100.0,56.7,217.0,3.73,11.4,33.2,0.6,0.0,15.9,4.5,0.4,12.4,35.1,0.0,8.0,0.1,33.2,37.3,2.8,7.7,0,50,0,A01215,A01215_2020-04-17,0,2020-04-17
90.1,78.2,279.5,4.44,9.15,31.75,0.8,0.0,11.75,5.95,0.2,14.1,10.5,0.0,7.6,0.3,35.25,40.0,0.8,10.8,0,66,1,A01461,A01461_2020-04-17,0,2020-04-17
91.4,63.85,338.0,3.025,9.350000000000001,30.55,0.6,0.0,15.75,2.5,1.5,9.25,19.85,0.1,3.95,0.75,33.45,27.65,0.8,14.05,0,87,0,A01615,A01615_2020-04-17,0,2020-04-17
86.7,62.8,269.0,3.76,10.5,28.5,0.8,0.1,12.8,5.5,4.3,10.7,23.2,0.4,8.8,0.6,32.8,32.6,2.0,9.1,0,81,0,A00236,A00236_2020-04-17,0,2020-04-17
71.8,74.2,533.0,4.32,11.1,22.7,1.4,0.1,18.8,12.9,0.0,9.8,17.4,0.0,17.4,0.6,31.6,31.0,3.0,7.8,0,81,0,A01487,A01487_2020-04-17,0,2020-04-17
90.8,58.9,225.0,4.34,12.0,29.3,0.6,0.0,12.3,3.6,2.0,12.7,29.4,0.1,6.1,0.3,32.2,39.4,1.8,9.4,0,76,0,A00384,A00384_2020-04-17,0,2020-04-17
82.0,67.9,202.0,5.17,11.8,26.3,0.4,0.0,12.9,3.4,0.0,13.6,24.7,0.0,5.0,0.0,32.1,42.4,1.2,7.4,0,48,1,A00794,A00794_2020-04-17,0,2020-04-17
84.8,86.0,365.0,3.69,9.6,29.3,0.1,0.0,13.4,6.1,0.0,10.8,11.8,0.0,7.1,0.1,34.5,31.3,0.8,2.1,0,70,0,A00376,A00376_2020-04-17,0,2020-04-17
89.0,85.7,220.0,4.29,12.5,29.1,1.1,0.1,13.1,13.1,0.7,12.5,6.1,0.1,15.3,0.4,32.7,38.2,0.9,7.1,0,85,1,A00950,A00950_2020-04-17,0,2020-04-17
84.0,51.6,238.0,5.32,9.8,28.6,0.7,0.0,12.9,4.3,7.9,15.2,31.8,0.7,8.3,0.5,34.0,44.7,2.6,8.2,0,34,1,A00892,A00892_2020-04-17,0,2020-04-17
93.4,41.7,180.0,4.09,10.2,30.6,0.4,0.0,14.6,2.8,7.0,12.5,44.4,0.5,6.7,0.6,32.7,38.2,3.0,6.3,0,89,0,A00638,A00638_2020-04-17,0,2020-04-17
60.0,76.4,124.0,6.23,,18.9,2.3,0.0,24.7,14.0,0.9,11.8,10.2,0.2,18.3,0.2,31.6,37.4,1.9,12.3,1,61,1,A00111,A00111_2020-04-17,0,2020-04-17
70.8,72.6,383.0,5.51,10.0,20.7,0.5,0.0,20.0,5.4,0.1,11.4,19.9,0.0,7.5,0.3,29.2,39.0,1.5,7.1,0,65,1,A00075,A00075_2020-04-17,0,2020-04-17
86.9,,213.0,4.13,9.1,30.3,,,13.2,,,12.5,,,5.0,,34.8,35.9,,,0,84,0,A01033,A01033_2020-04-17,0,2020-04-17
89.3,73.1,134.0,4.5,11.0,31.3,0.3,0.0,12.8,4.5,0.0,14.1,21.1,0.0,6.1,0.2,35.1,40.2,1.3,5.6,0,72,1,A01040,A01040_2020-04-17,0,2020-04-17
85.0,39.3,214.0,4.61,10.7,27.3,0.4,0.0,13.7,1.5,1.6,12.6,47.0,0.1,3.8,0.5,32.1,39.2,1.8,11.6,0,31,0,A01534,A01534_2020-04-17,0,2020-04-17
88.0,61.3,146.0,3.33,10.7,28.2,0.3,0.0,15.8,2.5,3.5,9.4,26.4,0.1,4.0,0.8,32.1,29.3,1.1,8.0,0,75,1,A00692,A00692_2020-04-17,0,2020-04-17
91.1,82.6,343.0,3.95,9.4,30.9,0.8,0.0,13.2,5.4,0.6,12.2,4.5,0.0,6.5,0.5,33.9,36.0,0.3,11.8,0,69,1,A00362,A00362_2020-04-17,0,2020-04-17
85.0,69.5,377.0,4.88,11.1,27.0,1.2,0.1,13.7,9.2,8.3,13.2,12.6,1.1,13.3,0.5,31.8,41.5,1.7,9.1,0,68,0,A00415,A00415_2020-04-17,0,2020-04-17
95.5,87.3,257.0,3.54,9.9,28.8,0.3,0.0,18.4,11.3,4.8,10.2,5.2,0.6,13.0,0.3,30.2,33.8,0.7,2.4,1,62,1,A01435,A01435_2020-04-17,1,2020-04-17
88.1,81.1,186.0,4.37,10.5,26.5,0.5,0.0,18.1,4.8,0.0,11.6,10.5,0.0,5.9,0.3,30.1,38.5,0.6,8.1,0,89,0,A00909,A00909_2020-04-17,0,2020-04-17
102.5,89.1,149.0,4.03,13.5,30.3,1.5,0.1,13.5,21.5,0.5,12.2,3.7,0.1,24.1,0.3,29.5,41.3,0.9,6.4,1,80,1,A01314,A01314_2020-04-17,0,2020-04-17
89.6,60.6,363.0,3.95,11.2,30.9,0.9,0.0,12.2,7.5,0.8,12.2,31.3,0.1,12.4,0.4,34.5,35.4,3.9,6.9,0,57,0,A01260,A01260_2020-04-17,0,2020-04-17
96.4,55.6,245.0,3.35,10.1,31.0,0.4,0.0,13.4,2.3,4.4,10.4,29.7,0.2,4.1,0.7,32.2,32.3,1.2,9.6,0,88,0,A00972,A00972_2020-04-17,0,2020-04-17
86.1,45.9,317.0,4.82,10.6,29.3,0.4,0.0,11.8,1.8,3.1,14.1,40.8,0.1,3.9,0.5,34.0,41.5,1.6,9.7,0,41,1,A00549,A00549_2020-04-17,0,2020-04-17
95.7,89.4,423.0,3.69,11.1,29.0,0.9,0.0,13.5,14.3,0.0,10.7,4.9,0.0,16.0,0.3,30.3,35.3,0.8,5.4,1,56,1,A01547,A01547_2020-04-17,1,2020-04-17
93.0,60.2,159.0,4.15,11.2,29.9,0.7,0.1,16.6,3.8,11.6,12.4,16.7,0.7,6.3,1.0,32.1,38.6,1.1,10.5,0,85,1,A01643,A01643_2020-04-17,0,2020-04-17
92.7,58.1,212.0,3.69,13.5,28.7,0.5,0.0,15.7,2.8,5.5,10.6,25.8,0.3,4.9,1.0,31.0,34.2,1.3,9.6,0,76,0,A00297,A00297_2020-04-17,0,2020-04-17
86.0,55.0,266.0,4.42,9.4,28.1,0.3,0.0,13.4,2.3,2.2,12.4,34.4,0.1,4.2,0.5,32.6,38.0,1.4,7.9,0,48,0,A01662,A01662_2020-04-17,0,2020-04-17
94.3,73.4,153.0,4.01,10.4,29.9,0.5,0.0,14.0,3.7,0.0,12.0,17.7,0.0,5.1,0.0,31.7,37.8,0.9,8.9,1,83,0,A00088,A00088_2020-04-17,0,2020-04-17
96.6,90.6,357.0,3.21,9.6,31.8,0.3,0.0,12.8,11.6,0.5,10.2,6.0,0.1,12.8,0.2,32.9,31.0,0.8,2.7,1,63,1,A00252,A00252_2020-04-17,0,2020-04-17
102.4,78.1,246.0,3.81,10.7,33.3,0.4,0.0,13.0,6.6,5.8,12.7,11.0,0.5,8.5,0.4,32.6,39.0,0.9,4.7,0,97,1,A01623,A01623_2020-04-17,0,2020-04-17
97.2,89.5,282.0,4.99,12.5,30.1,0.4,0.0,14.4,10.2,0.1,15.0,6.4,0.0,11.4,0.3,30.9,48.5,0.7,3.7,0,78,0,A01417,A01417_2020-04-17,0,2020-04-17
81.2,89.7,164.0,4.1,11.7,27.6,0.2,0.0,13.8,7.1,0.0,11.3,8.0,0.0,7.9,0.1,33.9,33.3,0.6,2.2,0,67,0,A01276,A01276_2020-04-17,0,2020-04-17
86.0,73.0,296.0,3.71,10.1,27.8,0.3,0.0,15.6,4.1,1.6,10.3,19.1,0.1,5.6,0.4,32.3,31.9,1.1,5.9,0,94,0,A01003,A01003_2020-04-17,0,2020-04-17
92.2,97.6,263.0,4.46,10.8,30.7,0.3,0.0,17.0,39.3,0.0,13.7,1.7,0.0,40.3,0.0,33.3,41.1,0.7,0.7,1,80,1,A00341,A00341_2020-04-17,0,2020-04-17
67.7,57.0,541.0,4.95,10.4,20.2,2.1,0.1,20.6,9.1,16.8,10.0,12.1,2.7,16.0,0.9,29.9,33.5,1.9,13.2,1,69,1,A01129,A01129_2020-04-17,0,2020-04-17
89.9,,262.0,3.86,10.4,28.8,,,14.3,,,11.1,,,14.3,,32.0,34.7,,,0,94,0,A01548,A01548_2020-04-17,0,2020-04-17
98.30000000000001,38.3,46.5,2.9,,31.9,0.3,0.0,21.0,1.4,0.65,9.25,53.2,0.0,3.7,0.15,32.45,28.5,1.95,7.7,0,62,0,A00896,A00896_2020-04-17,0,2020-04-17
90.6,67.6,268.0,4.49,8.7,29.8,0.6,0.0,12.8,5.5,3.2,13.4,21.5,0.3,8.2,0.6,32.9,40.7,1.8,7.1,0,43,0,A00411,A00411_2020-04-17,0,2020-04-17
85.4,43.7,181.0,3.56,10.4,27.8,0.4,0.0,13.4,1.9,7.8,9.9,40.0,0.3,4.4,0.5,32.6,30.4,1.8,8.0,0,86,1,A01437,A01437_2020-04-17,0,2020-04-17
81.5,57.0,82.0,4.49,11.3,25.8,0.4,0.0,17.2,3.1,8.0,11.6,27.0,0.4,5.5,0.0,31.7,36.6,1.5,8.0,0,46,1,A01218,A01218_2020-04-17,0,2020-04-17
59.9,56.0,345.0,5.26,10.9,19.4,0.5,0.0,14.6,3.0,0.0,10.2,34.2,0.0,5.4,0.4,32.4,31.5,1.8,9.4,0,62,0,A00234,A00234_2020-04-17,0,2020-04-17
100.75,,174.0,3.205,10.65,33.2,,,13.85,,,10.65,,,11.1,,32.95,32.3,,,1,79,1,A01577,A01577_2020-04-17,0,2020-04-17
72.225,74.65,61.75,3.575,,23.075,1.7,0.05,26.525,9.399999999999999,0.05,8.3,11.75,0.0,13.4,0.25,31.9,25.9,1.45,13.3,0,82,1,A01231,A01231_2020-04-17,0,2020-04-17
98.1,84.0,374.0,3.18,11.0,29.9,0.4,0.1,13.9,8.9,0.0,9.5,11.6,0.0,10.6,0.5,30.4,31.2,1.2,3.9,1,56,1,A01547,A01547_2020-04-18,1,2020-04-18
90.1,75.7,211.0,5.66,11.2,32.2,1.0,0.1,12.1,6.8,0.2,18.2,12.4,0.0,9.0,0.7,35.7,51.0,1.1,11.0,0,84,1,A01520,A01520_2020-04-18,0,2020-04-18
90.4,59.4,241.0,5.1,10.0,30.6,0.7,0.1,12.0,4.3,1.0,15.6,29.5,0.1,7.3,1.0,33.8,46.1,2.2,9.1,0,30,1,A00962,A00962_2020-04-18,0,2020-04-18
79.8,,215.0,4.55,10.7,26.2,,,13.9,,,11.9,,,8.8,,32.8,36.3,,,0,82,1,A00462,A00462_2020-04-18,0,2020-04-18
89.4,79.3,147.0,4.43,10.4,30.9,1.1,0.0,13.0,8.2,0.0,13.7,10.4,0.0,10.4,0.2,34.6,39.6,1.1,10.1,0,78,1,A00670,A00670_2020-04-18,0,2020-04-18
87.0,89.8,400.0,3.77,9.6,28.9,1.3,0.0,16.3,18.9,0.3,10.9,3.6,0.1,21.1,0.2,33.2,32.8,0.8,6.1,0,73,1,A01381,A01381_2020-04-18,0,2020-04-18
83.2,76.5,294.0,5.17,10.7,26.9,0.5,0.0,12.8,5.7,0.4,13.9,16.0,0.0,7.4,0.4,32.3,43.0,1.2,6.7,0,61,1,A00560,A00560_2020-04-18,0,2020-04-18
84.5,75.9,335.0,3.8,9.2,27.9,0.4,0.0,14.7,5.9,4.7,10.6,14.3,0.4,7.8,0.4,33.0,32.1,1.1,4.7,0,63,1,A00807,A00807_2020-04-18,0,2020-04-18
97.1,65.1,493.0,4.14,8.6,33.6,1.5,0.1,12.5,7.2,1.0,13.9,19.3,0.1,11.0,0.8,34.6,40.2,2.1,13.8,0,35,0,A00616,A00616_2020-04-18,0,2020-04-18
92.9,84.8,454.0,5.05,10.0,30.1,1.4,0.0,15.6,18.7,2.0,15.2,6.9,0.4,22.0,0.1,32.4,46.9,1.5,6.2,1,74,1,A00632,A00632_2020-04-18,0,2020-04-18
96.3,83.1,332.0,2.96,11.4,30.1,1.2,0.1,14.8,15.5,3.4,8.9,6.9,0.6,18.6,0.3,31.2,28.5,1.3,6.3,1,63,1,A01125,A01125_2020-04-18,0,2020-04-18
98.1,90.7,386.0,3.1,9.8,31.9,0.3,0.0,13.2,9.5,1.1,9.9,4.9,0.1,10.5,0.4,32.6,30.4,0.5,2.9,1,63,1,A00252,A00252_2020-04-18,0,2020-04-18
88.2,80.4,193.0,5.75,11.4,29.6,1.0,0.0,14.0,12.2,0.8,17.0,11.8,0.1,15.2,0.3,33.5,50.7,1.8,6.7,0,67,1,A00801,A00801_2020-04-18,0,2020-04-18
91.0,77.2,218.0,4.13,11.1,30.3,0.8,0.0,13.1,5.2,0.0,12.5,10.6,0.0,6.7,0.1,33.2,37.6,0.7,12.1,0,70,1,A00825,A00825_2020-04-18,0,2020-04-18
86.4,69.3,156.0,3.75,9.3,29.9,0.3,0.0,12.6,2.8,1.5,11.2,21.9,0.1,4.0,0.3,34.6,32.4,0.9,7.0,0,70,1,A00837,A00837_2020-04-18,0,2020-04-18
85.6,75.9,224.0,4.78,11.1,27.2,0.6,0.1,14.5,8.3,1.3,13.0,16.4,0.1,10.9,0.5,31.8,40.9,1.8,5.9,0,85,0,A01672,A01672_2020-04-18,0,2020-04-18
87.1,45.9,339.0,3.5,9.8,29.1,0.3,0.0,14.3,1.7,5.5,10.2,39.2,0.2,3.8,0.5,33.4,30.5,1.5,8.9,0,50,0,A01025,A01025_2020-04-18,0,2020-04-18
90.2,60.3,271.0,4.81,10.1,29.7,0.4,0.1,12.9,4.2,2.6,14.3,30.2,0.2,6.9,0.9,32.9,43.4,2.1,6.0,0,63,0,A00423,A00423_2020-04-18,0,2020-04-18
88.0,92.6,343.0,3.33,11.5,29.4,0.5,0.0,16.7,11.3,0.1,9.8,3.0,0.0,12.2,0.2,33.4,29.3,0.4,4.1,0,78,1,A00893,A00893_2020-04-18,0,2020-04-18
60.0,79.7,154.0,5.8,,19.1,1.6,0.1,24.7,16.4,1.3,11.1,10.5,0.3,20.6,0.5,31.9,34.8,2.2,8.0,1,61,1,A00111,A00111_2020-04-18,0,2020-04-18
86.3,60.1,462.0,4.32,9.9,28.0,1.2,0.1,13.7,6.7,1.8,12.1,26.8,0.2,11.1,0.5,32.4,37.3,3.0,10.8,0,53,0,A00187,A00187_2020-04-18,0,2020-04-18
89.2,,200.0,3.16,10.4,29.1,,,14.2,,,9.2,,,10.2,,32.6,28.2,,,0,94,0,A01548,A01548_2020-04-18,0,2020-04-18
100.7,,157.0,2.94,10.6,33.7,,,14.0,,,9.9,,,14.7,,33.4,29.6,,,1,79,1,A01577,A01577_2020-04-18,0,2020-04-18
82.5,78.1,244.0,4.86,9.5,28.4,0.4,0.0,13.0,4.9,0.0,13.8,16.0,0.0,6.3,0.2,34.4,40.1,1.0,5.7,1,34,1,A00241,A00241_2020-04-18,0,2020-04-18
94.2,,297.0,3.91,9.799999999999999,30.2,,,14.76666666666667,,,11.8,,,7.599999999999999,,32.03333333333334,36.83333333333334,,,1,50,1,A00798,A00798_2020-04-18,0,2020-04-18
81.4,54.0,468.0,4.42,10.4,25.8,0.6,0.0,14.7,2.8,1.4,11.4,31.6,0.1,5.1,0.4,31.7,36.0,1.6,12.6,0,75,0,A00496,A00496_2020-04-18,0,2020-04-18
93.5,80.3,236.0,4.92,11.4,28.9,0.9,0.1,18.4,7.6,0.6,14.2,8.5,0.1,9.5,0.8,30.9,46.0,0.8,9.8,0,53,0,A01041,A01041_2020-04-18,0,2020-04-18
71.0,78.0,591.0,4.8,10.6,20.2,1.4,0.2,20.7,12.0,4.0,9.7,8.0,0.6,15.4,1.0,28.4,34.1,1.2,9.0,1,69,1,A01129,A01129_2020-04-18,0,2020-04-18
86.0,63.7,243.0,4.72,10.8,30.5,0.4,0.1,12.4,4.4,6.0,14.4,24.0,0.4,6.9,0.9,35.5,40.6,1.7,5.4,0,46,0,A00477,A00477_2020-04-18,0,2020-04-18
95.8,65.0,582.0,3.08,10.9,28.9,0.9,0.1,14.7,13.7,23.7,8.9,6.1,5.0,21.1,0.7,30.2,29.5,1.3,4.5,1,49,1,A00359,A00359_2020-04-18,1,2020-04-18
96.4,86.9,137.0,4.39,14.7,31.2,0.5,0.0,15.9,10.3,0.0,13.7,8.8,0.0,11.8,0.2,32.4,42.3,1.0,4.1,0,85,0,A01651,A01651_2020-04-18,0,2020-04-18
90.9,68.0,213.0,3.53,10.8,29.5,0.7,0.0,15.2,6.6,3.4,10.4,20.6,0.3,9.7,0.4,32.4,32.1,2.0,7.6,0,79,1,A01312,A01312_2020-04-18,0,2020-04-18
97.2,97.2,150.0,3.55,11.3,31.3,0.4,0.1,17.0,30.8,0.0,11.1,1.2,0.0,31.7,0.3,32.2,34.5,0.4,1.3,1,80,1,A00341,A00341_2020-04-18,0,2020-04-18
90.0,83.45,85.0,3.12,11.65,29.65,0.9,0.0,18.3,17.5,0.05,9.25,12.1,0.0,21.0,0.15,32.95,28.05,2.6,4.25,0,77,1,A00647,A00647_2020-04-18,0,2020-04-18
94.4,90.9,157.0,3.38,12.6,31.1,0.8,0.1,13.2,14.1,0.4,10.5,2.8,0.1,15.5,0.5,32.9,31.9,0.4,5.4,1,80,1,A01314,A01314_2020-04-18,0,2020-04-18
95.1,74.4,417.0,3.89,10.4,30.1,0.9,0.1,15.1,9.9,5.9,11.7,12.1,0.8,13.3,0.7,31.6,37.0,1.6,6.9,1,56,1,A00050,A00050_2020-04-18,0,2020-04-18
89.2,76.8,377.0,3.8,9.6,30.3,0.9,0.0,12.8,7.4,0.7,11.5,13.3,0.1,9.6,0.3,33.9,33.9,1.3,8.9,1,51,1,A00051,A00051_2020-04-18,0,2020-04-18
85.5,62.4,317.0,4.68,10.9,28.2,0.8,0.0,13.3,6.4,1.2,13.2,28.2,0.1,10.2,0.4,33.0,40.0,2.9,7.8,0,39,0,A01104,A01104_2020-04-18,0,2020-04-18
90.5,65.5,167.0,4.44,10.6,31.5,0.2,0.0,12.8,2.9,0.9,14.0,29.2,0.0,4.4,0.7,34.8,40.2,1.3,3.7,0,72,1,A01040,A01040_2020-04-18,0,2020-04-18
89.5,78.2,470.0,4.1,11.8,29.5,1.3,0.0,15.2,18.1,3.5,12.1,12.3,0.8,23.1,0.2,33.0,36.7,2.8,5.8,1,56,1,A00717,A00717_2020-04-18,0,2020-04-18
74.4,56.5,193.0,5.27,,23.1,0.7,0.1,21.4,3.8,2.4,12.2,29.8,0.2,6.7,0.9,31.1,39.2,2.0,10.4,0,69,1,A01412,A01412_2020-04-18,0,2020-04-18
73.6,66.3,41.0,4.06,,23.6,2.5,0.1,24.2,7.8,0.1,9.6,11.8,0.0,11.8,0.6,32.1,29.9,1.4,21.2,0,82,1,A01231,A01231_2020-04-18,0,2020-04-18
78.95,,340.0,4.765000000000001,9.9,26.8,,,15.75,,,12.8,,,22.05,,34.0,37.65000000000001,,,1,70,1,A00404,A00404_2020-04-19,0,2020-04-19
94.3,82.9,309.0,3.5,11.2,29.4,1.2,0.1,16.3,13.7,3.1,10.3,6.2,0.5,16.5,0.5,31.2,33.0,1.0,7.3,1,63,1,A01125,A01125_2020-04-19,0,2020-04-19
95.9,72.15,301.5,3.18,10.5,31.6,0.6,0.0,13.15,4.6,1.3,10.05,16.95,0.1,6.4,0.6,32.95,30.5,1.05,9.0,0,34,1,A01367,A01367_2020-04-19,0,2020-04-19
87.5,88.9,372.0,3.19,9.4,29.2,1.2,0.0,16.1,16.8,0.4,9.3,4.1,0.1,18.9,0.2,33.3,27.9,0.8,6.4,0,73,1,A01381,A01381_2020-04-19,0,2020-04-19
82.0,56.2,238.0,5.27,10.8,26.6,0.3,0.0,12.2,2.1,0.5,14.0,35.2,0.0,3.7,0.3,32.4,43.2,1.3,7.8,0,48,1,A00794,A00794_2020-04-19,0,2020-04-19
60.8,74.5,167.0,5.59,,19.5,2.1,0.1,25.1,14.0,1.1,10.9,12.7,0.2,18.8,0.4,32.1,34.0,2.4,11.3,1,61,1,A00111,A00111_2020-04-19,0,2020-04-19
89.9,87.0,285.0,5.35,12.1,29.0,0.4,0.0,13.3,7.9,0.7,15.5,8.0,0.1,9.1,0.2,32.2,48.1,0.7,4.1,0,78,0,A01417,A01417_2020-04-19,0,2020-04-19
88.8,74.3,207.0,4.0,10.8,24.8,1.2,0.0,19.8,7.4,5.8,9.9,7.5,0.6,10.0,0.3,27.9,35.5,0.8,12.1,0,89,1,A00290,A00290_2020-04-19,0,2020-04-19
84.75,83.19999999999999,356.5,3.54,9.95,28.8,0.1,0.0,13.2,5.3,0.25,10.2,14.3,0.0,6.35,0.2,34.0,30.0,0.9,2.05,0,70,0,A00376,A00376_2020-04-19,0,2020-04-19
89.4,64.2,225.0,4.35,9.1,31.7,0.6,0.0,12.7,4.5,0.7,13.8,26.7,0.0,7.0,0.4,35.5,38.9,1.9,8.0,0,41,0,A01497,A01497_2020-04-19,0,2020-04-19
82.5,,280.0,4.12,9.2,27.7,,,17.2,,,11.4,,,13.2,,33.5,34.0,,,0,86,1,A00446,A00446_2020-04-19,0,2020-04-19
90.5,46.0,262.0,3.57,9.2,30.3,0.3,0.0,14.7,1.5,10.3,10.8,33.7,0.3,3.3,0.6,33.4,32.3,1.1,9.4,0,54,1,A01442,A01442_2020-04-19,0,2020-04-19
92.1,15.4,203.0,4.28,11.1,30.8,0.5,0.0,12.5,0.5,2.0,13.2,63.9,0.1,3.1,1.0,33.5,39.4,2.0,17.7,0,66,1,A00521,A00521_2020-04-19,0,2020-04-19
84.8,64.3,151.0,4.08,10.0,28.9,0.3,0.0,12.4,2.3,0.0,11.8,28.3,0.0,3.5,0.0,34.1,34.6,1.0,7.4,0,70,1,A00837,A00837_2020-04-19,0,2020-04-19
91.5,74.3,143.0,2.94,11.3,31.25,0.6,0.0,13.7,4.8,1.5,9.2,14.9,0.1,6.2,0.2,34.2,26.9,1.0,9.1,0,85,0,A00883,A00883_2020-04-19,0,2020-04-19
94.2,87.0,181.0,3.3,12.7,31.2,1.4,0.1,13.5,14.6,1.5,10.3,2.9,0.3,16.8,0.5,33.1,31.1,0.5,8.1,1,80,1,A01314,A01314_2020-04-19,0,2020-04-19
90.7,38.0,59.0,3.66,13.2,29.5,0.4,0.0,13.5,2.1,2.0,10.8,53.2,0.1,5.6,0.4,32.5,33.2,3.0,6.4,0,78,1,A01474,A01474_2020-04-19,0,2020-04-19
83.1,76.1,205.0,4.8,10.1,28.3,0.4,0.0,13.2,4.3,0.0,13.6,16.3,0.0,5.7,0.2,34.1,39.9,0.9,7.4,1,49,1,A00590,A00590_2020-04-19,0,2020-04-19
88.94999999999999,86.35,197.0,3.66,9.7,29.35,0.55,0.0,17.1,10.25,0.45,10.75,8.85,0.05,11.85,0.2,33.0,32.55,1.0,4.15,0,71,0,A00667,A00667_2020-04-19,0,2020-04-19
82.7,74.0,192.0,4.17,11.5,27.1,0.9,0.0,13.0,6.7,0.8,11.3,14.6,0.1,9.1,0.4,32.8,34.5,1.3,10.2,0,64,0,A01564,A01564_2020-04-19,0,2020-04-19
85.9,65.1,275.0,4.9,10.3,28.6,0.7,0.1,12.7,6.6,3.3,14.0,24.4,0.3,10.2,0.6,33.3,42.1,2.5,6.6,0,71,0,A00824,A00824_2020-04-19,0,2020-04-19
71.0,62.3,340.0,4.76,9.4,21.2,0.5,0.0,20.4,3.3,1.0,10.1,27.0,0.1,5.3,0.2,29.9,33.8,1.4,9.5,0,65,1,A00075,A00075_2020-04-19,0,2020-04-19
70.6,85.1,627.0,4.83,11.0,21.3,1.7,0.2,20.6,19.0,0.4,10.3,6.1,0.1,22.3,0.9,30.2,34.1,1.4,7.5,1,69,1,A01129,A01129_2020-04-19,0,2020-04-19
94.8,85.4,367.0,4.26,10.3,30.3,1.3,0.1,15.6,17.2,1.6,12.9,5.7,0.3,20.1,0.7,31.9,40.4,1.1,6.6,1,74,1,A00632,A00632_2020-04-19,0,2020-04-19
89.5,73.6,261.0,4.46,9.7,30.5,0.5,0.0,11.8,4.3,0.8,13.6,17.3,0.0,5.9,0.2,34.1,39.9,1.0,8.1,0,56,1,A01313,A01313_2020-04-19,0,2020-04-19
90.2,75.7,444.0,3.88,11.3,29.1,1.0,0.1,15.1,12.5,4.4,11.3,13.2,0.7,16.5,0.8,32.3,35.0,2.2,5.9,1,56,1,A00717,A00717_2020-04-19,0,2020-04-19
85.9,60.5,241.0,4.96,11.4,29.8,0.5,0.0,12.8,4.7,3.1,14.8,29.7,0.2,7.7,0.4,34.7,42.6,2.3,6.3,0,40,1,A00159,A00159_2020-04-19,0,2020-04-19
90.8,63.9,298.0,3.68,10.9,29.6,0.7,0.0,16.3,3.8,5.0,10.9,19.6,0.3,6.0,0.5,32.6,33.4,1.2,11.0,0,81,0,A00758,A00758_2020-04-19,0,2020-04-19
96.5,8.7,23.0,2.845,11.3,33.75,0.0,0.0,13.2,0.1,8.35,9.600000000000001,79.6,0.1,1.1,0.95,34.95,27.45,0.8500000000000001,2.4,0,42,1,A01450,A01450_2020-04-19,0,2020-04-19
60.3,47.6,439.0,5.34,11.2,18.9,0.7,0.1,14.8,3.6,0.8,10.1,41.3,0.1,7.5,0.7,31.4,32.2,3.1,9.6,0,62,0,A00234,A00234_2020-04-19,0,2020-04-19
94.13333333333333,,284.0,4.27,10.0,30.13333333333333,,,14.23333333333333,,,12.86666666666667,,,9.733333333333333,,32.03333333333333,40.2,,,1,50,1,A00798,A00798_2020-04-19,0,2020-04-19
88.94999999999999,86.35,197.0,3.66,9.7,29.35,0.55,0.0,17.1,10.25,0.45,10.75,8.85,0.05,11.85,0.2,33.0,32.55,1.0,4.15,0,70,1,A00668,A00668_2020-04-19,0,2020-04-19
101.8,,140.0,2.72,11.2,33.5,,,14.2,,,9.1,,,16.7,,32.9,27.7,,,1,79,1,A01577,A01577_2020-04-19,0,2020-04-19
99.05,30.45,149.0,3.14,9.7,33.25,0.4,0.0,14.25,0.9,3.0,10.45,52.40000000000001,0.1,3.05,0.3,33.6,31.1,1.6,13.85,0,69,1,A00227,A00227_2020-04-19,0,2020-04-19
78.0,84.3,128.0,4.6,13.9,25.2,0.5,0.0,13.6,6.4,0.0,11.6,9.2,0.0,7.6,0.1,32.3,35.9,0.7,6.4,0,37,0,A01574,A01574_2020-04-19,0,2020-04-19
65.4,73.0,203.0,7.12,,20.4,0.7,0.0,18.5,5.0,0.0,14.5,17.0,0.0,6.9,0.4,31.1,46.6,1.2,9.6,0,83,1,A00969,A00969_2020-04-19,0,2020-04-19
88.9,52.9,201.0,3.98,9.7,29.4,0.4,0.0,14.0,2.1,2.1,11.7,35.5,0.1,3.9,0.5,33.1,35.4,1.4,9.0,0,80,0,A01356,A01356_2020-04-19,0,2020-04-19
98.8,90.9,417.0,3.28,9.4,31.4,0.3,0.0,13.1,12.3,0.5,10.3,6.4,0.1,13.5,0.3,31.8,32.4,0.9,1.9,1,63,1,A00252,A00252_2020-04-19,0,2020-04-19
87.6,80.5,200.0,4.37,10.8,29.5,1.6,0.0,13.5,17.9,0.0,12.9,11.9,0.0,22.2,0.2,33.7,38.3,2.6,7.4,1,62,0,A01611,A01611_2020-04-19,0,2020-04-19
94.3,78.1,352.0,2.62,11.2,29.4,0.5,0.0,14.4,7.6,0.3,7.7,15.8,0.0,9.7,0.5,31.2,24.7,1.5,5.3,1,56,1,A01547,A01547_2020-04-19,1,2020-04-19
90.0,35.6,185.0,4.19,11.7,29.8,0.5,0.0,13.1,1.4,4.1,12.5,46.4,0.2,3.9,0.8,33.2,37.7,1.8,13.1,0,56,1,A00393,A00393_2020-04-19,0,2020-04-19
93.8,82.3,105.0,3.52,11.2,32.1,0.2,0.0,14.6,5.1,0.3,11.3,13.1,0.0,6.2,0.3,34.2,33.0,0.8,4.0,0,82,0,A00989,A00989_2020-04-19,0,2020-04-19
82.0,57.5,290.0,5.06,10.4,26.3,0.6,0.1,17.2,4.4,0.8,13.3,32.5,0.1,7.6,0.9,32.0,41.5,2.5,8.3,0,65,0,A01535,A01535_2020-04-19,0,2020-04-19
74.4,58.3,215.0,5.03,,23.5,0.5,0.1,21.5,3.8,2.1,11.8,30.8,0.1,6.6,0.8,31.6,37.4,2.0,8.0,0,69,1,A01412,A01412_2020-04-19,0,2020-04-19
89.4,73.0,133.0,4.16,10.2,31.0,1.0,0.0,13.3,5.3,0.0,12.9,13.5,0.0,7.2,0.1,34.7,37.2,1.0,13.4,0,78,1,A00670,A00670_2020-04-19,0,2020-04-19
94.3,64.1,359.0,3.85,10.0,29.9,0.8,0.1,15.0,5.8,8.2,11.5,18.6,0.7,9.0,0.7,31.7,36.3,1.7,8.4,1,56,1,A00050,A00050_2020-04-19,0,2020-04-19
61.6,36.0,248.0,6.44,,19.9,0.5,0.1,18.0,1.9,1.9,12.8,51.1,0.1,5.4,1.3,32.2,39.7,2.8,9.7,0,52,0,A00939,A00939_2020-04-19,0,2020-04-19
83.1,84.8,279.0,4.62,9.5,28.4,0.4,0.0,13.2,8.3,0.0,13.1,11.1,0.0,9.8,0.1,34.1,38.4,1.1,4.0,1,34,1,A00241,A00241_2020-04-19,0,2020-04-19
86.8,50.1,316.0,4.61,10.9,29.3,1.1,0.1,13.4,3.7,1.9,13.5,32.9,0.1,7.4,0.9,33.8,40.0,2.4,14.2,0,67,1,A00849,A00849_2020-04-19,0,2020-04-19
83.7,58.3,301.0,4.67,9.6,25.7,0.8,0.1,15.5,4.8,3.1,12.0,27.7,0.3,8.2,1.0,30.7,39.1,2.3,9.9,0,88,0,A01233,A01233_2020-04-19,0,2020-04-19
84.7,79.3,275.0,5.28,11.8,28.0,0.5,0.1,12.8,7.1,0.2,14.8,14.3,0.0,8.9,0.6,33.1,44.7,1.3,5.6,0,79,0,A00508,A00508_2020-04-19,0,2020-04-19
91.2,64.1,491.0,3.75,9.7,28.0,0.4,0.1,14.8,4.2,4.8,10.5,23.6,0.3,6.5,1.2,30.7,34.2,1.5,6.3,0,38,1,A00443,A00443_2020-04-19,0,2020-04-19
100.0,66.2,464.0,4.44,8.7,33.3,1.0,0.1,12.7,5.5,1.4,14.8,19.2,0.1,8.3,0.7,33.3,44.4,1.6,12.5,0,35,0,A00616,A00616_2020-04-19,0,2020-04-19
87.0,46.1,585.0,4.92,9.5,29.3,0.7,0.0,12.7,3.2,1.0,14.4,42.3,0.1,7.0,0.6,33.6,42.8,3.0,10.0,0,50,1,A00082,A00082_2020-04-19,0,2020-04-19
93.9,97.2,165.0,3.8,11.7,30.3,0.5,0.1,17.0,35.8,0.0,11.5,1.2,0.0,36.8,0.2,32.2,35.7,0.4,1.4,1,80,1,A00341,A00341_2020-04-19,0,2020-04-19
87.65,52.2,305.0,3.865,9.9,29.6,1.35,0.1,13.95,3.75,2.2,11.45,25.3,0.15,7.2,1.25,33.75,33.9,1.85,19.05,0,69,1,A01287,A01287_2020-04-19,0,2020-04-19
89.3,67.9,368.0,3.74,9.4,30.5,0.8,0.0,12.7,5.9,2.1,11.4,20.1,0.2,8.7,0.2,34.1,33.4,1.7,9.7,1,51,1,A00051,A00051_2020-04-19,0,2020-04-19
83.7,58.1,241.0,4.91,10.4,28.1,0.4,0.0,13.0,2.6,0.4,13.8,33.1,0.0,4.5,0.2,33.6,41.1,1.5,8.2,0,36,1,A01514,A01514_2020-04-19,0,2020-04-19
82.1,45.1,241.0,5.43,10.5,26.5,0.6,0.0,15.7,2.6,0.3,14.4,43.4,0.0,5.7,0.2,32.3,44.6,2.5,11.0,0,40,0,A01571,A01571_2020-04-19,0,2020-04-19
85.7,74.8,136.0,5.46,14.6,26.7,0.8,0.0,14.5,14.3,0.3,14.6,20.5,0.1,19.1,0.1,31.2,46.8,3.9,4.3,0,93,1,A00792,A00792_2020-04-19,0,2020-04-19
83.0,67.5,178.0,4.94,9.6,28.7,0.5,0.0,12.8,3.2,0.2,14.2,21.6,0.0,4.7,0.4,34.6,41.0,1.0,10.3,0,30,0,A01353,A01353_2020-04-19,0,2020-04-19
99.5,83.8,109.0,3.98,14.8,32.2,0.4,0.0,16.0,7.9,0.5,12.8,10.9,0.0,9.4,0.1,32.3,39.6,1.0,4.7,0,85,0,A01651,A01651_2020-04-19,0,2020-04-19
88.4,73.4,214.0,4.67,11.0,33.0,1.1,0.0,11.9,6.6,0.1,15.4,13.7,0.0,9.0,0.3,37.3,41.3,1.2,12.5,0,84,1,A01520,A01520_2020-04-19,0,2020-04-19
90.3,70.8,174.0,4.53,10.7,31.8,0.8,0.0,12.6,5.5,2.2,14.4,16.6,0.2,7.7,0.4,35.2,40.9,1.3,10.0,0,76,1,A01234,A01234_2020-04-19,0,2020-04-19
93.8,89.9,456.0,5.33,10.9,30.6,0.9,0.0,13.8,20.2,0.0,16.3,6.1,0.0,22.5,0.2,32.6,50.0,1.4,3.8,0,91,1,A01431,A01431_2020-04-19,0,2020-04-19
83.2,87.9,149.0,5.53,12.1,29.1,0.5,0.0,11.7,6.5,1.3,16.1,4.0,0.1,7.4,0.5,35.0,46.0,0.3,6.3,0,34,1,A00004,A00004_2020-04-19,0,2020-04-19
98.5,,184.0,4.76,11.6,33.4,,,14.9,,,15.9,,,6.1,,33.9,46.9,,,0,89,1,A00917,A00917_2020-04-19,0,2020-04-19
74.10000000000001,62.25,36.33333333333334,4.223333333333334,,24.06666666666666,2.45,0.05,23.8,6.85,0.35,10.16666666666667,14.55,0.05,10.86666666666667,0.5,32.46666666666667,31.3,1.55,22.35,0,82,1,A01231,A01231_2020-04-19,0,2020-04-19
89.6,73.2,488.0,5.29,11.5,30.2,1.0,0.0,13.8,9.4,0.4,16.0,18.2,0.1,12.8,0.2,33.8,47.4,2.3,8.0,0,58,1,A01510,A01510_2020-04-19,0,2020-04-19
87.44999999999999,72.5,67.5,3.655,11.35,31.1,0.4,0.0,14.3,2.8,2.4,11.35,14.4,0.1,4.4,0.3,35.55,31.95,0.5,10.4,0,81,1,A00650,A00650_2020-04-19,0,2020-04-19
94.2,63.5,118.0,3.99,10.7,33.1,0.6,0.0,14.4,5.0,11.0,13.2,17.9,0.9,7.9,0.3,35.1,37.6,1.4,7.3,0,70,1,A00238,A00238_2020-04-19,0,2020-04-19
93.1,57.6,244.0,4.34,9.7,31.1,0.4,0.0,13.6,3.0,1.7,13.5,32.1,0.1,5.2,0.6,33.4,40.4,1.7,8.0,0,86,0,A00504,A00504_2020-04-19,0,2020-04-19
92.85,39.1,367.5,4.06,9.15,31.9,0.6,0.0,12.95,2.65,1.35,12.95,49.65000000000001,0.1,6.7,0.45,34.35,37.7,3.35,9.45,0,35,0,A00331,A00331_2020-04-19,0,2020-04-19
92.9,77.8,378.0,3.36,9.2,30.1,1.1,0.0,16.0,9.3,0.1,10.1,13.0,0.0,11.9,0.2,32.4,31.2,1.5,8.9,0,56,1,A00530,A00530_2020-04-19,0,2020-04-19
89.65,59.15,30.0,4.56,10.5,30.4,0.35,0.0,12.8,2.8,1.45,13.85,30.75,0.1,4.7,0.6499999999999999,33.9,40.84999999999999,1.45,8.0,0,60,1,A00774,A00774_2020-04-19,0,2020-04-19
86.8,61.4,331.0,4.23,10.5,28.4,0.9,0.0,15.1,5.7,4.4,12.0,24.0,0.4,9.3,0.3,32.7,36.7,2.2,9.9,0,72,1,A00428,A00428_2020-04-19,0,2020-04-19
91.35,83.80000000000001,333.5,3.585,9.8,30.7,0.75,0.0,13.65,6.15,2.75,11.0,3.4,0.2,7.35,0.4,33.55,32.75,0.25,9.65,0,69,1,A00362,A00362_2020-04-19,0,2020-04-19
79.0,60.3,131.0,6.01,9.9,28.6,0.4,0.0,13.5,3.7,3.1,17.2,29.1,0.2,6.2,0.5,36.2,47.5,1.8,7.0,0,68,1,A01451,A01451_2020-04-19,0,2020-04-19
91.2,37.4,218.0,4.89,10.7,30.5,0.6,0.1,13.9,1.3,5.7,14.9,36.8,0.2,3.5,2.0,33.4,44.6,1.3,18.1,0,60,1,A01271,A01271_2020-04-19,0,2020-04-19
87.3,87.3,432.0,3.62,10.0,29.6,0.6,0.0,13.3,16.2,0.6,10.7,8.6,0.1,18.5,0.2,33.9,31.6,1.6,3.3,0,81,0,A00006,A00006_2020-04-19,0,2020-04-19
87.6,59.8,262.0,3.96,10.7,28.5,0.4,0.0,12.6,3.9,5.6,11.3,27.6,0.4,6.6,0.5,32.6,34.7,1.8,6.5,0,50,0,A01511,A01511_2020-04-19,0,2020-04-19
92.3,73.3,313.0,3.11,10.0,30.9,0.5,0.0,13.5,5.2,1.0,9.6,19.0,0.1,7.1,0.3,33.4,28.7,1.3,6.4,0,71,1,A00039,A00039_2020-04-19,0,2020-04-19
94.15,73.6,171.0,3.575,11.85,33.40000000000001,0.4,0.0,15.9,3.7,8.0,11.95,10.8,0.4,5.05,0.4,35.55,33.65000000000001,0.5,7.2,0,56,1,A01480,A01480_2020-04-19,0,2020-04-19
94.3,82.0,368.0,4.42,10.1,30.1,1.1,0.1,15.7,15.4,3.4,13.3,8.3,0.6,18.8,0.7,31.9,41.7,1.6,5.6,1,74,1,A00632,A00632_2020-04-20,0,2020-04-20
69.8,78.3,413.0,4.73,9.9,20.7,0.2,0.0,19.9,4.1,0.0,9.8,17.6,0.0,5.2,0.0,29.7,33.0,0.9,4.1,0,65,1,A00075,A00075_2020-04-20,0,2020-04-20
81.7,39.3,127.0,5.14,12.5,29.0,0.4,0.0,12.8,0.9,3.3,14.9,41.4,0.1,2.4,0.4,35.5,42.0,1.0,15.6,0,49,1,A00651,A00651_2020-04-20,0,2020-04-20
98.1,93.6,409.0,3.09,9.8,33.3,0.2,0.0,13.3,12.1,0.3,10.3,4.4,0.0,12.9,0.2,34.0,30.3,0.6,1.5,1,63,1,A00252,A00252_2020-04-20,0,2020-04-20
91.4,57.2,343.0,3.7,10.4,31.1,0.8,0.0,12.2,6.4,0.4,11.5,35.2,0.0,11.2,0.2,34.0,33.8,3.9,7.0,0,57,0,A01260,A01260_2020-04-20,0,2020-04-20
86.6,90.2,447.0,5.0,10.1,27.6,0.9,0.0,14.1,12.1,0.0,13.8,3.1,0.0,13.4,0.1,31.9,43.3,0.4,6.6,0,79,1,A00793,A00793_2020-04-20,0,2020-04-20
99.0,56.8,200.0,3.85,10.9,31.9,0.7,0.0,13.8,2.8,3.8,12.3,24.3,0.2,5.0,0.4,32.3,38.1,1.2,14.7,0,79,1,A01385,A01385_2020-04-20,0,2020-04-20
86.9,93.6,330.0,2.97,11.2,27.9,0.4,0.0,16.9,21.0,0.0,8.3,4.4,0.0,22.4,0.2,32.2,25.8,1.0,1.8,0,78,1,A00893,A00893_2020-04-20,0,2020-04-20
83.5,56.0,301.0,4.8,10.7,27.9,0.2,0.0,12.8,3.1,0.2,13.4,40.0,0.0,5.6,0.2,33.4,40.1,2.2,3.6,0,37,0,A00192,A00192_2020-04-20,0,2020-04-20
86.5,37.1,166.0,3.79,8.5,27.7,0.1,0.0,16.1,1.4,0.8,10.5,58.0,0.0,3.7,0.3,32.0,32.8,2.1,3.8,0,64,1,A00522,A00522_2020-04-20,0,2020-04-20
91.0,67.6,134.0,2.9,12.4,27.9,0.7,0.1,15.2,4.9,8.7,8.1,13.5,0.6,7.3,0.7,30.7,26.4,1.0,9.5,0,81,0,A00316,A00316_2020-04-20,0,2020-04-20
92.1,44.8,225.0,4.19,11.2,30.5,0.6,0.1,13.6,3.3,4.4,12.8,41.2,0.3,7.4,0.9,33.2,38.6,3.0,8.7,0,76,1,A01378,A01378_2020-04-20,0,2020-04-20
71.7,78.9,624.0,4.77,11.2,20.5,1.6,0.1,21.1,14.5,2.1,9.8,9.4,0.4,18.4,0.8,28.7,34.2,1.7,8.8,1,69,1,A01129,A01129_2020-04-20,0,2020-04-20
85.5,75.9,175.0,5.03,10.9,29.6,0.6,0.1,11.7,9.0,1.4,14.9,17.5,0.2,11.8,0.5,34.7,43.0,2.1,4.7,0,22,0,A01311,A01311_2020-04-20,0,2020-04-20
94.0,96.4,132.0,3.64,11.8,30.8,0.4,0.1,17.2,26.9,0.0,11.2,2.0,0.0,27.9,0.3,32.7,34.2,0.6,1.3,1,80,1,A00341,A00341_2020-04-20,0,2020-04-20
93.93333333333334,,268.3333333333333,4.196666666666666,10.33333333333333,30.2,,,14.06666666666667,,,12.66666666666667,,,9.533333333333333,,32.13333333333333,39.43333333333333,,,1,50,1,A00798,A00798_2020-04-20,0,2020-04-20
90.4,78.2,345.0,4.69,10.0,30.7,0.5,0.0,11.9,5.0,0.2,14.4,13.3,0.0,6.4,0.2,34.0,42.4,0.9,8.1,0,56,1,A01313,A01313_2020-04-20,0,2020-04-20
86.75,87.0,80.0,3.025,12.2,28.6,0.3,0.0,20.1,3.9,0.0,8.65,6.0,0.0,4.1,0.0,32.95,26.25,0.3,7.0,0,82,1,A01117,A01117_2020-04-20,0,2020-04-20
86.1,65.3,179.0,4.59,11.2,28.8,0.7,0.1,14.8,4.9,1.9,13.2,23.2,0.1,7.5,0.9,33.4,39.5,1.7,8.7,0,58,1,A01556,A01556_2020-04-20,0,2020-04-20
90.7,42.5,320.0,4.92,9.9,29.9,0.5,0.1,12.3,2.8,4.5,14.7,43.9,0.3,6.7,1.0,33.0,44.6,2.9,8.1,0,59,0,A01472,A01472_2020-04-20,0,2020-04-20
93.1,67.0,235.0,2.89,10.4,31.1,0.7,0.0,14.0,6.2,7.3,9.0,18.1,0.7,9.2,0.2,33.5,26.9,1.7,7.4,0,76,1,A00726,A00726_2020-04-20,0,2020-04-20
83.3,68.3,764.0,3.48,10.2,27.9,1.1,0.1,13.9,7.4,2.0,9.7,19.1,0.2,10.9,0.7,33.4,29.0,2.1,9.9,0,32,0,A00725,A00725_2020-04-20,0,2020-04-20
94.7,62.5,339.0,3.79,10.4,29.0,0.8,0.1,15.1,5.2,10.3,11.0,16.6,0.9,8.3,1.0,30.6,35.9,1.4,9.6,1,56,1,A00050,A00050_2020-04-20,0,2020-04-20
100.3,,150.0,3.22,11.0,33.2,,,16.8,,,10.7,,,20.2,,33.1,32.3,,,1,79,1,A01577,A01577_2020-04-20,0,2020-04-20
87.6,70.5,212.0,4.66,10.7,30.3,0.8,0.0,12.7,5.7,2.8,14.1,16.5,0.2,8.1,0.2,34.6,40.8,1.3,10.0,0,76,1,A01234,A01234_2020-04-20,0,2020-04-20
92.2,37.3,578.0,3.99,10.7,29.6,0.3,0.1,16.3,1.5,1.7,11.8,52.3,0.1,4.1,1.5,32.1,36.8,2.1,7.2,0,53,0,A00024,A00024_2020-04-20,0,2020-04-20
85.4,54.2,162.0,4.31,10.3,28.8,0.8,0.0,13.3,4.6,0.4,12.4,36.0,0.0,8.5,0.2,33.7,36.8,3.1,9.2,0,60,1,A00465,A00465_2020-04-20,0,2020-04-20
81.4,77.1,294.0,5.1,10.6,28.4,0.5,0.0,13.2,4.7,0.0,14.5,13.9,0.0,6.1,0.2,34.9,41.5,0.8,8.8,1,55,1,A00785,A00785_2020-04-20,0,2020-04-20
97.3,72.2,236.0,2.93,9.1,30.0,0.5,0.0,15.8,4.1,2.8,8.8,16.3,0.2,5.7,0.4,30.9,28.5,0.9,8.3,0,78,0,A00931,A00931_2020-04-20,0,2020-04-20
59.6,70.6,222.0,5.57,,19.2,2.5,0.1,25.2,13.0,2.2,10.7,13.2,0.4,18.4,0.5,32.2,33.2,2.4,13.5,1,61,1,A00111,A00111_2020-04-20,0,2020-04-20
88.85,81.69999999999999,268.0,4.880000000000001,9.35,30.85,0.15,0.0,12.15,5.550000000000001,0.15,15.05,15.35,0.0,6.75,0.3,34.75,43.35,1.05,2.5,1,58,1,A01632,A01632_2020-04-20,0,2020-04-20
93.1,67.0,235.0,2.89,10.4,31.1,0.7,0.0,14.0,6.2,7.3,9.0,18.1,0.7,9.2,0.2,33.5,26.9,1.7,7.4,0,82,0,A00708,A00708_2020-04-20,0,2020-04-20
90.0,79.8,274.0,4.18,11.3,28.0,0.8,0.0,15.5,9.3,1.0,11.7,11.8,0.1,11.7,0.3,31.1,37.6,1.4,7.1,0,78,0,A00664,A00664_2020-04-20,0,2020-04-20
89.6,85.4,152.0,3.45,11.0,29.3,0.4,0.0,15.8,11.2,0.2,10.1,10.9,0.0,13.1,0.2,32.7,30.9,1.4,3.3,0,83,0,A00427,A00427_2020-04-20,0,2020-04-20
82.4,50.6,241.0,5.11,11.3,26.2,0.5,0.0,15.7,3.1,1.3,13.4,39.8,0.1,6.2,0.3,31.8,42.1,2.5,8.0,0,40,0,A01571,A01571_2020-04-20,0,2020-04-20
73.5,60.7,195.0,5.13,,23.0,0.6,0.0,21.7,3.7,2.1,11.8,27.3,0.1,6.1,0.8,31.3,37.7,1.7,9.1,0,69,1,A01412,A01412_2020-04-20,0,2020-04-20
91.6,,286.0,4.3,10.5,31.4,,,13.5,,,13.5,,,5.7,,34.3,39.4,,,0,86,0,A00504,A00504_2020-04-20,0,2020-04-20
93.5,83.7,170.0,4.78,9.3,33.3,0.7,0.0,11.9,8.1,0.5,15.9,8.2,0.0,9.7,0.4,35.6,44.7,0.8,7.2,0,79,1,A01250,A01250_2020-04-20,0,2020-04-20
84.8,36.2,634.0,4.73,10.0,29.8,0.5,0.1,12.3,1.6,2.8,14.1,47.4,0.1,4.3,1.4,35.2,40.1,2.0,12.2,0,50,1,A01235,A01235_2020-04-20,0,2020-04-20
89.5,59.4,112.0,3.72,12.3,29.0,0.3,0.0,13.3,1.8,2.2,10.8,28.8,0.1,3.1,0.3,32.4,33.3,0.9,9.3,0,78,0,A00485,A00485_2020-04-20,0,2020-04-20
78.6,68.7,337.0,4.68,9.7,25.0,0.5,0.1,19.5,6.0,4.3,11.7,20.0,0.4,8.8,1.0,31.8,36.8,1.8,6.0,0,34,0,A00611,A00611_2020-04-20,0,2020-04-20
92.2,46.4,205.0,4.23,10.7,31.0,0.5,0.0,14.8,2.8,7.3,13.1,37.9,0.4,6.0,0.7,33.6,39.0,2.3,7.7,0,89,0,A00638,A00638_2020-04-20,0,2020-04-20
94.0,84.6,268.0,4.35,10.1,31.7,0.7,0.0,16.1,10.5,1.1,13.8,8.6,0.1,12.4,0.2,33.7,40.9,1.1,5.5,0,88,1,A01112,A01112_2020-04-20,0,2020-04-20
85.8,79.0,241.0,5.0,11.1,25.4,0.6,0.0,18.1,6.0,0.0,12.7,12.4,0.0,7.6,0.1,29.6,42.9,0.9,8.5,0,89,0,A00909,A00909_2020-04-20,0,2020-04-20
78.3,67.6,334.0,5.02,9.7,24.3,0.3,0.0,17.2,5.0,0.4,12.2,27.1,0.0,7.4,0.3,31.0,39.3,2.0,4.6,0,33,0,A00309,A00309_2020-04-20,0,2020-04-20
91.9,71.4,445.0,3.85,11.5,28.1,1.0,0.2,15.0,10.0,5.8,10.8,14.6,0.8,14.0,1.1,30.5,35.4,2.0,7.1,1,56,1,A00717,A00717_2020-04-20,0,2020-04-20
88.2,90.85,178.0,3.72,10.75,29.45,0.8500000000000001,0.0,13.35,17.8,0.0,10.95,4.65,0.0,19.6,0.1,33.35,32.8,0.9,4.4,1,62,0,A01611,A01611_2020-04-20,0,2020-04-20
80.1,82.2,284.0,4.17,11.4,27.1,0.2,0.0,14.5,4.1,0.8,11.3,12.0,0.0,5.0,0.2,33.8,33.4,0.6,4.8,0,67,0,A01276,A01276_2020-04-20,0,2020-04-20
73.0,65.1,249.0,4.03,10.9,22.8,0.3,0.0,17.0,3.5,2.0,9.2,26.9,0.1,5.4,0.4,31.3,29.4,1.5,5.6,0,39,0,A00550,A00550_2020-04-20,0,2020-04-20
91.3,65.6,321.0,3.44,9.8,30.5,0.5,0.0,14.2,2.0,6.8,10.5,12.2,0.2,3.1,0.6,33.4,31.4,0.4,14.8,0,48,0,A00834,A00834_2020-04-20,0,2020-04-20
86.4,31.6,308.0,4.41,10.3,27.4,0.3,0.0,13.4,1.0,7.1,12.1,50.5,0.2,3.2,0.6,31.8,38.1,1.6,10.2,0,31,0,A01534,A01534_2020-04-20,0,2020-04-20
84.1,88.3,305.0,4.33,8.9,28.2,0.4,0.0,13.4,10.2,0.0,12.2,7.7,0.0,11.6,0.2,33.5,36.4,0.9,3.8,1,34,1,A00241,A00241_2020-04-20,0,2020-04-20
84.7,42.0,304.0,4.12,10.4,28.2,0.8,0.0,11.8,2.9,0.6,11.6,45.7,0.0,6.9,0.1,33.2,34.9,3.2,11.6,0,47,1,A01664,A01664_2020-04-20,0,2020-04-20
88.6,50.4,283.0,3.68,10.5,30.2,0.9,0.1,14.6,4.1,3.4,11.1,34.2,0.3,8.2,0.9,34.0,32.6,2.8,11.1,0,79,0,A01239,A01239_2020-04-20,0,2020-04-20
85.8,89.0,81.0,3.72,9.9,29.6,0.0,0.0,17.6,1.9,0.0,11.0,9.1,0.0,2.1,0.5,34.5,31.9,0.2,1.4,0,77,0,A00054,A00054_2020-04-20,0,2020-04-20
64.2,81.0,279.0,5.92,,20.6,0.5,0.0,17.2,7.8,0.2,12.2,13.0,0.0,9.6,0.4,32.1,38.0,1.2,5.4,0,70,0,A00150,A00150_2020-04-20,0,2020-04-20
85.7,75.7,319.0,4.41,9.1,28.3,1.2,0.0,14.9,7.3,1.3,12.5,10.7,0.1,9.6,0.3,33.1,37.8,1.0,12.0,0,91,1,A00743,A00743_2020-04-20,0,2020-04-20
91.4,54.0,281.0,3.7,10.3,29.7,0.7,0.0,13.1,2.7,5.4,11.0,26.4,0.3,5.0,0.8,32.5,33.8,1.3,13.4,0,68,0,A01663,A01663_2020-04-20,0,2020-04-20
92.0,63.3,29.0,3.13,,30.4,0.2,0.0,23.1,1.4,1.8,9.5,24.8,0.0,2.2,0.5,33.0,28.8,0.5,9.6,0,62,0,A00896,A00896_2020-04-20,0,2020-04-20
90.3,81.6,184.0,4.52,11.0,32.1,0.3,0.1,12.3,7.3,2.5,14.5,12.4,0.2,8.9,0.6,35.5,40.8,1.1,2.9,0,72,1,A01040,A01040_2020-04-20,0,2020-04-20
84.8,75.6,375.0,5.59,10.8,27.7,1.1,0.1,13.3,10.4,0.9,15.5,15.1,0.1,13.8,0.4,32.7,47.4,2.1,8.0,0,62,0,A00938,A00938_2020-04-20,0,2020-04-20
93.6,,281.0,4.22,10.5,30.8,,,13.9,,,13.0,,,17.9,,32.9,39.5,,,0,91,1,A01431,A01431_2020-04-20,0,2020-04-20
90.7,56.4,468.0,4.29,10.9,29.6,1.0,0.1,15.0,5.6,3.8,12.7,29.1,0.4,9.9,0.8,32.6,38.9,2.9,9.9,0,59,1,A00342,A00342_2020-04-20,0,2020-04-20
90.7,39.2,225.0,3.34,8.4,30.2,0.4,0.0,17.3,1.6,5.0,10.1,46.9,0.2,4.2,0.5,33.3,30.3,2.0,8.4,0,62,0,A00306,A00306_2020-04-20,0,2020-04-20
66.9,,171.0,6.61,,20.1,,,17.8,,,13.3,,,8.8,,30.1,44.2,,,0,83,1,A00969,A00969_2020-04-20,0,2020-04-20
90.4,58.1,102.5,4.05,9.95,31.1,0.3,0.0,12.8,2.3,2.0,12.6,31.5,0.1,4.0,0.8,34.4,36.6,1.3,7.6,0,60,1,A00774,A00774_2020-04-20,0,2020-04-20
90.9,60.9,441.0,3.63,9.8,30.3,0.5,0.0,14.4,5.6,4.3,11.0,29.4,0.4,9.2,0.3,33.3,33.0,2.7,5.1,0,54,1,A01478,A01478_2020-04-20,0,2020-04-20
86.2,78.1,233.0,4.92,9.9,28.3,0.2,0.0,13.3,5.9,0.0,13.9,18.6,0.0,7.5,0.1,32.8,42.4,1.4,3.2,1,49,1,A00590,A00590_2020-04-20,0,2020-04-20
93.3,86.6,149.0,3.13,12.7,29.7,1.0,0.1,13.6,11.0,1.8,9.3,2.8,0.2,12.7,0.6,31.8,29.2,0.4,8.2,1,80,1,A01314,A01314_2020-04-20,1,2020-04-20
87.2,74.8,170.0,3.28,11.6,27.7,1.2,0.0,16.7,8.1,1.2,9.1,12.9,0.1,10.8,0.1,31.8,28.6,1.4,11.0,0,79,1,A01169,A01169_2020-04-20,0,2020-04-20
87.8,50.7,262.0,4.18,10.4,29.9,0.7,0.1,13.3,2.6,4.0,12.5,30.6,0.2,5.2,1.2,34.1,36.7,1.6,13.5,0,59,1,A00526,A00526_2020-04-20,0,2020-04-20
91.8,59.0,251.0,4.39,9.8,30.5,0.7,0.1,12.8,3.8,2.9,13.4,26.9,0.2,6.5,0.9,33.3,40.3,1.7,10.3,0,44,0,A00727,A00727_2020-04-20,0,2020-04-20
90.6,67.3,213.5,3.725,9.0,29.0,0.3,0.0,12.85,2.25,0.15,10.8,23.7,0.0,3.3,0.0,31.95,33.75,0.75,8.85,0,58,0,A00844,A00844_2020-04-20,0,2020-04-20
82.8,78.8,194.0,4.76,8.6,29.0,0.9,0.0,11.9,8.2,0.2,13.8,12.6,0.0,10.4,0.2,35.0,39.4,1.3,8.2,0,25,1,A01540,A01540_2020-04-20,0,2020-04-20
77.05,,312.25,4.3375,10.15,26.375,,,15.5,,,11.425,,,17.55,,34.175,33.425,,,1,70,1,A00404,A00404_2020-04-20,0,2020-04-20
82.7,74.2,252.0,5.44,9.5,29.2,0.5,0.0,12.0,6.6,0.1,15.9,19.8,0.0,8.9,0.3,35.3,45.0,1.8,5.6,0,26,1,A01208,A01208_2020-04-20,0,2020-04-20
92.8,79.9,154.0,3.61,12.3,32.7,0.4,0.0,15.9,5.7,4.1,11.8,9.6,0.3,7.1,0.6,35.2,33.5,0.7,5.8,0,56,1,A01480,A01480_2020-04-20,0,2020-04-20
93.9,35.5,126.0,3.8,10.8,31.6,0.9,0.0,18.3,2.9,1.2,12.0,51.5,0.1,8.1,0.6,33.6,35.7,4.2,11.2,0,76,1,A00379,A00379_2020-04-20,0,2020-04-20
93.8,80.1,315.0,3.39,11.9,29.5,1.4,0.1,15.4,13.8,4.8,10.0,6.5,0.8,17.2,0.3,31.4,31.8,1.1,8.3,1,63,1,A01125,A01125_2020-04-20,0,2020-04-20
92.9,77.0,105.0,3.38,10.9,32.0,0.2,0.0,14.6,4.4,0.4,10.8,18.3,0.0,5.7,0.4,34.4,31.4,1.0,3.9,0,82,0,A00989,A00989_2020-04-20,0,2020-04-20
84.0,,220.0,4.62,10.2,27.3,,,12.9,,,12.6,,,7.5,,32.5,38.8,,,0,71,0,A00824,A00824_2020-04-20,0,2020-04-20
83.6,48.2,113.0,3.77,10.3,27.3,0.2,0.0,13.2,1.8,9.4,10.3,36.3,0.3,3.7,0.5,32.7,31.5,1.3,5.6,0,86,1,A01437,A01437_2020-04-20,0,2020-04-20
81.1,45.3,244.0,4.66,10.4,26.2,0.7,0.1,16.8,3.5,1.4,12.2,42.8,0.1,7.7,0.8,32.3,37.8,3.3,9.7,0,65,0,A01535,A01535_2020-04-20,0,2020-04-20
88.1,90.2,352.0,3.44,9.5,28.5,0.9,0.1,16.2,15.4,0.6,9.8,3.8,0.1,17.1,0.3,32.3,30.3,0.6,5.1,0,73,1,A01381,A01381_2020-04-20,0,2020-04-20
89.1,57.5,130.0,3.38,10.5,28.1,0.3,0.0,15.9,2.0,3.5,9.5,29.4,0.1,3.4,0.6,31.6,30.1,1.0,9.0,0,75,1,A00692,A00692_2020-04-20,0,2020-04-20
90.6,56.8,330.0,3.31,9.4,29.6,0.4,0.0,16.0,1.9,2.1,9.8,27.7,0.1,3.3,0.6,32.7,30.0,0.9,12.8,0,87,0,A01615,A01615_2020-04-20,0,2020-04-20
93.9,52.1,215.0,4.11,10.4,32.4,0.8,0.1,13.9,3.9,10.3,13.3,26.3,0.8,7.4,0.9,34.5,38.6,1.9,10.4,0,68,1,A01561,A01561_2020-04-20,0,2020-04-20
77.2,42.3,331.0,3.91,12.9,24.3,0.5,0.1,19.3,1.9,0.2,9.5,43.6,0.0,4.5,3.1,31.5,30.2,2.0,10.8,0,64,0,A01660,A01660_2020-04-20,0,2020-04-20
82.9,83.3,379.0,4.5,10.6,28.7,0.3,0.0,13.2,3.4,0.0,12.9,10.3,0.0,4.1,0.0,34.6,37.3,0.4,6.4,1,55,1,A00785,A00785_2020-04-21,0,2020-04-21
97.55000000000001,91.9,232.5,3.45,10.8,29.85,0.9,0.1,14.55,12.9,0.0,10.3,1.1,0.0,16.8,0.6,30.6,33.65000000000001,0.2,6.4,0,73,1,A00211,A00211_2020-04-21,0,2020-04-21
89.9,66.1,387.0,3.67,10.6,28.9,0.4,0.1,15.5,4.7,4.4,10.6,22.6,0.3,7.1,1.1,32.1,33.0,1.6,5.8,0,38,1,A00443,A00443_2020-04-21,0,2020-04-21
90.7,60.2,221.0,3.88,10.7,30.7,1.2,0.0,12.9,4.6,1.7,11.9,21.8,0.1,7.6,0.4,33.8,35.2,1.7,15.9,0,80,1,A00696,A00696_2020-04-21,0,2020-04-21
86.8,74.5,313.0,3.86,9.7,28.2,1.3,0.0,15.0,7.5,1.4,10.9,11.3,0.1,10.0,0.3,32.5,33.5,1.1,12.5,0,91,1,A00743,A00743_2020-04-21,0,2020-04-21
90.6,,275.0,4.81,11.3,31.4,,,12.8,,,15.1,,,21.7,,34.6,43.6,,,0,68,1,A00698,A00698_2020-04-21,0,2020-04-21
78.9,,268.0,5.3,13.2,28.1,,,14.8,,,14.9,,,9.6,,35.6,41.8,,,0,15,1,A00354,A00354_2020-04-21,0,2020-04-21
89.1,60.2,141.0,4.42,10.5,30.5,1.0,0.0,13.4,3.7,2.1,13.5,20.9,0.1,6.1,0.2,34.3,39.4,1.3,16.6,0,78,1,A00670,A00670_2020-04-21,0,2020-04-21
78.8,73.25,157.0,5.275,11.25,23.9,0.4,0.0,17.85,4.55,0.05,12.6,20.35,0.0,6.25,0.3,30.3,41.6,1.3,6.050000000000001,0,84,1,A01224,A01224_2020-04-21,0,2020-04-21
92.3,73.6,550.0,3.78,9.2,29.9,1.7,0.0,15.9,12.5,0.1,11.3,16.0,0.0,17.0,0.2,32.4,34.9,2.7,10.1,0,56,1,A00530,A00530_2020-04-21,0,2020-04-21
85.5,38.2,710.0,4.61,10.0,29.5,0.5,0.1,12.4,1.8,1.7,13.6,48.0,0.1,4.7,1.7,34.5,39.4,2.3,10.4,0,50,1,A01235,A01235_2020-04-21,0,2020-04-21
90.6,65.9,524.0,4.34,9.3,29.0,0.6,0.1,15.9,4.4,2.0,12.6,21.9,0.1,6.7,0.9,32.1,39.3,1.5,9.3,0,76,0,A00329,A00329_2020-04-21,0,2020-04-21
93.4,88.6,235.0,3.79,10.7,31.1,0.7,0.0,14.0,15.3,0.0,11.8,7.0,0.0,17.3,0.1,33.3,35.4,1.2,4.3,0,91,1,A01431,A01431_2020-04-21,0,2020-04-21
87.9,55.5,45.0,3.96,10.5,30.6,0.3,0.0,12.9,1.9,3.1,12.1,32.3,0.1,3.5,0.6,34.8,34.8,1.1,8.5,0,60,1,A00774,A00774_2020-04-21,0,2020-04-21
60.0,68.6,209.0,5.37,,18.8,2.3,0.1,25.2,12.4,3.4,10.1,14.5,0.6,18.1,0.6,31.4,32.2,2.6,12.9,1,61,1,A00111,A00111_2020-04-21,0,2020-04-21
90.4,43.7,205.0,4.92,9.2,32.1,0.5,0.0,12.2,3.1,1.9,15.8,47.1,0.1,7.2,0.6,35.5,44.5,3.4,6.7,0,54,1,A00360,A00360_2020-04-21,0,2020-04-21
81.4,65.7,267.0,4.85,10.6,28.2,0.5,0.0,14.7,4.3,1.2,13.7,24.4,0.1,6.6,0.5,34.7,39.5,1.6,8.2,0,55,1,A01445,A01445_2020-04-21,0,2020-04-21
75.3,58.0,175.0,4.97,,23.1,0.5,0.0,22.4,3.1,1.7,11.5,29.7,0.1,5.4,0.6,30.7,37.4,1.6,10.0,0,69,1,A01412,A01412_2020-04-21,0,2020-04-21
90.4,48.8,248.0,4.36,9.5,31.0,1.1,0.1,12.2,2.8,2.4,13.5,28.4,0.1,5.7,0.9,34.3,39.4,1.6,19.5,0,66,1,A01461,A01461_2020-04-21,0,2020-04-21
86.3,64.9,93.0,4.02,10.8,30.3,0.5,0.0,14.0,2.7,3.2,12.2,20.0,0.1,4.1,0.5,35.2,34.7,0.8,11.4,0,81,1,A00650,A00650_2020-04-21,0,2020-04-21
85.9,59.5,551.0,4.18,8.6,28.9,0.8,0.0,14.6,4.9,2.2,12.1,27.6,0.2,8.2,0.4,33.7,35.9,2.3,10.3,0,53,0,A01620,A01620_2020-04-21,0,2020-04-21
83.0,59.7,297.5,5.255,10.05,26.9,0.5,0.0,12.7,3.3,1.15,14.15,29.45,0.05,5.5,0.25,32.45,43.6,1.6,9.45,0,36,1,A01514,A01514_2020-04-21,0,2020-04-21
93.1,49.1,174.0,3.62,11.1,29.6,0.7,0.0,13.1,2.4,0.0,10.7,36.4,0.0,4.9,1.0,31.8,33.7,1.8,13.5,0,82,0,A00991,A00991_2020-04-21,0,2020-04-21
88.7,85.6,233.0,3.26,11.1,30.1,0.5,0.0,13.5,7.2,0.9,9.8,7.2,0.1,8.4,0.4,33.9,28.9,0.6,5.9,0,86,0,A00424,A00424_2020-04-21,0,2020-04-21
80.8,59.4,314.0,5.51,10.8,25.8,0.5,0.0,12.0,4.3,1.1,14.2,32.2,0.1,7.2,0.4,31.9,44.5,2.3,6.9,0,48,1,A00794,A00794_2020-04-21,0,2020-04-21
75.5,37.1,309.0,6.4,8.6,25.0,0.9,0.0,13.2,2.9,3.7,16.0,47.6,0.3,7.8,0.5,33.1,48.3,3.7,11.1,0,36,1,A00707,A00707_2020-04-21,0,2020-04-21
93.9,13.8,176.0,4.26,11.2,31.5,0.6,0.0,12.9,0.5,2.6,13.4,65.4,0.1,3.4,1.2,33.5,40.0,2.2,17.0,0,66,1,A00521,A00521_2020-04-21,0,2020-04-21
93.0,56.5,256.0,3.99,10.6,30.1,0.9,0.0,12.9,2.7,2.7,12.0,21.7,0.1,4.8,0.2,32.3,37.1,1.0,18.9,0,70,1,A00825,A00825_2020-04-21,0,2020-04-21
77.56666666666668,,254.6666666666667,4.06,10.53333333333333,26.3,,,15.53333333333333,,,10.66666666666667,,,18.9,,33.9,31.5,,,1,70,1,A00404,A00404_2020-04-21,0,2020-04-21
93.8,82.6,419.0,4.02,11.5,28.6,1.3,0.1,14.6,17.8,1.5,11.5,9.3,0.3,21.5,0.5,30.5,37.7,2.0,6.1,1,56,1,A00717,A00717_2020-04-21,0,2020-04-21
84.5,84.8,316.0,5.36,10.0,29.5,0.7,0.0,12.6,8.6,0.0,15.8,8.1,0.0,10.2,0.1,34.9,45.3,0.8,7.0,0,61,1,A00769,A00769_2020-04-21,0,2020-04-21
84.3,85.5,59.0,4.066666666666666,11.5,28.56666666666667,0.1,0.0,18.8,2.75,0.0,11.63333333333333,10.55,0.0,3.533333333333333,0.45,33.9,34.33333333333334,0.35,3.5,0,82,1,A01117,A01117_2020-04-21,0,2020-04-21
89.7,49.0,206.0,4.37,12.0,29.7,0.5,0.0,12.4,2.3,2.3,13.0,37.9,0.1,4.7,0.2,33.2,39.2,1.8,10.6,0,76,0,A00384,A00384_2020-04-21,0,2020-04-21
97.6,,124.0,3.75,10.9,33.1,,,14.5,,,12.4,,,7.4,,33.9,36.6,,,0,70,1,A00238,A00238_2020-04-21,0,2020-04-21
87.3,62.1,327.0,5.19,10.1,29.9,0.5,0.1,12.5,6.8,3.1,15.5,28.9,0.3,10.9,1.2,34.2,45.3,3.2,4.7,0,47,0,A00534,A00534_2020-04-21,0,2020-04-21
92.2,63.2,334.0,3.74,10.5,29.4,0.8,0.1,14.9,6.0,8.2,11.0,19.5,0.8,9.5,0.7,31.9,34.5,1.9,8.4,1,56,1,A00050,A00050_2020-04-21,0,2020-04-21
84.7,,685.0,3.13,9.7,28.1,,,13.6,,,8.8,,,12.9,,33.2,26.5,,,0,32,0,A00725,A00725_2020-04-21,0,2020-04-21
98.2,76.4,178.0,3.79,10.6,30.9,0.7,0.0,17.2,7.9,0.4,11.7,16.0,0.0,10.3,0.4,31.5,37.2,1.6,6.8,0,71,1,A00271,A00271_2020-04-21,0,2020-04-21
90.9,63.2,151.0,3.31,11.3,33.2,0.6,0.0,15.9,4.1,13.8,11.0,13.8,0.9,6.5,0.5,36.5,30.1,0.9,8.7,0,56,1,A01480,A01480_2020-04-21,0,2020-04-21
87.9,82.9,62.0,4.22,9.1,29.9,0.1,0.0,18.3,0.9,0.9,12.6,8.1,0.0,1.1,0.9,34.0,37.1,0.1,7.2,0,77,0,A00054,A00054_2020-04-21,0,2020-04-21
101.6,69.0,147.0,3.73,11.1,34.6,0.4,0.0,13.3,2.6,2.6,12.9,18.5,0.1,3.8,0.5,34.0,37.9,0.7,9.4,1,72,0,A00371,A00371_2020-04-21,0,2020-04-21
70.8,77.2,594.0,4.63,10.9,20.3,1.7,0.1,21.2,14.0,2.3,9.4,10.1,0.4,18.1,0.8,28.7,32.8,1.8,9.6,1,69,1,A01129,A01129_2020-04-21,0,2020-04-21
84.9,49.0,307.0,4.83,11.2,29.2,0.9,0.1,13.5,3.0,2.6,14.1,32.2,0.2,6.1,1.0,34.4,41.0,2.0,15.2,0,67,1,A00849,A00849_2020-04-21,0,2020-04-21
85.8,81.4,196.0,5.06,12.0,28.3,0.4,0.0,13.1,7.2,2.5,14.3,11.4,0.2,8.9,0.2,32.9,43.4,1.0,4.5,0,78,0,A01417,A01417_2020-04-21,0,2020-04-21
88.3,,122.0,3.68,10.9,30.4,,,15.7,,,11.2,,,9.6,,34.5,32.5,,,0,73,1,A00295,A00295_2020-04-21,0,2020-04-21
89.2,89.7,179.0,4.16,11.5,28.8,1.0,0.0,13.7,17.8,0.0,12.0,4.8,0.0,19.8,0.2,32.3,37.1,1.0,5.3,1,62,0,A01611,A01611_2020-04-21,0,2020-04-21
94.83333333333333,,219.6666666666667,4.043333333333334,10.33333333333333,30.23333333333333,,,14.3,,,12.23333333333333,,,10.63333333333333,,31.9,38.33333333333333,,,1,50,1,A00798,A00798_2020-04-21,0,2020-04-21
92.4,54.0,457.0,3.7,10.8,30.0,0.0,0.0,16.0,2.3,0.0,11.1,45.0,0.0,4.3,0.0,32.5,34.2,1.9,1.0,0,53,0,A00024,A00024_2020-04-21,0,2020-04-21
89.5,68.4,427.0,4.58,9.7,30.6,0.7,0.0,11.5,4.1,1.0,14.0,18.9,0.1,6.0,0.3,34.1,41.0,1.1,11.4,0,56,1,A01313,A01313_2020-04-21,0,2020-04-21
92.8,64.4,30.0,3.2,,30.6,0.2,0.0,22.7,1.5,1.3,9.8,25.0,0.0,2.4,0.4,33.0,29.7,0.6,8.9,0,62,0,A00896,A00896_2020-04-21,0,2020-04-21
90.7,71.8,356.0,3.21,9.7,29.9,0.5,0.0,13.3,5.3,0.9,9.6,19.9,0.1,7.4,0.4,33.0,29.1,1.5,7.0,0,71,1,A00039,A00039_2020-04-21,0,2020-04-21
81.6,63.5,335.0,5.71,8.9,28.0,0.4,0.0,12.7,4.3,0.6,16.0,29.2,0.0,6.8,0.3,34.3,46.6,2.0,6.4,0,46,1,A00339,A00339_2020-04-21,0,2020-04-21
88.3,64.3,249.0,4.02,10.5,28.6,0.4,0.0,12.4,4.2,5.8,11.5,22.9,0.4,6.6,0.5,32.4,35.5,1.5,6.5,0,50,0,A01511,A01511_2020-04-21,0,2020-04-21
84.8,60.3,291.0,4.55,10.6,28.1,0.8,0.0,14.6,6.5,2.4,12.8,29.9,0.3,10.8,0.4,33.2,38.6,3.2,7.0,0,53,0,A01354,A01354_2020-04-21,0,2020-04-21
92.2,,202.0,4.76,10.1,30.3,,,11.9,,,14.4,,,5.4,,32.8,43.9,,,0,74,0,A01610,A01610_2020-04-21,0,2020-04-21
93.8,95.4,114.0,3.38,12.2,29.6,0.7,0.1,16.6,31.0,0.0,10.0,2.3,0.0,32.5,0.2,31.5,31.7,0.7,2.1,1,80,1,A00341,A00341_2020-04-21,0,2020-04-21
95.4,81.3,334.0,3.47,12.2,28.8,1.4,0.1,14.5,15.4,4.6,10.0,6.2,0.9,19.0,0.5,30.2,33.1,1.2,7.4,1,63,1,A01125,A01125_2020-04-21,0,2020-04-21
89.5,,205.0,4.18,9.5,30.6,,,12.7,,,12.8,,,6.8,,34.2,37.4,,,0,41,0,A01497,A01497_2020-04-21,0,2020-04-21
87.1,56.8,257.0,3.42,10.2,29.5,1.1,0.1,13.9,4.1,1.5,10.1,25.2,0.1,7.2,1.3,33.9,29.8,1.8,15.2,0,69,1,A01287,A01287_2020-04-21,0,2020-04-21
96.0,77.6,352.0,3.46,10.4,31.2,0.7,0.1,13.4,7.8,0.5,10.8,14.1,0.1,10.1,0.5,32.5,33.2,1.4,7.3,0,34,1,A01367,A01367_2020-04-21,0,2020-04-21
99.0,60.4,168.0,4.19,11.5,33.2,0.6,0.0,13.2,4.6,0.0,13.9,31.3,0.0,7.6,0.4,33.5,41.5,2.4,7.9,0,81,1,A00744,A00744_2020-04-21,0,2020-04-21
79.8,76.1,187.0,5.16,14.2,25.6,1.0,0.0,13.3,6.8,0.0,13.2,12.8,0.0,9.0,0.3,32.0,41.2,1.2,10.8,0,37,0,A01574,A01574_2020-04-21,0,2020-04-21
87.7,58.9,157.0,4.15,14.2,28.7,1.1,0.0,16.1,5.5,4.1,11.9,25.2,0.4,9.3,0.3,32.7,36.4,2.3,11.5,0,93,0,A00224,A00224_2020-04-21,0,2020-04-21
98.0,,153.0,2.99,10.3,31.8,,,16.8,,,9.5,,,15.7,,32.4,29.3,,,1,79,1,A01577,A01577_2020-04-21,0,2020-04-21
90.6,34.9,173.0,4.91,10.7,30.1,0.8,0.1,14.6,1.4,5.4,14.8,37.5,0.2,4.1,1.5,33.3,44.5,1.5,20.7,0,60,1,A01271,A01271_2020-04-21,0,2020-04-21
92.95,89.95,268.5,3.92,9.75,31.1,0.5,0.0,16.1,8.3,0.25,12.2,4.1,0.0,9.2,0.2,33.5,36.45,0.4,5.5,0,88,1,A01112,A01112_2020-04-21,0,2020-04-21
99.8,94.7,383.5,2.655,10.1,31.65,0.1,0.0,13.5,13.2,0.3,8.4,3.9,0.0,14.2,0.1,31.7,26.5,0.5,1.0,1,63,1,A00252,A00252_2020-04-21,0,2020-04-21
85.0,81.75,281.5,4.745,10.2,27.6,0.3,0.0,13.2,7.35,0.0,13.1,14.9,0.0,9.0,0.15,32.5,40.34999999999999,1.35,3.2,1,49,1,A00590,A00590_2020-04-21,0,2020-04-21
118.1,,81.0,1.77,11.2,41.2,,,18.3,,,7.3,,,10.3,,34.9,20.9,,,0,83,0,A01484,A01484_2020-04-21,0,2020-04-21
,,,,,,,,,,,,,,,,,,,,0,86,1,A00446,A00446_2020-04-21,0,2020-04-21
85.3,91.1,392.0,4.23,9.6,28.4,0.3,0.0,13.4,7.5,0.0,12.0,5.5,0.0,8.2,0.1,33.2,36.1,0.5,3.3,1,34,1,A00241,A00241_2020-04-21,0,2020-04-21
92.8,93.0,205.0,3.19,12.8,31.0,0.8,0.1,13.9,16.9,0.0,9.9,2.0,0.0,18.2,0.4,33.4,29.6,0.4,4.6,1,80,1,A01314,A01314_2020-04-21,1,2020-04-21
87.9,68.9,272.0,4.63,10.2,30.2,0.6,0.0,12.8,4.8,3.6,14.0,17.9,0.2,6.9,0.3,34.4,40.7,1.2,9.3,0,76,1,A01234,A01234_2020-04-21,0,2020-04-21
84.4,66.4,295.0,4.67,11.3,28.5,0.5,0.1,13.8,5.2,3.4,13.3,22.8,0.3,7.9,0.9,33.8,39.4,1.8,6.5,0,29,0,A01471,A01471_2020-04-21,0,2020-04-21
81.3,83.3,310.0,4.02,8.8,25.6,0.4,0.0,15.0,9.8,2.6,10.3,10.2,0.3,11.8,0.4,31.5,32.7,1.2,3.5,0,49,0,A01603,A01603_2020-04-21,0,2020-04-21
67.3,65.3,171.0,6.37,,19.9,0.7,0.0,17.9,4.7,1.8,12.7,22.4,0.1,7.2,0.3,29.6,42.9,1.6,10.2,0,83,1,A00969,A00969_2020-04-21,0,2020-04-21
87.4,64.55,665.5,4.325,8.850000000000001,29.0,0.6,0.0,13.3,3.95,0.9,12.55,23.5,0.05,6.05,0.4,33.2,37.8,1.4,10.65,0,54,0,A01477,A01477_2020-04-21,0,2020-04-21
87.8,92.5,351.5,3.725,11.85,29.15,0.55,0.0,16.5,16.05,0.0,10.85,4.15,0.0,17.4,0.15,33.15000000000001,32.7,0.7,3.2,0,78,1,A00893,A00893_2020-04-21,0,2020-04-21
94.1,80.9,337.0,4.22,10.2,29.9,0.8,0.1,16.0,13.3,4.8,12.6,8.6,0.8,16.5,0.7,31.7,39.7,1.4,5.0,1,74,1,A00632,A00632_2020-04-21,0,2020-04-21
85.75,77.5,309.5,4.855,9.8,28.0,1.1,0.0,14.8,6.949999999999999,0.8,13.6,9.3,0.05,8.95,0.25,32.7,41.65000000000001,0.8,12.15,0,82,1,A01324,A01324_2020-04-21,0,2020-04-21
89.8,78.8,237.0,4.91,10.2,31.0,0.6,0.0,11.8,9.7,0.5,15.2,15.5,0.1,12.3,0.3,34.5,44.1,1.9,4.9,0,48,0,A01490,A01490_2020-04-21,0,2020-04-21
82.0,49.9,243.0,4.94,10.0,25.9,0.7,0.1,16.2,3.6,1.5,12.8,38.5,0.1,7.2,0.8,31.6,40.5,2.8,9.3,0,65,0,A01535,A01535_2020-04-21,0,2020-04-21
86.1,,186.0,3.59,10.9,27.9,,,13.1,,,10.0,,,9.4,,32.4,30.9,,,0,88,1,A01128,A01128_2020-04-21,0,2020-04-21
89.2,87.6,189.0,4.82,11.9,29.3,0.8,0.0,13.3,13.5,0.0,14.1,7.2,0.0,15.4,0.3,32.8,43.0,1.1,4.9,0,64,0,A01124,A01124_2020-04-21,0,2020-04-21
86.1,68.3,473.0,4.03,11.0,28.5,1.2,0.0,13.8,8.7,2.6,11.5,19.8,0.3,12.8,0.3,33.1,34.7,2.5,9.0,0,53,0,A01421,A01421_2020-04-21,0,2020-04-21
88.3,75.7,144.0,4.37,12.1,30.0,1.0,0.1,13.7,12.0,1.1,13.1,16.4,0.2,15.9,0.4,33.9,38.6,2.6,6.4,1,63,1,A01216,A01216_2020-04-21,0,2020-04-21
91.9,41.0,272.0,3.35,7.9,30.4,0.3,0.0,17.2,1.8,4.4,10.2,46.8,0.2,4.4,0.7,33.1,30.8,2.1,7.1,0,62,0,A00306,A00306_2020-04-21,0,2020-04-21
86.2,62.0,304.0,4.12,10.4,27.7,1.0,0.0,15.1,6.1,4.5,11.4,22.5,0.4,9.8,0.4,32.1,35.5,2.2,10.6,0,72,1,A00428,A00428_2020-04-21,0,2020-04-21
94.15,71.05,275.0,5.06,10.85,30.95,0.8500000000000001,0.0,13.1,7.05,1.65,15.65,18.25,0.2,9.9,0.35,32.85,47.65,1.8,8.7,0,86,1,A01226,A01226_2020-04-22,0,2020-04-22
92.6,80.2,356.0,3.36,11.4,29.5,1.4,0.1,14.6,13.8,0.3,9.9,11.0,0.1,17.2,0.3,31.8,31.1,1.9,8.2,1,56,1,A00717,A00717_2020-04-22,0,2020-04-22
95.6,71.6,181.0,3.67,11.0,32.2,0.4,0.0,15.7,5.4,0.4,11.8,22.7,0.0,7.5,0.4,33.6,35.1,1.7,4.9,0,82,0,A00989,A00989_2020-04-22,0,2020-04-22
84.4,64.2,216.0,4.49,11.1,27.2,0.6,0.0,12.5,4.5,2.4,12.2,25.0,0.2,7.0,0.4,32.2,37.9,1.8,8.0,0,79,0,A00508,A00508_2020-04-22,0,2020-04-22
60.4,83.0,220.0,4.97,,19.5,0.7,0.0,26.2,14.8,3.0,9.7,10.0,0.5,17.8,0.0,32.3,30.0,1.8,4.0,1,61,1,A00111,A00111_2020-04-22,0,2020-04-22
90.5,55.0,225.0,4.23,11.5,29.6,0.6,0.1,14.6,3.7,0.9,12.5,34.1,0.1,6.8,0.9,32.6,38.3,2.3,9.1,0,50,0,A01254,A01254_2020-04-22,0,2020-04-22
92.8,89.2,184.0,2.76,12.2,30.4,0.7,0.0,17.1,14.9,0.6,8.4,5.7,0.1,16.7,0.1,32.8,25.6,1.0,4.4,0,74,1,A01167,A01167_2020-04-22,0,2020-04-22
94.5,84.9,383.0,3.11,11.0,29.6,0.6,0.1,14.9,11.4,0.2,9.2,10.0,0.0,13.4,0.4,31.3,29.4,1.3,4.5,0,67,1,A00349,A00349_2020-04-22,0,2020-04-22
84.5,73.8,156.0,3.99,10.0,29.8,0.2,0.0,12.7,3.5,0.0,11.9,21.4,0.0,4.8,0.0,35.3,33.7,1.0,4.8,0,70,1,A00837,A00837_2020-04-22,0,2020-04-22
86.4,93.6,205.0,4.34,10.8,24.4,0.4,0.0,19.9,10.5,0.0,10.6,3.0,0.0,11.2,0.0,28.3,37.5,0.3,3.4,0,89,1,A00290,A00290_2020-04-22,0,2020-04-22
96.1,64.9,301.0,3.61,10.0,29.6,0.8,0.1,14.9,5.6,6.0,10.7,18.8,0.5,8.7,0.8,30.8,34.7,1.6,9.5,1,56,1,A00050,A00050_2020-04-22,0,2020-04-22
92.0,63.8,167.0,3.26,11.8,33.1,0.6,0.1,15.8,4.8,15.1,10.8,12.0,1.1,7.6,0.7,36.0,30.0,0.9,8.4,0,56,1,A01480,A01480_2020-04-22,0,2020-04-22
86.7,89.0,372.0,5.41,10.0,29.2,0.4,0.0,12.9,10.4,0.0,15.8,7.3,0.0,11.7,0.1,33.7,46.9,0.9,3.6,0,61,1,A00769,A00769_2020-04-22,0,2020-04-22
87.0,58.8,249.0,3.84,10.5,29.4,1.1,0.1,14.1,5.1,1.6,11.3,25.3,0.1,8.7,1.5,33.8,33.4,2.2,12.8,0,69,1,A01287,A01287_2020-04-22,0,2020-04-22
92.8,76.7,282.0,5.13,10.2,28.5,1.0,0.1,18.3,8.2,1.2,14.6,11.8,0.1,10.7,0.6,30.7,47.6,1.3,9.7,0,53,0,A01041,A01041_2020-04-22,0,2020-04-22
75.4,,426.0,4.95,9.9,24.2,,,15.4,,,12.0,,,6.3,,32.2,37.3,,,0,25,0,A01008,A01008_2020-04-22,0,2020-04-22
98.0,62.2,186.0,3.01,9.3,31.2,0.5,0.0,14.8,4.5,0.1,9.4,30.1,0.0,7.2,0.1,31.9,29.5,2.2,7.5,0,66,0,A01687,A01687_2020-04-22,0,2020-04-22
87.7,70.6,211.0,4.23,10.7,30.3,0.6,0.0,12.8,5.2,0.7,12.8,19.5,0.1,7.4,0.5,34.5,37.1,1.4,8.7,0,45,0,A01166,A01166_2020-04-22,0,2020-04-22
87.0,89.9,284.0,4.7,9.2,30.4,0.2,0.0,11.7,8.6,0.7,14.3,7.3,0.1,9.6,0.2,35.0,40.9,0.7,1.9,1,58,1,A01632,A01632_2020-04-22,0,2020-04-22
98.73333333333333,,198.0,3.766666666666667,10.73333333333333,30.26666666666667,,,14.26666666666667,,,11.4,,,10.23333333333333,,30.63333333333333,37.2,,,1,50,1,A00798,A00798_2020-04-22,0,2020-04-22
81.9,79.7,358.0,3.93,11.0,28.2,0.2,0.0,14.1,4.1,2.0,11.1,13.6,0.1,5.1,0.2,34.5,32.2,0.7,4.5,0,67,0,A01276,A01276_2020-04-22,0,2020-04-22
95.8,71.3,190.0,2.61,9.0,30.7,0.5,0.0,15.7,3.9,2.4,8.0,17.1,0.1,5.4,0.6,32.0,25.0,0.9,8.6,0,78,0,A00931,A00931_2020-04-22,0,2020-04-22
89.5,94.3,225.0,3.8,9.7,30.8,0.3,0.0,16.1,8.8,0.1,11.7,1.9,0.0,9.3,0.2,34.4,34.0,0.2,3.5,0,88,1,A01112,A01112_2020-04-22,0,2020-04-22
81.2,59.0,247.0,5.22,11.0,29.5,0.9,0.0,11.7,5.0,4.8,15.4,25.6,0.4,8.5,0.4,36.3,42.4,2.2,10.2,0,16,1,A01298,A01298_2020-04-22,0,2020-04-22
95.9,87.0,231.0,3.17,12.3,31.5,1.5,0.1,14.0,14.2,0.0,10.0,2.8,0.0,16.3,0.7,32.9,30.4,0.5,9.5,1,80,1,A01314,A01314_2020-04-22,1,2020-04-22
85.4,,326.0,4.24,9.8,27.4,,,16.3,,,11.6,,,27.0,,32.0,36.2,,,0,85,1,A00430,A00430_2020-04-22,0,2020-04-22
78.5,62.3,195.0,4.816666666666666,11.3,24.46666666666667,0.7,0.0,17.66666666666667,4.0,0.5,11.8,25.3,0.0,7.033333333333334,0.5,31.2,37.8,1.6,11.4,0,84,1,A01224,A01224_2020-04-22,0,2020-04-22
69.4,72.9,500.0,3.985,11.05,20.75,0.8,0.1,20.6,13.3,10.5,8.25,11.4,1.9,21.15,0.6,29.85,27.65,2.1,4.6,1,69,1,A01129,A01129_2020-04-22,0,2020-04-22
81.1,50.8,299.0,4.19,10.1,29.4,1.0,0.1,12.7,3.6,0.8,12.3,33.0,0.1,7.1,1.0,36.2,34.0,2.3,14.4,0,72,0,A01220,A01220_2020-04-22,0,2020-04-22
96.43333333333334,,136.3333333333333,2.826666666666667,9.966666666666667,32.33333333333334,,,16.9,,,9.133333333333335,,,13.6,,33.53333333333333,27.23333333333333,,,1,79,1,A01577,A01577_2020-04-22,0,2020-04-22
89.3,81.0,185.0,4.02,12.4,27.6,0.6,0.0,16.2,7.7,5.5,11.1,6.4,0.5,9.5,0.5,30.9,35.9,0.6,6.6,0,81,0,A00316,A00316_2020-04-22,0,2020-04-22
85.5,89.5,573.0,4.54,9.1,28.4,0.9,0.0,13.2,13.2,0.0,12.9,4.5,0.0,14.8,0.1,33.2,38.8,0.7,5.9,1,34,1,A00241,A00241_2020-04-22,0,2020-04-22
87.7,77.3,284.0,4.22,11.5,28.2,1.1,0.0,15.9,10.1,0.2,11.9,13.6,0.0,13.1,0.2,32.2,37.0,1.8,8.7,0,78,0,A00664,A00664_2020-04-22,0,2020-04-22
87.5,46.9,125.0,4.09,10.9,26.9,0.5,0.1,22.6,2.5,7.8,11.0,34.3,0.4,5.3,1.3,30.7,35.8,1.8,9.7,0,61,0,A00690,A00690_2020-04-22,0,2020-04-22
87.3,74.0,367.0,4.02,9.7,26.9,1.1,0.0,14.9,6.8,2.4,10.8,11.1,0.2,9.2,0.5,30.8,35.1,1.0,12.0,0,91,1,A00743,A00743_2020-04-22,0,2020-04-22
98.8,82.2,357.0,3.21,12.1,29.3,1.2,0.1,13.9,14.0,4.3,9.4,6.1,0.7,17.0,0.6,29.7,31.7,1.0,6.8,1,63,1,A01125,A01125_2020-04-22,0,2020-04-22
85.4,34.7,198.0,3.76,11.6,29.0,0.4,0.0,11.1,1.1,1.3,10.9,52.3,0.0,3.1,0.3,34.0,32.1,1.6,11.4,0,51,0,A01039,A01039_2020-04-22,0,2020-04-22
88.2,78.0,248.0,3.55,10.9,28.5,0.2,0.0,14.4,4.4,0.7,10.1,17.8,0.0,5.7,0.2,32.3,31.3,1.0,3.3,1,72,1,A00317,A00317_2020-04-22,0,2020-04-22
92.3,49.6,310.0,3.76,10.7,30.9,0.6,0.0,12.8,3.4,0.9,11.6,40.5,0.1,6.9,0.1,33.4,34.7,2.8,8.9,0,57,0,A01260,A01260_2020-04-22,0,2020-04-22
88.0,84.1,327.0,3.83,10.1,30.0,0.5,0.0,14.0,5.7,3.7,11.5,4.7,0.3,6.8,0.6,34.1,33.7,0.3,6.9,0,69,1,A00362,A00362_2020-04-22,0,2020-04-22
87.4,71.9,414.0,4.06,8.9,29.6,0.5,0.0,13.3,5.7,0.8,12.0,20.9,0.1,7.9,0.4,33.8,35.5,1.7,6.0,0,53,1,A00352,A00352_2020-04-22,0,2020-04-22
66.0,68.7,156.0,6.03,,20.2,0.6,0.0,16.6,4.7,2.9,12.2,19.3,0.2,6.9,0.4,30.7,39.8,1.3,8.7,0,83,1,A00969,A00969_2020-04-22,0,2020-04-22
89.5,51.3,420.0,3.99,10.3,30.1,0.6,0.1,12.0,2.9,1.6,12.0,35.7,0.1,5.6,0.9,33.6,35.7,2.0,10.5,0,47,0,A00533,A00533_2020-04-22,0,2020-04-22
86.2,70.4,380.0,3.62,9.8,27.9,0.5,0.0,14.3,6.3,3.8,10.1,19.3,0.3,9.0,0.4,32.4,31.2,1.7,6.1,0,50,0,A01025,A01025_2020-04-22,0,2020-04-22
78.1,88.3,375.0,2.15,12.1,22.3,0.9,0.0,19.1,9.5,0.0,4.8,3.2,0.0,10.8,0.2,28.6,16.8,0.3,8.3,0,87,0,A00966,A00966_2020-04-22,0,2020-04-22
90.9,96.3,109.0,3.19,12.7,31.0,0.6,0.1,16.8,32.5,0.0,9.9,1.6,0.0,33.7,0.2,34.1,29.0,0.5,1.9,1,80,1,A00341,A00341_2020-04-22,0,2020-04-22
86.7,47.1,223.0,3.99,11.1,29.8,0.5,0.1,13.3,2.7,9.6,11.9,32.3,0.5,5.7,1.4,34.4,34.6,1.8,9.6,0,46,0,A00048,A00048_2020-04-22,0,2020-04-22
86.69999999999999,87.6,104.0,3.995,11.8,29.5,1.2,0.0,14.3,13.1,0.0,11.8,4.5,0.0,13.3,0.1,34.05,34.65,0.7,7.8,1,63,1,A01216,A01216_2020-04-22,0,2020-04-22
86.2,80.3,561.0,4.56,9.9,27.9,1.4,0.1,13.4,12.6,1.4,12.7,8.9,0.2,15.7,0.6,32.3,39.3,1.4,8.8,1,75,1,A01565,A01565_2020-04-22,0,2020-04-22
94.3,81.4,305.0,4.23,9.5,30.7,0.7,0.0,16.2,12.5,5.7,13.0,8.0,0.9,15.4,0.3,32.6,39.9,1.2,4.6,1,74,1,A00632,A00632_2020-04-22,0,2020-04-22
103.9,89.5,57.0,2.56,12.4,37.3,0.1,0.0,25.2,6.25,0.0,9.55,4.5,0.0,7.05,0.0,35.9,26.6,0.35,1.0,0,83,0,A01484,A01484_2020-04-22,0,2020-04-22
100.7,91.3,414.0,2.7,10.3,31.9,0.3,0.0,13.8,13.4,0.2,8.6,6.0,0.0,14.7,0.2,31.6,27.2,0.9,2.3,1,63,1,A00252,A00252_2020-04-22,0,2020-04-22
92.3,,408.0,4.03,9.8,31.0,,,15.7,,,12.5,,,6.7,,33.6,37.2,,,0,80,0,A01278,A01278_2020-04-22,0,2020-04-22
90.0,89.1,194.0,4.0,11.7,30.0,0.8,0.0,14.0,17.6,0.5,12.0,6.3,0.1,19.8,0.1,33.3,36.0,1.2,4.0,1,62,0,A01611,A01611_2020-04-22,0,2020-04-22
78.2,,227.0,4.35,10.7,27.1,,,15.4,,,11.8,,,18.1,,34.7,34.0,,,1,70,1,A00404,A00404_2020-04-22,0,2020-04-22
94.4,75.9,215.0,3.75,10.5,32.3,0.6,0.0,12.7,6.1,4.3,12.1,11.4,0.3,8.1,0.6,34.2,35.4,0.9,7.8,0,40,0,A01398,A01398_2020-04-22,0,2020-04-22
95.6,13.6,24.5,2.63,12.65,33.45,0.15,0.0,12.95,0.25,7.2,8.8,69.94999999999999,0.1,1.55,0.25,35.0,25.15,1.05,9.0,0,42,1,A01450,A01450_2020-04-22,0,2020-04-22
89.5,48.96666666666666,19.33333333333333,3.713333333333333,10.9,30.03333333333333,0.2333333333333333,0.0,17.06666666666667,0.7666666666666666,1.633333333333334,11.16666666666667,35.03333333333333,0.0,1.633333333333334,1.133333333333334,33.6,33.2,0.6,13.23333333333333,0,77,0,A00054,A00054_2020-04-22,0,2020-04-22
71.0,86.3,481.0,4.38,9.9,21.2,0.5,0.0,19.9,9.8,0.0,9.3,9.0,0.0,11.3,0.1,29.9,31.1,1.0,4.6,0,65,1,A00075,A00075_2020-04-22,0,2020-04-22
84.3,83.2,315.0,5.21,10.9,28.0,0.5,0.0,13.2,9.5,0.4,14.6,11.2,0.0,11.4,0.4,33.3,43.9,1.3,4.8,0,62,0,A00938,A00938_2020-04-22,0,2020-04-22
82.1,55.6,294.0,5.25,9.4,29.1,0.9,0.1,11.3,4.9,1.5,15.3,32.4,0.1,8.9,0.7,35.5,43.1,2.9,9.8,0,31,1,A00356,A00356_2020-04-22,0,2020-04-22
92.9,43.2,486.0,4.08,10.4,31.6,0.4,0.1,12.5,2.0,1.7,12.9,44.3,0.1,4.7,1.7,34.0,37.9,2.1,9.1,0,62,0,A01608,A01608_2020-04-22,0,2020-04-22
84.3,84.4,356.0,4.02,9.2,27.9,1.3,0.0,14.7,10.8,0.0,11.2,4.9,0.0,12.8,0.2,33.0,33.9,0.6,10.5,0,74,1,A00905,A00905_2020-04-22,0,2020-04-22
103.8,54.5,260.0,3.45,9.1,35.1,0.7,0.0,14.5,2.5,0.0,12.1,29.9,0.0,4.6,0.4,33.8,35.8,1.4,15.2,0,63,0,A01191,A01191_2020-04-22,0,2020-04-22
83.85,79.25,162.5,4.795,12.45,28.25,0.55,0.0,12.75,7.050000000000001,2.35,13.55,11.95,0.2,8.9,0.35,33.7,40.2,1.05,6.1,0,78,0,A01417,A01417_2020-04-22,0,2020-04-22
84.6,84.1,449.0,4.93,11.2,28.2,0.5,0.0,13.4,4.6,0.0,13.9,7.1,0.0,5.5,0.2,33.3,41.7,0.4,8.6,1,55,1,A00785,A00785_2020-04-22,0,2020-04-22
87.0,61.9,461.0,3.47,11.2,28.8,0.9,0.0,14.1,6.9,3.5,10.0,26.1,0.4,11.2,0.3,33.1,30.2,2.9,8.2,0,53,0,A01421,A01421_2020-04-22,0,2020-04-22
87.2,84.4,477.0,4.69,11.2,30.3,0.1,0.0,11.9,8.2,0.0,14.2,14.0,0.0,9.7,0.4,34.7,40.9,1.4,1.2,0,43,0,A01428,A01428_2020-04-22,0,2020-04-22
90.3,77.6,242.0,3.92,10.1,28.8,1.3,0.0,15.0,7.6,0.1,11.3,8.9,0.0,9.8,0.2,31.9,35.4,0.9,13.2,0,82,1,A01324,A01324_2020-04-22,0,2020-04-22
90.3,84.1,162.0,4.66,10.8,31.8,0.4,0.1,12.3,9.5,1.6,14.8,10.2,0.2,11.3,0.8,35.2,42.1,1.2,3.3,0,72,1,A01040,A01040_2020-04-22,0,2020-04-22
90.9,79.9,165.0,4.18,12.4,30.4,1.1,0.0,13.3,10.3,0.2,12.7,11.0,0.0,12.9,0.2,33.4,38.0,1.4,8.7,0,64,0,A01124,A01124_2020-04-22,0,2020-04-22
89.6,60.6,112.0,3.86,10.8,30.1,0.5,0.0,14.5,2.7,3.6,11.6,24.9,0.2,4.4,0.5,33.5,34.6,1.1,10.4,0,81,1,A00650,A00650_2020-04-22,0,2020-04-22
94.1,82.0,300.0,4.6,10.0,30.9,0.3,0.0,13.1,9.7,0.0,14.2,15.5,0.0,11.8,0.3,32.8,43.3,1.8,2.2,0,33,0,A00848,A00848_2020-04-22,0,2020-04-22
98.7,90.4,201.0,3.02,10.9,31.1,1.2,0.0,14.9,13.7,0.0,9.4,1.5,0.0,15.1,0.3,31.5,29.8,0.2,7.8,0,73,1,A00211,A00211_2020-04-22,0,2020-04-22
86.0,56.0,556.0,3.44,8.9,28.5,1.1,0.0,11.6,4.1,1.8,9.8,27.2,0.1,7.3,0.5,33.1,29.6,2.0,14.5,0,42,0,A00467,A00467_2020-04-22,0,2020-04-22
,,,,,,,,,,,,,,,,,,,,0,15,1,A00354,A00354_2020-04-22,0,2020-04-22
88.0,64.6,194.0,4.65,10.2,30.5,0.9,0.0,13.2,4.1,2.0,14.2,18.9,0.1,6.4,0.3,34.7,40.9,1.2,14.2,0,78,1,A00670,A00670_2020-04-23,0,2020-04-23
90.0,81.3,201.0,4.72,10.9,32.2,0.4,0.1,12.3,8.9,1.6,15.2,12.3,0.2,11.0,0.8,35.8,42.5,1.4,4.0,0,72,1,A01040,A01040_2020-04-23,0,2020-04-23
91.0,94.8,191.0,3.44,10.1,30.8,0.5,0.0,16.5,13.9,0.0,10.6,1.8,0.0,14.7,0.1,33.9,31.3,0.3,3.3,0,88,1,A01112,A01112_2020-04-23,0,2020-04-23
72.7,62.0,306.0,5.05,10.4,23.2,0.5,0.0,16.5,4.8,0.7,11.7,30.8,0.1,7.7,0.1,31.9,36.7,2.4,6.4,0,51,0,A00749,A00749_2020-04-23,0,2020-04-23
91.7,79.7,380.0,4.56,10.3,30.9,0.5,0.1,13.5,5.6,1.3,14.1,10.5,0.1,7.0,1.0,33.7,41.8,0.7,7.5,0,86,0,A00424,A00424_2020-04-23,0,2020-04-23
96.4,73.8,386.0,3.62,10.8,31.2,0.8,0.1,13.5,6.5,0.2,11.3,16.5,0.0,8.8,0.7,32.4,34.9,1.5,8.8,0,34,1,A01367,A01367_2020-04-23,0,2020-04-23
101.8,92.6,470.0,2.48,10.85,32.05,0.4,0.1,14.2,15.4,0.0,7.95,4.8,0.0,19.2,0.4,31.5,25.25,0.8,2.2,1,63,1,A00252,A00252_2020-04-23,0,2020-04-23
90.7,66.4,429.0,3.67,9.9,30.0,0.6,0.0,14.1,7.9,2.2,11.0,25.9,0.3,11.9,0.3,33.0,33.3,3.1,5.2,0,54,1,A01478,A01478_2020-04-23,0,2020-04-23
91.9,51.1,333.0,2.96,9.8,28.7,1.1,0.1,13.6,5.0,5.4,8.5,30.8,0.5,9.7,1.2,31.3,27.2,3.0,11.5,0,61,1,A01084,A01084_2020-04-23,0,2020-04-23
98.6,78.4,366.0,2.91,12.3,29.2,1.2,0.0,13.7,12.2,5.0,8.5,8.7,0.8,15.6,0.3,29.6,28.7,1.4,7.6,1,63,1,A01125,A01125_2020-04-23,0,2020-04-23
85.8,67.5,275.0,3.32,11.1,26.8,1.0,0.0,17.2,5.9,3.4,8.9,17.2,0.3,8.8,0.5,31.2,28.5,1.5,11.4,0,70,1,A01464,A01464_2020-04-23,0,2020-04-23
98.2,44.8,296.0,3.34,9.8,30.8,0.3,0.0,14.1,1.7,5.6,10.3,39.7,0.2,3.9,1.0,31.4,32.8,1.5,8.9,0,88,0,A00972,A00972_2020-04-23,0,2020-04-23
84.5,36.5,66.0,3.3,10.6,27.6,0.2,0.0,13.2,1.3,12.7,9.1,44.4,0.4,3.5,0.3,32.6,27.9,1.6,6.1,0,86,1,A01437,A01437_2020-04-23,0,2020-04-23
85.6,,86.0,3.82,12.1,29.8,,,14.9,,,11.4,,,10.9,,34.9,32.7,,,1,63,1,A01216,A01216_2020-04-23,0,2020-04-23
95.4,80.5,278.0,4.15,9.8,29.9,0.6,0.1,16.0,13.4,7.3,12.4,7.9,1.2,16.6,0.4,31.3,39.6,1.3,3.9,1,74,1,A00632,A00632_2020-04-23,0,2020-04-23
93.7,71.8,357.0,3.32,10.9,28.6,0.9,0.0,15.0,7.8,4.0,9.5,15.8,0.4,10.8,0.4,30.5,31.1,1.7,8.0,1,56,1,A00717,A00717_2020-04-23,0,2020-04-23
86.5,41.6,649.0,4.45,10.0,30.6,0.5,0.1,12.3,2.2,1.5,13.6,45.9,0.1,5.4,1.3,35.3,38.5,2.5,9.7,0,50,1,A01235,A01235_2020-04-23,0,2020-04-23
92.9,,288.0,4.07,10.2,30.2,,,13.6,,,12.3,,,14.4,,32.5,37.8,,,0,89,0,A00768,A00768_2020-04-23,0,2020-04-23
91.0,69.5,155.0,3.44,9.0,30.5,0.5,0.0,16.3,3.5,1.8,10.5,18.3,0.1,5.0,0.4,33.5,31.3,0.9,10.0,0,78,0,A00931,A00931_2020-04-23,0,2020-04-23
76.9,59.0,160.0,4.97,11.6,24.1,0.9,0.0,16.8,4.5,0.3,12.0,29.0,0.0,7.6,0.3,31.4,38.2,2.2,11.4,0,84,1,A01224,A01224_2020-04-23,0,2020-04-23
90.8,72.9,119.5,4.88,10.9,29.7,0.35,0.0,15.3,3.5,0.0,14.5,19.4,0.0,4.8,0.2,32.75,44.3,0.9,7.5,0,81,0,A01558,A01558_2020-04-23,0,2020-04-23
77.4,,326.0,3.37,10.6,25.2,,,16.9,,,8.5,,,9.3,,32.6,26.1,,,0,87,0,A00966,A00966_2020-04-23,0,2020-04-23
85.5,85.3,412.0,4.83,9.7,28.4,0.4,0.0,12.7,9.3,0.0,13.7,10.7,0.0,10.9,0.1,33.2,41.3,1.2,3.9,0,61,1,A00769,A00769_2020-04-23,0,2020-04-23
83.9,87.7,501.0,4.83,11.0,28.8,0.4,0.0,13.6,5.7,0.0,13.9,6.1,0.0,6.5,0.2,34.3,40.5,0.4,6.0,1,55,1,A00785,A00785_2020-04-23,0,2020-04-23
84.2,74.3,370.0,3.48,9.1,26.7,1.1,0.1,15.0,7.1,2.5,9.3,10.6,0.2,9.5,0.7,31.7,29.3,1.0,11.9,0,74,1,A00905,A00905_2020-04-23,0,2020-04-23
87.4,73.2,172.0,4.59,11.2,30.5,0.9,0.0,11.8,6.7,0.3,14.0,16.7,0.0,9.2,0.3,34.9,40.1,1.5,9.5,0,28,0,A00266,A00266_2020-04-23,0,2020-04-23
86.3,79.0,238.0,4.01,10.1,27.2,0.9,0.0,13.3,7.1,2.7,10.9,8.2,0.2,9.0,0.4,31.5,34.6,0.7,9.7,0,80,1,A00614,A00614_2020-04-23,0,2020-04-23
86.7,,196.0,5.17,10.9,30.0,,,13.1,,,15.5,,,5.6,,34.6,44.8,,,0,63,1,A00062,A00062_2020-04-23,0,2020-04-23
89.3,79.0,226.0,3.46,10.2,29.5,1.4,0.0,15.3,9.0,0.2,10.2,8.2,0.0,11.4,0.3,33.0,30.9,0.9,12.3,0,82,1,A01324,A01324_2020-04-23,0,2020-04-23
97.83333333333333,,215.3333333333333,3.646666666666667,10.93333333333333,30.86666666666666,,,14.23333333333333,,,11.26666666666667,,,11.6,,31.6,35.66666666666666,,,1,50,1,A00798,A00798_2020-04-23,0,2020-04-23
102.6,38.0,349.0,3.41,9.2,34.3,0.6,0.0,14.4,1.5,0.2,11.7,47.1,0.0,4.0,0.5,33.4,35.0,1.9,14.2,0,63,0,A01191,A01191_2020-04-23,0,2020-04-23
87.9,45.5,76.0,3.96,9.6,30.8,0.4,0.0,13.5,1.6,4.5,12.2,38.8,0.2,3.6,0.8,35.1,34.8,1.4,10.4,0,60,1,A00774,A00774_2020-04-23,0,2020-04-23
95.1,96.3,96.0,2.83,12.8,30.7,0.5,0.0,17.1,27.5,0.0,8.7,1.7,0.0,28.6,0.1,32.3,26.9,0.5,1.9,1,80,1,A00341,A00341_2020-04-23,0,2020-04-23
89.2,68.5,137.0,3.42,12.2,27.8,1.2,0.0,17.4,8.8,1.2,9.5,20.5,0.2,12.8,0.2,31.1,30.5,2.6,9.6,0,79,1,A01169,A01169_2020-04-23,0,2020-04-23
60.3,80.0,228.0,4.56,,18.6,0.9,0.0,25.4,13.9,4.0,8.5,11.0,0.7,17.4,0.0,30.9,27.5,1.9,5.0,1,61,1,A00111,A00111_2020-04-23,0,2020-04-23
90.5,85.3,239.0,3.9,10.8,31.5,1.5,0.0,12.5,18.5,0.0,12.3,7.5,0.0,21.7,0.1,34.8,35.3,1.6,7.1,0,35,0,A00213,A00213_2020-04-23,0,2020-04-23
69.8,78.0,467.0,3.81,11.4,20.7,0.9,0.1,20.5,17.5,10.7,7.9,6.7,2.4,22.4,0.5,29.7,26.6,1.5,4.1,1,69,1,A01129,A01129_2020-04-23,0,2020-04-23
96.5,82.5,291.0,3.42,10.1,29.2,1.4,0.0,15.2,14.0,0.2,10.0,8.6,0.0,17.0,0.2,30.3,33.0,1.5,8.5,1,56,1,A00050,A00050_2020-04-23,0,2020-04-23
84.5,89.7,187.0,3.99,9.6,30.3,0.1,0.0,12.8,6.2,0.0,12.1,8.3,0.0,6.9,0.0,35.9,33.7,0.6,2.0,0,70,1,A00837,A00837_2020-04-23,0,2020-04-23
99.7,,317.0,3.47,9.4,33.7,,,16.8,,,11.7,,,8.9,,33.8,34.6,,,0,36,1,A00977,A00977_2020-04-23,0,2020-04-23
84.9,,356.0,3.71,11.8,26.1,,,20.8,,,9.7,,,25.8,,30.8,31.5,,,0,73,1,A01467,A01467_2020-04-23,0,2020-04-23
95.5,50.7,239.0,3.74,10.1,32.4,0.7,0.0,13.2,2.5,5.6,12.1,29.1,0.3,4.9,0.4,33.9,35.7,1.4,14.2,0,79,1,A01385,A01385_2020-04-23,0,2020-04-23
84.4,69.35,405.0,3.88,9.7,25.15,0.9,0.0,15.4,5.55,1.6,9.75,17.6,0.1,8.0,0.45,29.75,32.75,1.4,11.0,0,70,0,A00284,A00284_2020-04-23,0,2020-04-23
86.8,51.8,466.0,4.18,8.9,28.9,0.7,0.0,14.4,3.4,2.6,12.1,34.9,0.2,6.6,0.5,33.3,36.3,2.3,10.2,0,53,0,A01620,A01620_2020-04-23,0,2020-04-23
85.6,74.6,88.0,4.58,,26.9,0.5,0.0,14.3,11.4,0.3,12.3,22.0,0.0,15.3,0.1,31.4,39.2,3.4,3.0,0,93,1,A00792,A00792_2020-04-23,0,2020-04-23
98.7,83.6,237.0,3.09,12.5,30.7,2.4,0.1,14.6,14.7,0.0,9.5,2.1,0.0,17.6,0.5,31.1,30.5,0.4,13.8,1,80,1,A01314,A01314_2020-04-23,1,2020-04-23
86.3,68.4,200.0,3.2,11.0,28.1,0.5,0.0,15.5,4.7,7.5,9.0,16.7,0.5,6.9,0.4,32.6,27.6,1.2,7.0,0,83,0,A00427,A00427_2020-04-23,0,2020-04-23
92.7,46.0,208.0,3.3,12.2,33.3,0.5,0.0,15.9,2.7,18.2,11.0,26.5,1.1,5.9,0.8,35.9,30.6,1.6,8.5,0,56,1,A01480,A01480_2020-04-23,0,2020-04-23
87.1,87.1,297.0,4.87,9.2,29.8,0.2,0.0,11.8,8.4,1.5,14.5,9.2,0.1,9.7,0.3,34.2,42.4,0.9,1.9,1,58,1,A01632,A01632_2020-04-23,0,2020-04-23
87.1,88.2,175.0,3.57,11.8,30.5,1.5,0.0,14.0,15.9,0.1,10.9,3.3,0.0,18.0,0.2,35.0,31.1,0.6,8.2,0,93,1,A00735,A00735_2020-04-23,0,2020-04-23
86.4,86.5,478.0,3.54,10.0,29.1,0.7,0.1,13.6,15.7,0.2,10.3,8.9,0.0,18.1,0.4,33.7,30.6,1.6,4.0,0,81,0,A00006,A00006_2020-04-23,0,2020-04-23
87.0,71.2,241.0,4.22,8.9,29.9,0.4,0.0,13.3,3.9,1.1,12.6,20.4,0.1,5.5,0.9,34.3,36.7,1.1,6.4,0,85,1,A01539,A01539_2020-04-23,0,2020-04-23
89.6,71.9,238.0,4.33,11.7,30.7,0.6,0.0,14.2,7.5,1.2,13.3,20.6,0.1,10.5,0.2,34.3,38.8,2.2,6.1,0,79,0,A01294,A01294_2020-04-23,0,2020-04-23
89.4,69.7,548.0,4.9,9.8,29.6,0.6,0.0,11.3,4.2,1.5,14.5,18.8,0.1,6.0,0.3,33.1,43.8,1.1,9.7,0,56,1,A01313,A01313_2020-04-23,0,2020-04-23
89.9,66.9,176.0,4.85,10.7,30.3,0.5,0.0,13.0,2.7,1.3,14.7,18.8,0.1,4.0,0.5,33.7,43.6,0.8,12.5,0,53,0,A01684,A01684_2020-04-23,0,2020-04-23
85.1,83.7,252.0,4.76,11.1,29.0,0.4,0.0,14.2,6.9,0.0,13.8,11.7,0.0,8.2,0.1,34.1,40.5,1.0,4.5,0,46,0,A00625,A00625_2020-04-23,0,2020-04-23
85.2,78.1,216.0,4.67,10.9,25.7,0.7,0.0,17.5,5.6,1.0,12.0,11.2,0.1,7.2,0.1,30.2,39.8,0.8,9.6,0,89,0,A00909,A00909_2020-04-23,0,2020-04-23
86.7,,209.0,3.08,10.3,29.5,,,13.6,,,9.1,,,7.5,,34.1,26.7,,,0,72,0,A01220,A01220_2020-04-23,0,2020-04-23
98.8,63.6,237.0,4.06,9.9,31.3,0.4,0.0,16.2,3.3,1.3,12.7,26.6,0.1,5.2,0.6,31.7,40.1,1.4,7.9,0,85,1,A00294,A00294_2020-04-23,0,2020-04-23
79.9,,220.0,4.37,11.1,27.2,,,15.4,,,11.9,,,14.9,,34.1,34.9,,,1,70,1,A00404,A00404_2020-04-23,0,2020-04-23
91.9,64.0,33.0,3.1,9.6,29.4,0.3,0.0,22.2,1.5,0.8,9.1,21.4,0.0,2.4,0.4,31.9,28.5,0.5,13.4,0,62,0,A00896,A00896_2020-04-23,0,2020-04-23
86.7,85.0,674.0,4.58,9.1,28.4,1.2,0.1,13.2,11.7,0.0,13.0,5.6,0.0,13.8,0.8,32.7,39.7,0.8,8.6,1,34,1,A00241,A00241_2020-04-23,0,2020-04-23
90.0,89.9,191.0,3.99,11.5,29.3,0.6,0.1,14.3,17.9,0.4,11.7,6.6,0.1,19.9,0.3,32.6,35.9,1.3,2.8,1,62,0,A01611,A01611_2020-04-23,0,2020-04-23
92.1,60.7,147.0,3.9,14.0,29.2,0.5,0.0,16.4,3.8,4.2,11.4,25.5,0.3,6.2,0.8,31.8,35.9,1.6,8.8,0,76,0,A00297,A00297_2020-04-23,0,2020-04-23
73.0,83.3,188.0,4.77,10.0,22.6,0.8,0.0,15.3,8.6,0.8,10.8,7.5,0.1,10.3,0.2,31.0,34.8,0.8,8.2,0,84,0,A00007,A00007_2020-04-23,0,2020-04-23
95.26666666666667,,130.3333333333333,2.686666666666667,10.2,33.0,,,16.8,,,8.866666666666667,,,17.53333333333333,,34.63333333333333,25.6,,,1,79,1,A01577,A01577_2020-04-23,0,2020-04-23
87.5,59.5,481.0,4.33,9.9,28.2,1.4,0.1,14.1,7.0,2.1,12.2,25.7,0.2,11.7,0.7,32.2,37.9,3.0,12.0,0,53,0,A00187,A00187_2020-04-23,0,2020-04-23
85.8,34.05,36.0,3.45,11.2,30.45,0.3,0.0,16.65,0.7,0.0,10.5,50.7,0.0,2.05,0.95,35.5,29.6,1.05,14.3,0,77,0,A00054,A00054_2020-04-23,0,2020-04-23
86.0,48.9,283.0,4.36,10.2,27.8,0.8,0.0,15.2,3.6,6.5,12.1,33.9,0.5,7.3,0.4,32.3,37.5,2.5,10.3,0,72,1,A00428,A00428_2020-04-23,0,2020-04-23
76.3,54.4,176.0,5.23,,23.1,0.6,0.0,22.9,3.0,2.2,12.1,31.6,0.1,5.6,0.5,30.3,39.9,1.8,11.3,0,69,1,A01412,A01412_2020-04-23,0,2020-04-23
85.1,78.2,308.0,4.1,10.3,28.5,0.2,0.0,13.2,4.4,0.0,11.7,17.2,0.0,5.6,0.2,33.5,34.9,1.0,4.4,1,49,1,A00590,A00590_2020-04-23,0,2020-04-23
94.7,67.9,267.0,4.76,11.0,31.1,1.1,0.0,12.9,7.6,1.6,14.8,20.3,0.2,11.2,0.3,32.8,45.1,2.3,9.9,0,86,1,A01226,A01226_2020-04-23,0,2020-04-23
94.4,12.5,158.0,4.13,11.2,31.7,0.5,0.0,12.7,0.4,3.4,13.1,66.7,0.1,3.3,1.5,33.6,39.0,2.2,15.9,0,66,1,A00521,A00521_2020-04-23,0,2020-04-23
87.4,89.4,81.0,4.05,13.6,29.1,0.2,0.0,15.1,4.8,0.0,11.8,5.8,0.0,5.4,0.2,33.3,35.4,0.3,4.6,0,92,1,A00460,A00460_2020-04-23,0,2020-04-23
85.8,87.9,301.0,4.36,10.1,27.5,0.5,0.7,16.0,20.5,1.7,12.0,5.2,0.4,23.3,3.1,32.1,37.4,1.2,2.1,0,85,1,A00430,A00430_2020-04-23,0,2020-04-23
85.9,60.9,329.0,4.54,10.3,28.2,0.3,0.0,12.4,3.7,1.0,12.8,33.0,0.1,6.1,0.5,32.8,39.0,2.0,4.6,0,41,0,A01288,A01288_2020-04-24,0,2020-04-24
82.0,89.9,246.0,4.89,10.0,29.4,0.4,0.0,13.0,11.5,0.1,14.4,6.5,0.0,12.8,0.3,35.9,40.1,0.8,3.2,0,48,1,A01023,A01023_2020-04-24,0,2020-04-24
91.7,67.7,149.0,3.03,9.8,30.0,1.1,0.1,15.7,5.8,3.8,9.1,15.2,0.3,8.6,0.6,32.7,27.8,1.3,12.7,0,76,1,A00982,A00982_2020-04-24,0,2020-04-24
89.1,91.4,351.0,3.22,11.2,26.7,1.2,0.0,21.2,22.8,0.0,8.6,3.7,0.0,24.9,0.2,30.0,28.7,0.9,4.7,0,73,1,A01467,A01467_2020-04-24,0,2020-04-24
92.8,29.2,341.0,3.88,11.4,30.4,0.3,0.0,16.2,1.2,1.2,11.8,60.6,0.0,4.0,1.0,32.8,36.0,2.4,8.0,0,53,0,A00024,A00024_2020-04-24,0,2020-04-24
84.5,,96.0,3.29,12.4,29.2,,,14.7,,,9.6,,,9.8,,34.5,27.8,,,1,63,1,A01216,A01216_2020-04-24,0,2020-04-24
96.8,,255.0,3.72,9.9,31.7,,,16.2,,,11.8,,,6.2,,32.8,36.0,,,0,85,1,A00294,A00294_2020-04-24,0,2020-04-24
70.4,78.1,399.0,4.25,10.7,21.4,0.7,0.1,20.8,15.1,9.5,9.1,8.1,1.8,19.3,0.5,30.4,29.9,1.6,3.8,1,69,1,A01129,A01129_2020-04-24,0,2020-04-24
84.6,80.4,585.0,3.11,9.9,27.7,0.8,0.0,14.0,9.8,2.3,8.6,10.0,0.3,12.2,0.4,32.7,26.3,1.2,6.9,0,32,0,A00725,A00725_2020-04-24,0,2020-04-24
93.3,,254.0,3.89,10.0,31.4,,,15.7,,,12.2,,,11.3,,33.6,36.3,,,0,80,0,A01278,A01278_2020-04-24,0,2020-04-24
85.4,82.1,60.0,4.18,,28.7,0.1,0.0,15.3,1.6,1.0,12.0,11.8,0.0,2.0,0.5,33.6,35.7,0.2,4.6,0,92,1,A00460,A00460_2020-04-24,0,2020-04-24
96.1,91.2,159.0,4.63,9.7,34.6,0.6,0.0,12.0,9.8,0.0,16.0,3.5,0.0,10.7,0.1,36.0,44.5,0.4,5.2,1,79,1,A01250,A01250_2020-04-24,0,2020-04-24
60.7,71.9,259.0,4.33,,18.7,1.8,0.0,25.5,11.5,4.4,8.1,12.3,0.7,16.0,0.3,30.8,26.3,2.0,11.1,1,61,1,A00111,A00111_2020-04-24,0,2020-04-24
88.2,41.7,215.0,4.14,10.4,29.2,0.6,0.0,12.8,2.1,1.6,12.1,44.5,0.1,5.1,0.2,33.2,36.5,2.3,12.0,0,47,1,A01664,A01664_2020-04-24,0,2020-04-24
90.2,79.4,186.0,4.89,10.4,31.3,0.4,0.1,12.7,7.4,1.3,15.3,14.1,0.1,9.3,0.9,34.7,44.1,1.3,4.3,0,72,1,A01040,A01040_2020-04-24,0,2020-04-24
94.7,92.1,448.0,3.18,10.7,30.2,0.5,0.1,18.9,16.6,0.0,9.6,4.8,0.0,18.0,0.3,31.9,30.1,0.9,2.8,1,63,1,A00252,A00252_2020-04-24,0,2020-04-24
82.2,51.9,320.0,5.29,10.5,28.4,0.7,0.0,13.2,5.8,0.8,15.0,40.7,0.1,11.1,0.2,34.5,43.5,4.5,6.4,0,46,0,A00826,A00826_2020-04-24,0,2020-04-24
85.7,81.6,494.0,4.67,10.1,28.9,0.6,0.0,12.7,8.1,0.3,13.5,11.6,0.0,9.9,0.2,33.8,40.0,1.1,6.3,0,61,1,A00769,A00769_2020-04-24,0,2020-04-24
86.6,83.25,228.5,3.35,10.5,28.7,1.25,0.0,15.35,9.7,0.15,9.600000000000001,5.9,0.0,11.65,0.1,33.15000000000001,29.0,0.6499999999999999,10.6,0,82,1,A01324,A01324_2020-04-24,0,2020-04-24
91.7,51.0,245.0,2.53,10.3,32.0,0.7,0.1,13.1,4.6,0.8,8.1,39.4,0.1,9.1,0.7,34.9,23.2,3.6,8.1,0,92,0,A00799,A00799_2020-04-24,0,2020-04-24
94.4,50.6,236.0,3.2,12.0,32.5,0.4,0.0,16.2,2.5,12.1,10.4,27.8,0.6,5.0,0.6,34.4,30.2,1.4,8.9,0,56,1,A01480,A01480_2020-04-24,0,2020-04-24
80.0,53.1,347.0,5.54,10.4,26.4,0.6,0.0,12.2,3.8,1.0,14.6,37.4,0.1,7.1,0.4,33.0,44.3,2.7,8.1,0,48,1,A00794,A00794_2020-04-24,0,2020-04-24
90.75,76.3,207.0,4.710000000000001,11.35,31.0,0.8,0.0,13.8,6.9,0.6,14.6,13.4,0.1,8.55,0.3,34.15,42.75,1.2,9.4,0,72,1,A01134,A01134_2020-04-24,0,2020-04-24
93.2,63.5,120.0,2.93,10.1,29.7,0.7,0.0,21.2,3.0,1.1,8.7,21.2,0.1,4.7,0.2,31.9,27.3,1.0,14.0,1,67,1,A00866,A00866_2020-04-24,0,2020-04-24
93.4,68.8,151.0,3.16,9.0,31.0,0.4,0.0,16.1,3.2,2.4,9.8,18.7,0.1,4.6,0.9,33.2,29.5,0.9,9.2,0,78,0,A00931,A00931_2020-04-24,0,2020-04-24
84.5,,225.0,4.0,9.9,27.0,,,13.5,,,10.8,,,9.0,,32.0,33.8,,,0,80,1,A00614,A00614_2020-04-24,0,2020-04-24
92.73333333333335,,127.6666666666667,3.243333333333334,9.9,31.76666666666667,,,16.33333333333333,,,10.3,,,21.36666666666666,,34.26666666666667,30.06666666666667,,,1,79,1,A01577,A01577_2020-04-24,0,2020-04-24
91.1,95.3,85.0,2.8,12.6,29.3,0.7,0.0,17.0,21.5,0.0,8.2,1.4,0.0,22.6,0.2,32.2,25.5,0.3,3.1,1,80,1,A00341,A00341_2020-04-24,0,2020-04-24
74.6,55.7,175.0,4.73,,23.5,0.6,0.0,22.1,3.1,2.5,11.1,31.1,0.1,5.5,0.5,31.4,35.3,1.7,10.2,0,69,1,A01412,A01412_2020-04-24,0,2020-04-24
90.1,53.6,89.0,3.73,12.8,30.6,0.4,0.0,13.9,1.9,3.4,11.4,31.8,0.1,3.5,0.3,33.9,33.6,1.1,10.9,0,78,0,A00485,A00485_2020-04-24,0,2020-04-24
87.3,86.9,311.0,3.85,11.7,28.8,0.5,0.1,15.8,9.4,0.1,11.1,8.3,0.0,10.8,0.5,33.0,33.6,0.9,4.2,0,78,1,A00893,A00893_2020-04-24,0,2020-04-24
98.0,84.4,260.0,3.0,10.4,29.7,1.0,0.1,15.7,13.3,0.4,8.9,8.2,0.1,15.8,0.6,30.3,29.4,1.3,6.4,1,56,1,A00050,A00050_2020-04-24,0,2020-04-24
104.9,83.0,197.0,2.84,9.9,34.5,0.6,0.0,19.3,7.2,0.2,9.8,9.4,0.0,8.7,0.2,32.9,29.8,0.8,7.2,0,68,1,A00964,A00964_2020-04-24,0,2020-04-24
87.0,21.35,42.5,3.235,12.3,29.6,0.35,0.0,16.6,0.55,0.0,9.55,62.6,0.0,2.6,0.55,34.05,28.05,1.65,15.5,0,77,0,A00054,A00054_2020-04-24,0,2020-04-24
88.2,,90.0,4.06,11.6,30.5,,,11.8,,,12.4,,,7.6,,34.6,35.8,,,0,28,0,A00266,A00266_2020-04-24,0,2020-04-24
84.7,90.1,253.0,5.24,10.4,28.2,0.2,0.0,17.5,3.5,0.8,14.8,4.4,0.0,3.9,0.3,33.3,44.4,0.2,4.4,0,76,1,A00965,A00965_2020-04-24,0,2020-04-24
84.1,75.1,181.0,4.9,10.8,28.0,0.3,0.0,14.2,4.4,1.4,13.7,17.5,0.1,5.9,0.2,33.3,41.2,1.0,5.8,0,51,0,A00480,A00480_2020-04-24,0,2020-04-24
85.6,81.4,735.0,4.71,8.8,27.6,1.6,0.1,13.0,11.6,0.0,13.0,6.7,0.0,14.3,0.9,32.3,40.3,1.0,11.0,1,34,1,A00241,A00241_2020-04-24,0,2020-04-24
93.7,68.8,402.0,3.94,11.0,32.5,0.9,0.0,14.8,6.9,0.8,12.8,21.1,0.1,10.1,0.3,34.7,36.9,2.1,9.0,0,70,0,A01177,A01177_2020-04-24,0,2020-04-24
93.2,68.2,380.0,3.55,10.8,29.0,0.9,0.1,14.6,7.4,3.8,10.3,19.1,0.4,10.8,0.7,31.1,33.1,2.1,8.2,0,56,1,A00717,A00717_2020-04-24,0,2020-04-24
76.3,64.0,348.0,4.01,12.6,24.2,0.4,0.1,21.1,3.9,2.3,9.7,25.7,0.1,6.1,2.1,31.7,30.6,1.6,5.9,0,64,0,A01660,A01660_2020-04-24,0,2020-04-24
89.8,71.3,348.0,3.64,9.6,31.0,0.4,0.0,13.9,4.1,2.6,11.3,19.5,0.1,5.7,0.4,34.6,32.7,1.1,6.2,1,49,1,A00590,A00590_2020-04-24,0,2020-04-24
84.6,67.2,227.0,3.25,10.4,28.9,0.9,0.1,13.8,5.7,0.6,9.4,20.7,0.1,8.5,0.9,34.2,27.5,1.8,10.6,0,72,0,A01220,A01220_2020-04-24,0,2020-04-24
94.2,49.3,421.0,3.99,11.2,32.1,0.6,0.1,12.1,2.6,1.3,12.8,36.5,0.1,5.3,1.7,34.0,37.6,1.9,11.2,0,62,0,A01608,A01608_2020-04-24,0,2020-04-24
95.0,78.3,273.0,4.19,10.0,29.1,0.6,0.1,16.1,13.5,7.9,12.2,10.1,1.4,17.2,0.4,30.7,39.8,1.7,3.3,1,74,1,A00632,A00632_2020-04-24,0,2020-04-24
87.6,87.2,249.0,5.08,10.7,29.5,0.6,0.0,12.8,12.4,0.0,15.0,8.6,0.0,14.2,0.2,33.7,44.5,1.2,4.0,0,59,1,A00983,A00983_2020-04-24,0,2020-04-24
84.6,83.4,566.0,5.07,11.1,27.4,0.7,0.0,13.5,5.6,0.0,13.9,5.4,0.0,6.7,0.2,32.4,42.9,0.4,11.0,1,55,1,A00785,A00785_2020-04-24,0,2020-04-24
90.3,79.6,165.0,4.33,11.3,29.8,0.7,0.0,12.9,6.1,0.0,12.9,10.4,0.0,7.7,0.4,33.0,39.1,0.8,9.6,1,89,1,A00248,A00248_2020-04-24,0,2020-04-24
95.2,83.5,255.0,3.12,12.3,30.8,2.0,0.1,14.2,13.2,0.0,9.6,3.0,0.0,15.8,0.7,32.3,29.7,0.5,12.8,1,80,1,A01314,A01314_2020-04-24,1,2020-04-24
87.4,77.8,538.0,4.29,10.7,27.5,2.1,0.1,13.7,14.8,1.9,11.8,9.0,0.4,19.0,0.4,31.5,37.5,1.7,10.9,1,75,1,A01565,A01565_2020-04-24,0,2020-04-24
88.2,79.1,190.0,3.31,9.0,29.9,0.7,0.0,14.5,9.2,0.1,9.9,14.7,0.0,11.6,0.3,33.9,29.2,1.7,5.8,0,74,1,A00472,A00472_2020-04-24,0,2020-04-24
95.1,76.4,368.0,2.66,12.5,29.7,1.0,0.1,13.6,11.0,6.2,7.9,9.8,0.9,14.4,0.5,31.2,25.3,1.4,7.1,1,63,1,A01125,A01125_2020-04-24,0,2020-04-24
68.6,90.0,408.0,4.84,10.4,21.3,0.1,0.0,25.7,8.6,0.0,10.3,7.0,0.0,9.6,0.0,31.0,33.2,0.7,1.0,0,70,0,A00439,A00439_2020-04-24,0,2020-04-24
88.7,89.3,274.0,4.42,11.9,28.3,0.3,0.0,15.4,8.8,0.0,12.5,8.1,0.0,9.8,0.0,31.9,39.2,0.8,2.6,0,78,0,A00664,A00664_2020-04-24,0,2020-04-24
88.4,41.6,232.0,3.54,10.2,28.5,1.0,0.1,14.8,3.9,4.1,10.1,42.7,0.4,9.3,1.1,32.3,31.3,4.0,10.5,0,79,0,A01239,A01239_2020-04-24,0,2020-04-24
87.7,66.1,331.0,4.31,9.7,28.8,0.8,0.1,14.2,5.6,1.4,12.4,21.9,0.1,8.4,0.8,32.8,37.8,1.8,9.8,0,74,1,A01272,A01272_2020-04-24,0,2020-04-24
94.7,65.1,311.0,5.07,10.3,31.2,1.2,0.1,13.8,7.8,0.9,15.8,23.5,0.1,12.0,0.7,32.9,48.0,2.8,9.8,0,67,1,A01544,A01544_2020-04-24,0,2020-04-24
,,,,,,,,,,,,,,,,,,,,1,72,1,A00317,A00317_2020-04-24,0,2020-04-24
91.4,65.3,263.0,3.71,10.6,31.0,0.6,0.0,13.1,2.9,1.4,11.5,18.5,0.1,4.4,0.2,33.9,33.9,0.8,14.6,0,70,1,A00825,A00825_2020-04-24,0,2020-04-24
92.1,,378.0,3.43,10.8,29.7,,,13.6,,,10.2,,,6.0,,32.3,31.6,,,0,86,0,A00424,A00424_2020-04-24,0,2020-04-24
84.3,85.9,188.0,4.2,10.7,24.3,1.0,0.0,19.5,8.9,0.0,10.2,4.8,0.0,10.4,0.1,28.8,35.4,0.5,9.2,0,89,1,A00290,A00290_2020-04-24,0,2020-04-24
90.9,44.9,248.0,4.51,10.2,31.0,0.5,0.0,14.9,3.1,6.3,14.0,41.3,0.4,6.8,0.7,34.1,41.0,2.8,6.8,0,89,0,A00638,A00638_2020-04-24,0,2020-04-24
77.8,74.5,150.0,4.575,11.7,24.7,0.9,0.0,17.15,6.25,0.45,11.3,14.15,0.05,8.2,0.15,31.75,35.6,1.05,10.75,0,84,1,A01224,A01224_2020-04-24,0,2020-04-24
85.2,26.2,253.0,4.25,10.2,28.2,0.4,0.0,13.3,1.0,6.3,12.0,57.2,0.2,3.7,0.5,33.1,36.2,2.1,9.8,0,31,0,A01534,A01534_2020-04-24,0,2020-04-24
93.6,65.6,163.0,4.22,11.9,31.5,0.7,0.0,17.6,7.3,0.2,13.3,27.4,0.0,11.1,0.2,33.7,39.5,3.0,6.6,0,76,1,A00379,A00379_2020-04-24,0,2020-04-24
86.3,56.4,140.0,4.6,14.2,29.1,0.9,0.0,15.9,4.6,4.8,13.4,27.0,0.4,8.1,0.2,33.8,39.7,2.2,11.6,0,93,0,A00224,A00224_2020-04-24,0,2020-04-24
94.5,54.0,180.0,4.36,8.3,32.1,0.3,0.1,18.3,1.5,0.4,14.0,30.9,0.0,2.7,1.9,34.0,41.2,0.8,12.8,0,69,0,A00474,A00474_2020-04-24,0,2020-04-24
78.9,,213.0,4.22,11.0,25.8,,,15.2,,,10.9,,,11.7,,32.7,33.3,,,1,70,1,A00404,A00404_2020-04-24,0,2020-04-24
89.5,,93.0,3.53,12.2,30.6,,,15.6,,,10.8,,,5.6,,34.2,31.6,,,0,73,1,A00295,A00295_2020-04-24,0,2020-04-24
96.06666666666668,,205.3333333333333,3.56,10.9,30.26666666666667,,,14.0,,,10.76666666666667,,,10.4,,31.5,34.16666666666666,,,1,50,1,A00798,A00798_2020-04-24,0,2020-04-24
70.0,86.2,524.0,4.84,9.7,21.3,1.0,0.0,19.9,13.1,0.0,10.3,7.0,0.0,15.2,0.1,30.4,33.9,1.1,6.7,0,65,1,A00075,A00075_2020-04-24,0,2020-04-24
89.9,91.3,183.0,3.86,11.0,29.5,0.4,0.0,14.5,20.8,0.2,11.4,6.4,0.0,22.8,0.2,32.9,34.7,1.5,1.9,1,62,0,A01611,A01611_2020-04-24,1,2020-04-24
88.4,82.2,230.0,3.18,10.5,29.2,0.9,0.0,15.3,8.2,0.8,9.3,7.6,0.1,10.0,0.1,33.1,28.1,0.8,9.3,0,82,1,A01324,A01324_2020-04-25,0,2020-04-25
86.5,84.4,534.0,4.98,11.0,28.5,0.6,0.0,13.7,6.2,0.0,14.2,6.6,0.0,7.3,0.3,32.9,43.1,0.5,8.7,1,55,1,A00785,A00785_2020-04-25,0,2020-04-25
78.8,75.0,302.0,3.25,9.3,25.8,0.6,0.0,23.2,7.4,3.7,8.4,15.0,0.4,9.8,0.5,32.8,25.6,1.5,5.8,0,86,0,A01178,A01178_2020-04-25,0,2020-04-25
90.6,68.2,88.0,2.99,12.5,28.8,1.0,0.0,17.8,5.7,1.2,8.6,18.6,0.1,8.4,0.1,31.7,27.1,1.6,11.9,0,79,1,A01169,A01169_2020-04-25,0,2020-04-25
92.5,76.9,109.0,3.86,11.6,32.4,0.3,0.0,13.8,2.8,0.0,12.5,15.6,0.0,3.6,0.3,35.0,35.7,0.6,7.2,0,79,1,A01382,A01382_2020-04-25,0,2020-04-25
94.0,95.2,181.0,3.17,10.8,30.3,0.3,0.0,15.2,15.5,0.1,9.6,2.9,0.0,16.3,0.2,32.2,29.8,0.5,1.6,1,62,0,A01611,A01611_2020-04-25,1,2020-04-25
98.3,67.3,124.0,2.99,11.3,32.4,0.3,0.0,16.4,3.1,0.4,9.7,26.1,0.0,4.6,0.6,33.0,29.4,1.2,5.6,0,82,0,A00989,A00989_2020-04-25,0,2020-04-25
86.2,81.7,569.0,4.64,9.3,29.1,0.7,0.0,12.5,7.1,0.7,13.5,9.3,0.1,8.7,0.1,33.8,40.0,0.8,8.2,0,61,1,A00769,A00769_2020-04-25,0,2020-04-25
87.5,,102.0,2.87,11.2,29.3,,,14.8,,,8.4,,,8.5,,33.5,25.1,,,1,63,1,A01216,A01216_2020-04-25,0,2020-04-25
87.9,85.9,241.0,4.45,8.9,30.55,0.2,0.0,11.85,8.5,1.35,13.6,10.0,0.15,9.9,0.35,34.8,39.09999999999999,1.0,2.4,1,58,1,A01632,A01632_2020-04-25,0,2020-04-25
99.7,89.6,497.0,3.33,11.0,30.6,1.2,0.1,20.6,20.0,0.0,10.2,4.3,0.0,22.3,0.5,30.7,33.2,1.0,5.6,1,63,1,A00252,A00252_2020-04-25,0,2020-04-25
88.2,90.0,421.0,3.9,9.4,30.5,0.2,0.0,13.2,6.2,0.1,11.9,7.4,0.0,6.9,0.3,34.6,34.4,0.5,2.2,1,49,1,A00590,A00590_2020-04-25,0,2020-04-25
100.0,81.4,312.0,3.33,9.9,34.5,0.5,0.1,16.9,6.4,0.8,11.5,10.3,0.1,7.9,1.0,34.5,33.3,0.8,6.5,0,36,1,A00977,A00977_2020-04-25,0,2020-04-25
87.0,94.0,205.0,3.77,9.5,30.0,0.2,0.0,13.1,10.4,0.0,11.3,3.8,0.0,11.1,0.1,34.5,32.8,0.4,2.1,0,70,1,A00837,A00837_2020-04-25,0,2020-04-25
90.3,75.4,382.0,3.59,12.5,29.5,1.0,0.1,14.4,10.4,4.8,10.6,11.8,0.7,13.8,0.5,32.7,32.4,1.6,7.5,1,63,1,A01125,A01125_2020-04-25,0,2020-04-25
77.5,54.3,184.0,4.71,,23.6,0.3,0.0,22.7,2.3,2.8,11.1,34.6,0.1,4.3,0.7,30.4,36.5,1.5,7.6,0,69,1,A01412,A01412_2020-04-25,0,2020-04-25
89.9,78.2,185.0,4.85,10.3,32.4,0.5,0.1,12.7,8.4,1.0,15.7,14.8,0.1,10.8,1.1,36.0,43.6,1.6,4.9,0,72,1,A01040,A01040_2020-04-25,0,2020-04-25
95.4,45.7,162.0,4.13,8.3,32.9,0.4,0.0,18.9,1.5,0.6,13.6,39.5,0.0,3.3,1.2,34.5,39.4,1.3,13.0,0,69,0,A00474,A00474_2020-04-25,0,2020-04-25
90.0,87.6,276.0,4.58,10.4,31.2,0.3,0.0,12.4,10.0,0.2,14.3,9.4,0.0,11.4,0.4,34.7,41.2,1.1,2.4,0,88,0,A00201,A00201_2020-04-25,0,2020-04-25
87.1,70.8,388.0,4.04,9.9,28.0,1.0,0.0,15.0,5.2,2.5,11.3,12.5,0.2,7.3,0.5,32.1,35.2,0.9,13.7,0,91,1,A00743,A00743_2020-04-25,0,2020-04-25
94.2,76.9,249.0,3.77,10.5,29.7,0.8,0.1,17.2,10.1,5.7,11.2,10.7,0.7,13.1,0.9,31.5,35.5,1.4,5.8,1,56,1,A00050,A00050_2020-04-25,0,2020-04-25
87.3,80.3,749.0,4.66,8.9,28.3,2.4,0.0,13.1,12.8,0.0,13.2,4.8,0.0,16.0,0.1,32.4,40.7,0.8,14.8,1,34,1,A00241,A00241_2020-04-25,0,2020-04-25
65.0,67.4,239.0,4.74,,21.1,1.2,0.0,29.2,8.3,6.3,10.0,16.2,0.8,12.3,0.3,32.5,30.8,2.0,9.8,1,61,1,A00111,A00111_2020-04-25,0,2020-04-25
93.15,58.4,113.5,3.04,9.7,30.95,0.35,0.0,14.65,2.65,3.35,9.4,29.7,0.15,4.5,0.25,33.2,28.2,1.35,8.3,0,81,1,A00650,A00650_2020-04-25,0,2020-04-25
88.9,56.8,281.0,4.31,9.6,30.2,0.3,0.0,12.5,2.6,0.4,13.0,34.4,0.0,4.5,0.9,33.9,38.3,1.5,7.5,0,39,0,A00600,A00600_2020-04-25,0,2020-04-25
96.2,73.5,152.0,4.74,10.5,34.0,0.4,0.0,12.6,2.6,0.0,16.1,16.0,0.0,3.6,0.3,35.3,45.6,0.6,10.2,0,87,1,A00754,A00754_2020-04-25,0,2020-04-25
92.0,70.1,334.0,5.89,10.8,28.7,1.2,0.1,19.2,8.1,2.3,16.9,16.1,0.3,11.5,0.9,31.2,54.2,1.9,10.6,0,53,0,A01041,A01041_2020-04-25,0,2020-04-25
86.6,83.5,30.0,3.13,10.6,30.0,0.1,0.0,13.8,7.9,0.1,9.4,14.9,0.0,9.5,0.1,34.7,27.1,1.4,1.4,0,88,0,A01630,A01630_2020-04-25,0,2020-04-25
93.7,91.3,170.0,3.19,10.4,32.3,0.1,0.0,13.1,10.6,2.7,10.3,4.8,0.3,11.6,0.2,34.4,29.9,0.6,1.0,0,40,0,A01398,A01398_2020-04-25,0,2020-04-25
85.7,43.5,257.0,5.05,10.8,30.5,0.4,0.0,12.4,2.5,2.3,15.4,47.3,0.1,5.7,0.4,35.6,43.3,2.7,6.5,0,29,1,A00081,A00081_2020-04-25,0,2020-04-25
75.5,81.3,150.0,4.356666666666666,11.33333333333333,24.5,0.8,0.0,16.8,7.1,0.0,10.66666666666667,9.7,0.0,9.4,0.2,32.43333333333333,32.9,0.8,8.8,0,84,1,A01224,A01224_2020-04-25,0,2020-04-25
94.7,57.0,273.0,4.68,10.5,31.2,1.0,0.1,13.7,5.2,1.3,14.6,29.9,0.1,9.2,0.7,33.0,44.3,2.8,11.1,0,67,1,A01544,A01544_2020-04-25,0,2020-04-25
89.7,93.7,58.0,3.1,12.9,30.0,0.3,0.0,17.5,12.3,0.0,9.3,3.9,0.0,13.1,0.3,33.5,27.8,0.5,2.1,1,80,1,A00341,A00341_2020-04-25,1,2020-04-25
87.85,84.55,321.5,3.61,11.2,28.4,0.3,0.0,15.05,9.05,1.55,10.25,11.2,0.15,10.7,0.15,32.35,31.7,1.2,2.55,1,72,1,A00317,A00317_2020-04-25,0,2020-04-25
87.8,64.3,216.0,3.85,10.5,29.9,1.1,0.1,14.4,5.7,1.0,11.5,21.1,0.1,8.9,1.1,34.0,33.8,1.9,12.5,0,69,1,A01287,A01287_2020-04-25,0,2020-04-25
93.3,80.7,548.0,2.84,10.4,31.7,1.9,0.0,16.8,16.4,0.0,9.0,9.7,0.0,20.3,0.1,34.0,26.5,2.0,9.5,0,71,0,A01406,A01406_2020-04-25,0,2020-04-25
91.7,39.1,284.0,3.37,7.9,30.9,0.4,0.0,17.7,1.7,4.0,10.4,48.0,0.2,4.3,0.7,33.7,30.9,2.1,8.2,0,62,0,A00306,A00306_2020-04-25,0,2020-04-25
90.7,92.5,173.0,3.53,10.4,31.2,0.7,0.0,16.1,14.6,0.1,11.0,3.0,0.0,15.8,0.2,34.4,32.0,0.5,4.2,0,88,1,A01112,A01112_2020-04-25,0,2020-04-25
84.9,,259.0,5.23,10.3,27.2,,,12.1,,,14.2,,,8.1,,32.0,44.4,,,0,14,0,A00492,A00492_2020-04-25,0,2020-04-25
91.5,71.8,164.0,3.55,12.6,29.3,0.7,0.0,15.5,5.5,7.5,10.4,11.3,0.6,7.6,0.5,32.0,32.5,0.9,8.9,0,81,0,A00316,A00316_2020-04-25,0,2020-04-25
79.8,74.0,298.0,3.37,11.0,25.5,0.8,0.1,17.6,5.5,2.6,8.6,12.1,0.2,7.4,0.7,32.0,26.9,0.9,10.6,0,87,0,A00966,A00966_2020-04-25,0,2020-04-25
95.6,,138.5,3.17,9.95,32.65,,,16.75,,,10.35,,,26.0,,34.15000000000001,30.3,,,1,79,1,A01577,A01577_2020-04-25,0,2020-04-25
85.8,72.2,147.0,4.94,13.6,28.7,0.8,0.0,13.2,7.1,2.3,14.2,17.3,0.2,9.8,0.5,33.5,42.4,1.7,7.7,0,78,0,A01417,A01417_2020-04-25,0,2020-04-25
96.9,82.2,252.0,3.84,9.5,30.2,0.4,0.0,16.2,13.3,7.2,11.6,7.7,1.2,16.2,0.2,31.2,37.2,1.2,2.7,1,74,1,A00632,A00632_2020-04-25,0,2020-04-25
94.96666666666665,,252.3333333333333,3.71,10.76666666666667,30.3,,,13.9,,,11.23333333333333,,,12.73333333333333,,31.86666666666666,35.23333333333333,,,1,50,1,A00798,A00798_2020-04-25,0,2020-04-25
88.95,,227.5,3.16,10.2,31.35,,,13.8,,,9.9,,,7.949999999999999,,35.2,28.1,,,0,92,0,A00799,A00799_2020-04-25,0,2020-04-25
89.2,76.3,188.0,4.81,10.5,31.0,0.9,0.0,13.3,6.5,0.7,14.9,12.1,0.1,8.5,0.4,34.7,42.9,1.0,10.5,0,72,1,A01134,A01134_2020-04-25,0,2020-04-25
71.7,74.4,379.0,4.53,10.2,21.2,1.3,0.2,21.2,17.0,12.5,9.6,6.9,2.9,22.8,0.7,29.5,32.5,1.6,5.5,1,69,1,A01129,A01129_2020-04-25,0,2020-04-25
90.5,65.7,291.0,4.0,9.7,30.3,1.0,0.1,14.3,5.7,2.2,12.1,19.5,0.2,8.6,0.7,33.4,36.2,1.7,11.9,0,74,1,A01272,A01272_2020-04-26,0,2020-04-26
91.1,46.7,183.0,4.36,12.0,29.6,0.6,0.0,12.5,1.9,2.4,12.9,36.8,0.1,4.1,0.2,32.5,39.7,1.5,13.9,0,76,0,A00384,A00384_2020-04-26,0,2020-04-26
77.4,57.4,161.0,4.47,,23.7,0.3,0.0,22.5,2.4,2.2,10.6,32.0,0.1,4.1,0.7,30.6,34.6,1.3,7.7,0,69,1,A01412,A01412_2020-04-26,0,2020-04-26
84.69999999999999,84.94999999999999,239.5,3.85,10.25,27.25,0.35,0.0,13.15,5.05,0.0,10.5,9.0,0.0,5.95,0.15,32.2,32.6,0.55,5.9,0,80,1,A00614,A00614_2020-04-26,0,2020-04-26
89.5,77.3,703.0,4.37,9.0,28.6,1.5,0.0,12.9,11.4,0.3,12.5,11.8,0.0,14.7,0.1,32.0,39.1,1.7,10.5,1,34,1,A00241,A00241_2020-04-26,0,2020-04-26
93.9,69.8,229.0,3.6,14.3,30.3,0.7,0.0,15.4,8.4,1.2,10.9,23.0,0.1,12.1,0.3,32.2,33.8,2.8,5.7,0,76,0,A00297,A00297_2020-04-26,0,2020-04-26
87.2,85.9,558.0,4.99,10.9,28.3,1.3,0.0,13.6,12.2,0.0,14.1,4.9,0.0,14.2,0.2,32.4,43.5,0.7,9.0,1,55,1,A00785,A00785_2020-04-26,0,2020-04-26
85.2,,126.0,3.93,11.6,29.0,,,15.1,,,11.4,,,10.1,,34.0,33.5,,,1,63,1,A01216,A01216_2020-04-26,0,2020-04-26
89.7,72.6,207.0,5.06,10.8,31.4,1.4,0.0,13.7,7.9,1.3,15.9,12.5,0.1,10.9,0.3,35.0,45.4,1.4,13.3,0,72,1,A01134,A01134_2020-04-26,0,2020-04-26
65.55000000000001,67.7,208.0,3.95,10.0,21.35,0.6,0.0,29.55,5.1,8.7,8.4,15.1,0.7,10.2,0.3,32.55,25.85,1.1,8.2,1,61,1,A00111,A00111_2020-04-26,0,2020-04-26
86.2,70.3,444.0,4.2,10.2,27.1,1.1,0.0,15.1,5.5,2.6,11.4,12.0,0.2,7.8,0.5,31.5,36.2,0.9,14.6,0,91,1,A00743,A00743_2020-04-26,0,2020-04-26
87.8,63.3,208.0,4.11,10.8,29.7,1.0,0.1,14.6,6.2,1.1,12.2,24.8,0.1,9.8,1.1,33.8,36.1,2.4,9.7,0,69,1,A01287,A01287_2020-04-26,0,2020-04-26
92.5,90.0,122.0,3.145,11.35,31.5,0.2,0.0,13.5,13.85,3.5,9.899999999999999,5.0,0.55,15.4,0.0,34.05,29.1,0.8,1.5,0,40,0,A01398,A01398_2020-04-26,0,2020-04-26
77.73333333333333,76.6,140.6666666666667,4.100000000000001,11.9,24.96666666666667,1.0,0.0,17.4,8.0,1.6,10.23333333333333,12.1,0.2,9.533333333333333,0.4,32.1,31.86666666666666,1.3,9.3,0,84,1,A01224,A01224_2020-04-26,0,2020-04-26
91.6,93.3,45.0,3.21,13.1,30.2,0.5,0.1,17.2,13.7,0.0,9.7,2.7,0.0,14.7,0.5,33.0,29.4,0.4,3.5,1,80,1,A00341,A00341_2020-04-26,1,2020-04-26
93.3,67.9,233.0,3.71,9.9,29.6,0.8,0.1,16.8,7.0,6.7,11.0,16.7,0.7,10.3,0.8,31.8,34.6,1.7,7.9,1,56,1,A00050,A00050_2020-04-26,0,2020-04-26
100.0,80.3,326.0,3.49,10.1,33.5,0.5,0.1,17.2,7.1,0.9,11.7,12.5,0.1,8.9,0.7,33.5,34.9,1.1,5.6,0,36,1,A00977,A00977_2020-04-26,0,2020-04-26
79.8,69.6,234.0,3.77,9.5,26.3,1.1,0.0,14.3,4.6,0.5,9.9,12.3,0.0,6.6,0.3,32.9,30.1,0.8,17.3,0,34,1,A00514,A00514_2020-04-26,0,2020-04-26
92.7,87.4,70.0,3.16,12.5,32.0,0.1,0.1,13.9,7.0,0.0,10.1,10.2,0.0,8.0,0.7,34.5,29.3,0.8,1.7,0,79,1,A01382,A01382_2020-04-26,0,2020-04-26
92.4,70.4,107.0,3.8,11.7,31.3,0.5,0.1,15.4,6.5,2.4,11.9,21.7,0.2,9.3,0.6,33.9,35.1,2.0,4.9,0,77,1,A00804,A00804_2020-04-26,0,2020-04-26
96.1,39.1,98.0,3.11,13.6,29.6,1.2,0.2,18.3,3.0,0.3,9.2,43.0,0.0,7.7,2.2,30.8,29.9,3.3,15.4,0,77,0,A00054,A00054_2020-04-26,0,2020-04-26
90.65,86.0,123.0,3.04,11.7,31.4,0.85,0.0,14.1,12.7,1.45,9.55,6.550000000000001,0.2,14.8,0.25,34.65000000000001,27.55,0.95,5.75,0,93,1,A00735,A00735_2020-04-26,0,2020-04-26
91.1,78.0,181.0,4.83,10.3,31.7,0.5,0.0,12.9,8.3,1.3,15.3,15.3,0.1,10.7,0.4,34.8,44.0,1.6,5.0,0,72,1,A01040,A01040_2020-04-26,0,2020-04-26
92.3,50.9,147.0,3.63,10.0,30.0,0.5,0.0,14.9,3.2,3.1,10.9,37.9,0.2,6.2,0.2,32.5,33.5,2.3,7.9,0,81,1,A00650,A00650_2020-04-26,0,2020-04-26
86.6,87.4,506.0,4.17,9.5,29.5,0.6,0.0,13.2,10.9,0.0,12.3,7.7,0.0,12.5,0.2,34.1,36.1,1.0,4.7,1,49,1,A00590,A00590_2020-04-26,0,2020-04-26
95.6,89.4,186.0,3.44,10.4,29.7,0.3,0.0,15.6,10.1,1.9,10.2,5.8,0.2,11.3,0.3,31.0,32.9,0.7,2.6,1,62,0,A01611,A01611_2020-04-26,1,2020-04-26
65.9,69.5,200.0,5.77,,20.5,0.7,0.0,15.8,5.1,3.6,11.8,17.5,0.3,7.4,0.4,31.1,38.0,1.3,9.0,0,83,1,A00969,A00969_2020-04-26,0,2020-04-26
91.3,74.9,416.0,3.79,12.0,29.6,1.1,0.1,13.9,10.1,5.3,11.2,11.1,0.7,13.5,0.4,32.4,34.6,1.5,8.3,1,63,1,A01125,A01125_2020-04-26,0,2020-04-26
87.9,79.6,372.0,3.55,10.7,28.5,0.3,0.0,14.8,10.3,3.4,10.1,14.4,0.4,13.0,0.2,32.4,31.2,1.9,2.4,1,72,1,A00317,A00317_2020-04-26,0,2020-04-26
97.5,72.6,393.0,3.53,10.9,31.7,0.6,0.0,13.8,4.9,0.7,11.2,17.9,0.0,6.8,0.6,32.6,34.4,1.2,8.2,0,34,1,A01367,A01367_2020-04-26,0,2020-04-26
78.0,73.8,514.5,3.14,10.2,25.15,1.2,0.0,15.8,6.9,1.7,7.9,12.0,0.2,9.600000000000001,0.2,32.25,24.5,1.1,12.3,0,22,1,A01148,A01148_2020-04-26,0,2020-04-26
86.0,54.0,590.0,4.37,10.2,30.0,0.6,0.1,12.4,3.3,1.5,13.1,34.4,0.1,6.1,1.0,34.8,37.6,2.1,9.1,0,50,1,A01235,A01235_2020-04-26,0,2020-04-26
95.94999999999999,27.85,127.5,3.2,9.8,33.09999999999999,0.45,0.0,14.1,0.9500000000000001,2.25,10.6,57.45,0.1,3.35,0.15,34.5,30.7,1.95,12.3,0,69,1,A00227,A00227_2020-04-26,0,2020-04-26
90.0,83.8,296.0,3.91,9.9,30.2,1.1,0.0,15.9,11.5,0.0,11.8,7.8,0.0,13.7,0.1,33.5,35.2,1.1,8.3,0,56,1,A00530,A00530_2020-04-26,0,2020-04-26
89.1,66.4,272.0,2.94,11.1,28.2,1.0,0.1,14.9,5.7,1.9,8.3,19.5,0.2,8.6,0.9,31.7,26.2,1.7,11.3,0,75,0,A00587,A00587_2020-04-26,0,2020-04-26
81.1,64.6,183.0,3.18,10.5,27.4,0.8,0.0,12.2,4.0,6.4,8.7,15.1,0.4,6.2,0.3,33.7,25.8,0.9,13.6,0,88,1,A01128,A01128_2020-04-26,0,2020-04-26
70.9,88.2,554.0,4.94,9.9,21.3,0.9,0.0,20.8,14.3,0.0,10.5,6.2,0.0,16.2,0.1,30.0,35.0,1.0,5.5,0,65,1,A00075,A00075_2020-04-26,0,2020-04-26
104.0,75.15,129.0,3.65,11.25,34.4,0.25,0.0,13.4,3.2,1.05,12.55,17.0,0.05,4.15,0.6000000000000001,33.05,37.95,0.65,6.2,1,72,0,A00371,A00371_2020-04-26,0,2020-04-26
84.1,82.1,226.0,4.35,11.1,28.7,0.5,0.0,14.0,7.1,0.1,12.5,11.8,0.0,8.6,0.1,34.2,36.6,1.0,5.9,0,46,0,A00625,A00625_2020-04-26,0,2020-04-26
97.3,79.6,247.0,3.69,10.2,30.1,0.4,0.0,16.3,10.7,9.5,11.1,7.6,1.3,13.4,0.2,30.9,35.9,1.0,3.1,1,74,1,A00632,A00632_2020-04-26,0,2020-04-26
98.7,57.9,305.0,3.16,10.1,32.3,0.6,0.0,14.1,3.3,4.4,10.2,27.0,0.3,5.7,0.5,32.7,31.2,1.5,10.2,0,56,0,A00314,A00314_2020-04-26,0,2020-04-26
96.8,71.6,192.0,3.73,9.7,31.6,0.4,0.0,16.1,3.2,0.4,11.8,19.6,0.0,4.5,0.2,32.7,36.1,0.9,8.2,0,85,1,A00294,A00294_2020-04-26,0,2020-04-26
86.1,83.2,182.0,4.6,11.2,24.3,1.1,0.0,19.5,10.1,0.3,11.2,7.5,0.0,12.1,0.1,28.3,39.6,0.9,8.9,0,89,1,A00290,A00290_2020-04-26,0,2020-04-26
89.3,48.3,132.0,3.37,10.8,27.9,0.5,0.0,15.8,2.0,3.8,9.4,36.2,0.2,4.2,0.7,31.2,30.1,1.5,11.0,0,75,1,A00692,A00692_2020-04-26,0,2020-04-26
103.5,90.3,473.0,3.11,11.3,31.2,0.7,0.2,20.4,20.0,0.3,9.7,5.5,0.1,22.2,0.7,30.1,32.2,1.2,3.2,1,63,1,A00252,A00252_2020-04-26,0,2020-04-26
88.4,84.3,293.0,4.55,8.9,30.5,0.2,0.1,12.0,7.6,1.4,13.9,11.4,0.1,9.0,0.6,34.6,40.2,1.0,2.3,1,58,1,A01632,A01632_2020-04-26,0,2020-04-26
92.55,61.75,60.5,3.49,9.6,30.55,0.3,0.0,22.0,1.95,0.6,10.65,26.9,0.0,3.2,0.6,32.95,32.3,0.8500000000000001,10.15,0,62,0,A00896,A00896_2020-04-26,0,2020-04-26
88.9,50.0,244.0,4.05,10.2,29.4,0.7,0.1,13.7,2.6,3.7,11.9,31.4,0.2,5.1,1.0,33.1,36.0,1.6,13.9,0,59,1,A00526,A00526_2020-04-26,0,2020-04-26
95.30000000000001,,152.0,3.295,10.05,32.0,,,16.65,,,10.55,,,27.7,,33.59999999999999,31.4,,,1,79,1,A01577,A01577_2020-04-26,0,2020-04-26
79.1,55.2,334.0,3.73,12.4,24.7,0.4,0.1,22.5,3.1,0.2,9.2,34.9,0.0,5.7,2.3,31.2,29.5,2.0,7.4,0,64,0,A01660,A01660_2020-04-26,0,2020-04-26
84.1,55.9,184.0,4.73,12.4,29.8,0.8,0.0,12.6,3.9,2.0,14.1,29.3,0.1,6.9,0.7,35.4,39.8,2.0,12.1,0,82,0,A00605,A00605_2020-04-26,0,2020-04-26
97.19999999999999,73.8,64.5,2.51,12.25,33.5,3.0,0.0,13.75,20.85,0.8,8.4,9.6,0.25,28.3,0.05,34.45,24.4,2.55,11.25,0,42,1,A01450,A01450_2020-04-26,0,2020-04-26
74.1,75.1,349.0,4.67,11.1,21.2,1.7,0.1,21.3,20.7,11.5,9.9,7.1,3.2,27.5,0.3,28.6,34.6,2.0,6.0,1,69,1,A01129,A01129_2020-04-26,0,2020-04-26
83.5,69.9,511.0,3.95,10.8,27.6,0.4,0.0,14.1,4.0,2.1,10.9,20.9,0.1,5.7,0.3,33.0,33.0,1.2,6.8,0,67,0,A01276,A01276_2020-04-27,0,2020-04-27
86.3,60.7,785.0,3.28,9.8,27.4,1.2,0.0,14.8,5.9,4.6,9.0,22.3,0.5,9.8,0.5,31.8,28.3,2.2,11.9,0,32,0,A00725,A00725_2020-04-27,0,2020-04-27
90.0,79.4,113.0,4.68,11.2,28.6,0.4,0.0,15.2,3.5,0.0,13.4,11.6,0.0,4.4,0.2,31.8,42.1,0.5,8.8,0,81,0,A01558,A01558_2020-04-27,0,2020-04-27
83.9,82.0,221.0,5.83,11.1,28.0,0.1,0.0,17.9,1.5,3.0,16.3,10.0,0.1,1.8,1.0,33.3,48.9,0.2,4.0,1,76,1,A00965,A00965_2020-04-27,0,2020-04-27
65.4,90.7,454.0,5.14,10.6,20.8,0.2,0.0,24.7,8.1,0.0,10.7,6.5,0.0,8.9,0.2,31.8,33.6,0.6,2.6,0,70,0,A00439,A00439_2020-04-27,0,2020-04-27
91.7,82.3,225.0,3.99,11.0,30.3,0.9,0.0,14.9,11.7,1.0,12.1,10.3,0.1,14.2,0.1,33.1,36.6,1.5,6.3,0,91,1,A01431,A01431_2020-04-27,0,2020-04-27
81.2,63.3,258.0,3.72,9.4,26.6,0.6,0.0,22.5,4.7,5.7,9.9,22.2,0.4,7.4,0.5,32.8,30.2,1.6,8.3,0,86,0,A01178,A01178_2020-04-27,0,2020-04-27
84.7,78.45,343.0,3.495,11.15,27.6,0.6499999999999999,0.0,14.1,11.95,3.9,9.649999999999999,12.95,0.6000000000000001,15.25,0.2,32.59999999999999,29.6,2.0,4.5,0,76,1,A00765,A00765_2020-04-27,0,2020-04-27
84.5,34.3,87.0,3.09,11.3,27.5,0.5,0.0,13.7,1.4,13.3,8.5,39.0,0.6,4.2,0.5,32.6,26.1,1.6,12.9,0,86,1,A01437,A01437_2020-04-27,0,2020-04-27
85.3,26.9,204.0,4.48,10.3,27.5,0.4,0.0,13.4,0.9,6.9,12.3,53.6,0.2,3.5,0.9,32.2,38.2,1.9,11.7,0,31,0,A01534,A01534_2020-04-27,0,2020-04-27
91.3,82.6,138.0,2.65,11.4,31.7,1.0,0.0,14.2,10.8,0.6,8.4,8.6,0.1,13.1,0.2,34.7,24.2,1.1,8.0,0,93,1,A00735,A00735_2020-04-27,0,2020-04-27
90.1,37.1,324.0,3.33,8.0,30.0,0.3,0.1,17.4,1.6,4.0,10.0,49.9,0.2,4.3,1.2,33.3,30.0,2.1,7.8,0,62,0,A00306,A00306_2020-04-27,0,2020-04-27
64.8,63.1,211.0,5.94,10.7,20.0,0.6,0.0,15.7,3.7,4.2,11.9,21.1,0.2,5.8,0.5,30.9,38.5,1.2,11.1,0,83,1,A00969,A00969_2020-04-27,0,2020-04-27
84.25,77.25,126.5,4.734999999999999,13.45,28.35,0.95,0.0,13.45,7.15,0.55,13.4,10.35,0.05,9.05,0.4,33.59999999999999,39.9,0.9,11.45,0,78,0,A01417,A01417_2020-04-27,0,2020-04-27
77.2,61.2,157.0,4.51,,22.8,0.3,0.0,22.4,2.7,2.0,10.3,29.7,0.1,4.4,0.5,29.6,34.8,1.3,6.6,0,69,1,A01412,A01412_2020-04-27,0,2020-04-27
90.9,60.3,81.0,2.86,13.0,28.7,1.0,0.0,17.8,4.3,2.1,8.2,23.5,0.2,7.2,0.3,31.5,26.0,1.7,13.8,0,79,1,A01169,A01169_2020-04-27,0,2020-04-27
103.9,90.4,121.0,3.31,11.2,34.1,0.2,0.0,13.3,5.6,0.0,11.3,5.6,0.0,6.2,0.0,32.8,34.4,0.3,4.0,1,72,0,A00371,A00371_2020-04-27,0,2020-04-27
88.3,35.8,142.0,3.32,11.1,29.8,0.4,0.0,17.9,2.9,3.1,9.9,55.6,0.2,8.0,0.5,33.8,29.3,4.4,5.0,0,77,1,A00647,A00647_2020-04-27,0,2020-04-27
92.6,59.0,201.0,4.06,10.0,29.1,1.1,0.1,16.3,4.8,8.4,11.8,17.8,0.7,8.1,0.9,31.4,37.6,1.4,13.9,1,56,1,A00050,A00050_2020-04-27,0,2020-04-27
72.9,52.7,218.0,4.76,10.8,22.9,0.7,0.0,15.3,2.7,1.9,10.9,31.2,0.1,5.2,0.2,31.4,34.7,1.6,14.0,0,84,0,A00007,A00007_2020-04-27,0,2020-04-27
85.2,65.3,211.0,3.17,10.3,29.3,0.8,0.0,13.0,5.3,1.2,9.3,22.7,0.1,8.1,0.5,34.4,27.0,1.8,10.3,0,72,0,A01220,A01220_2020-04-27,0,2020-04-27
73.8,76.6,336.0,4.28,10.5,21.5,1.3,0.1,21.4,18.4,11.2,9.2,6.5,2.7,24.0,0.3,29.1,31.6,1.6,5.4,1,69,1,A01129,A01129_2020-04-27,0,2020-04-27
88.8,71.9,184.0,4.99,11.5,26.1,0.8,0.0,18.2,4.5,0.0,13.0,15.5,0.0,6.2,0.3,29.3,44.3,1.0,12.3,0,89,0,A00909,A00909_2020-04-27,0,2020-04-27
96.0,67.35,152.5,2.97,12.05,31.15,0.8500000000000001,0.0,14.65,6.199999999999999,1.55,9.25,21.25,0.15,9.149999999999999,0.45,32.45,28.5,1.95,9.399999999999999,0,89,1,A00113,A00113_2020-04-27,0,2020-04-27
83.5,77.3,451.0,5.33,11.0,27.0,0.7,0.0,16.3,9.7,1.3,14.4,15.8,0.2,12.5,0.2,32.4,44.5,2.0,5.4,0,62,0,A01352,A01352_2020-04-27,0,2020-04-27
97.7,71.3,173.0,3.84,10.5,30.5,0.3,0.0,16.1,2.9,2.7,11.7,19.2,0.1,4.1,0.5,31.2,37.5,0.8,6.3,0,85,1,A00294,A00294_2020-04-27,0,2020-04-27
92.6,57.5,89.0,3.49,12.6,29.5,0.3,0.0,14.0,1.8,4.1,10.3,30.5,0.1,3.2,0.0,31.9,32.3,1.0,7.9,0,78,0,A00485,A00485_2020-04-27,0,2020-04-27
79.0,72.5,151.0,3.833333333333333,13.0,24.7,0.8,0.0,17.53333333333333,6.1,3.3,9.466666666666667,14.8,0.3,7.5,0.2,31.3,30.26666666666667,1.2,9.2,0,84,1,A01224,A01224_2020-04-27,0,2020-04-27
90.0,61.0,245.0,2.69,11.3,27.9,0.9,0.0,15.0,4.3,3.7,7.5,22.5,0.3,7.1,0.7,31.0,24.2,1.6,12.1,0,75,0,A00587,A00587_2020-04-27,0,2020-04-27
86.2,72.0,251.0,3.69,10.2,28.5,0.6,0.1,15.7,4.6,3.8,10.5,13.9,0.2,6.4,1.1,33.0,31.8,0.9,9.2,0,88,0,A00363,A00363_2020-04-27,0,2020-04-27
97.6,75.3,268.0,3.72,9.5,30.1,0.4,0.0,16.1,9.3,11.1,11.2,9.8,1.4,12.3,0.3,30.9,36.3,1.2,3.5,1,74,1,A00632,A00632_2020-04-27,0,2020-04-27
92.3,92.8,24.0,3.13,12.9,30.7,0.5,0.0,16.8,10.5,0.0,9.6,2.6,0.0,11.3,0.3,33.2,28.9,0.3,4.3,1,80,1,A00341,A00341_2020-04-27,1,2020-04-27
83.7,64.7,377.0,3.87,10.1,24.8,0.6,0.0,18.3,10.0,17.8,9.6,13.6,2.7,15.4,0.3,29.6,32.4,2.1,3.6,0,56,0,A01081,A01081_2020-04-27,0,2020-04-27
90.8,88.4,45.0,3.15,12.8,31.7,0.1,0.0,13.9,4.0,0.0,10.0,8.7,0.0,4.5,0.7,35.0,28.6,0.4,2.2,0,79,1,A01382,A01382_2020-04-27,0,2020-04-27
97.9,88.7,433.0,2.86,11.3,30.8,0.9,0.1,19.5,19.2,0.5,8.8,6.5,0.1,21.7,0.3,31.4,28.0,1.4,4.0,1,63,1,A00252,A00252_2020-04-27,0,2020-04-27
88.45,72.8,26.0,3.03,10.1,30.2,0.1,0.0,13.8,4.4,2.0,9.15,22.7,0.1,4.85,0.2,34.15000000000001,26.8,1.4,2.3,0,88,0,A01630,A01630_2020-04-27,0,2020-04-27
91.05000000000001,63.7,498.5,2.8,10.7,31.6,1.3,0.0,17.05,7.7,0.3,8.85,25.1,0.0,11.55,0.2,34.7,25.45,3.0,10.7,0,71,0,A01406,A01406_2020-04-27,0,2020-04-27
86.6,,144.0,3.72,11.7,28.8,,,14.6,,,10.7,,,10.2,,33.2,32.2,,,1,63,1,A01216,A01216_2020-04-27,0,2020-04-27
91.5,62.7,380.0,3.64,10.2,30.5,0.6,0.0,14.2,7.1,1.5,11.1,30.1,0.2,11.4,0.3,33.3,33.3,3.4,5.4,0,54,1,A01478,A01478_2020-04-27,0,2020-04-27
86.7,83.0,543.0,4.9,11.6,28.0,0.9,0.0,13.4,8.3,0.0,13.7,7.2,0.0,10.0,0.4,32.2,42.5,0.7,9.4,1,55,1,A00785,A00785_2020-04-27,0,2020-04-27
86.3,79.3,518.0,4.51,9.0,27.9,0.8,0.0,13.2,8.0,0.1,12.6,12.4,0.0,10.1,0.4,32.4,38.9,1.3,7.8,1,49,1,A00590,A00590_2020-04-27,0,2020-04-27
96.95,,173.5,3.22,10.25,32.6,,,16.9,,,10.5,,,26.9,,33.65000000000001,31.2,,,1,79,1,A01577,A01577_2020-04-27,0,2020-04-27
92.2,34.5,321.0,3.74,11.9,31.3,0.5,0.1,12.1,1.7,3.3,11.7,49.6,0.2,4.8,1.9,33.9,34.5,2.4,10.7,0,62,0,A01608,A01608_2020-04-27,0,2020-04-27
93.3,93.4,213.0,3.57,10.4,31.1,0.1,0.0,15.8,9.8,1.3,11.1,4.0,0.1,10.5,0.3,33.3,33.3,0.4,1.0,0,80,0,A01278,A01278_2020-04-27,0,2020-04-27
94.9,87.5,195.0,3.56,10.5,29.5,0.3,0.1,15.3,9.2,2.5,10.5,7.1,0.3,10.5,0.5,31.1,33.8,0.7,2.4,1,62,0,A01611,A01611_2020-04-27,1,2020-04-27
86.5,89.3,262.0,3.86,10.4,30.6,0.5,0.0,15.4,7.5,0.1,11.8,4.0,0.0,8.4,0.4,35.3,33.4,0.3,6.2,0,69,1,A00362,A00362_2020-04-27,0,2020-04-27
96.2,72.9,155.0,4.7,11.0,32.6,0.3,0.0,12.5,2.6,0.3,15.3,18.5,0.0,3.6,0.3,33.8,45.2,0.7,8.0,0,87,1,A00754,A00754_2020-04-27,0,2020-04-27
86.5,74.1,315.0,3.48,11.0,27.0,0.3,0.0,15.0,5.3,5.6,9.4,16.0,0.4,7.2,0.4,31.2,30.1,1.2,3.9,1,72,1,A00317,A00317_2020-04-27,0,2020-04-27
88.5,76.3,240.0,3.49,10.0,29.5,0.9,0.0,15.0,5.5,2.8,10.3,8.0,0.2,7.2,0.4,33.3,30.9,0.6,12.5,0,82,1,A01324,A01324_2020-04-27,0,2020-04-27
75.5,69.0,199.0,4.0,10.8,23.0,1.2,0.0,23.3,8.3,1.0,9.2,19.9,0.1,12.1,0.2,30.5,30.2,2.4,9.9,0,88,0,A01493,A01493_2020-04-27,0,2020-04-27
89.5,76.4,223.0,3.34,11.9,28.7,0.7,0.1,15.2,5.8,5.6,9.6,7.6,0.4,7.6,0.7,32.1,29.9,0.6,9.7,0,81,0,A00316,A00316_2020-04-27,0,2020-04-27
92.1,56.2,153.0,3.29,8.7,30.4,0.5,0.0,15.3,2.6,3.3,10.0,29.7,0.2,4.6,0.7,33.0,30.3,1.4,10.1,0,78,0,A00931,A00931_2020-04-27,0,2020-04-27
87.5,47.7,279.0,5.12,10.5,28.7,0.7,0.1,13.5,5.6,2.6,14.7,43.3,0.3,11.7,0.8,32.8,44.8,5.1,5.6,0,33,1,A00923,A00923_2020-04-27,0,2020-04-27
87.55,92.8,173.5,3.345,11.95,30.85,1.0,0.0,15.7,23.1,0.5,10.3,2.4,0.1,21.95,0.2,35.2,29.3,0.6,4.1,0,88,1,A01112,A01112_2020-04-27,0,2020-04-27
89.5,64.0,293.0,3.32,11.3,28.9,0.4,0.0,13.7,3.6,4.6,9.6,23.5,0.3,5.7,0.7,32.3,29.7,1.3,7.2,0,86,0,A00424,A00424_2020-04-27,0,2020-04-27
96.9,91.4,163.0,4.84,9.6,34.1,0.6,0.0,12.4,11.5,0.0,16.5,3.6,0.0,12.6,0.1,35.2,46.9,0.5,4.9,1,79,1,A01250,A01250_2020-04-27,0,2020-04-27
89.35,75.2,200.0,4.985,11.05,30.8,1.05,0.0,13.25,7.2,0.8,15.35,12.75,0.1,9.600000000000001,0.4,34.45,44.55,1.2,10.85,0,72,1,A01134,A01134_2020-04-27,0,2020-04-27
86.8,51.7,147.0,4.08,9.7,28.4,0.1,0.0,16.4,2.2,0.7,11.6,45.1,0.0,4.3,0.2,32.8,35.4,1.9,2.3,0,64,1,A00522,A00522_2020-04-27,0,2020-04-27
88.8,71.0,68.0,2.76,11.6,30.1,0.3,0.0,14.1,10.2,12.0,8.3,15.0,1.7,14.4,0.0,33.9,24.5,2.2,2.0,0,40,0,A01398,A01398_2020-04-27,0,2020-04-27
88.3,78.5,686.0,4.44,8.7,28.6,1.5,0.0,13.2,12.8,0.6,12.7,11.6,0.1,16.3,0.1,32.4,39.2,1.9,9.2,1,34,1,A00241,A00241_2020-04-27,0,2020-04-27
88.0,93.2,86.0,3.41,12.5,29.6,0.2,0.0,15.6,5.6,0.0,10.1,4.3,0.0,6.0,0.0,33.7,30.0,0.3,2.5,0,73,1,A00295,A00295_2020-04-27,0,2020-04-27
94.2,53.3,235.0,3.47,11.3,31.4,0.6,0.0,13.3,2.6,1.7,10.9,33.0,0.1,4.8,0.2,33.3,32.7,1.6,11.8,0,57,0,A01260,A01260_2020-04-27,0,2020-04-27
97.6,48.6,314.0,3.28,9.8,30.8,0.4,0.0,14.3,1.9,4.9,10.1,36.2,0.2,3.9,0.8,31.6,32.0,1.4,9.5,0,88,0,A00972,A00972_2020-04-27,0,2020-04-27
93.0,73.7,435.0,3.74,12.7,29.4,1.1,0.1,13.7,9.5,4.5,11.0,12.6,0.6,12.9,0.5,31.6,34.8,1.6,8.7,1,63,1,A01125,A01125_2020-04-27,0,2020-04-27
87.0,88.3,267.0,4.37,11.9,27.9,0.5,0.1,15.1,12.3,0.1,12.2,7.3,0.0,13.9,0.4,32.1,38.0,1.0,3.9,0,78,1,A00893,A00893_2020-04-27,0,2020-04-27
88.1,83.7,312.0,4.45,8.6,30.6,0.3,0.0,12.0,7.8,1.8,13.6,11.1,0.2,9.3,0.3,34.7,39.2,1.0,3.1,1,58,1,A01632,A01632_2020-04-27,0,2020-04-27
64.8,69.0,266.0,4.83,,20.9,1.1,0.0,30.4,8.0,1.3,10.1,20.2,0.2,11.6,0.1,32.3,31.3,2.3,9.4,1,61,1,A00111,A00111_2020-04-27,0,2020-04-27
86.9,64.9,244.0,4.72,10.2,28.6,0.8,0.1,17.1,5.3,3.6,13.5,20.6,0.3,8.1,0.9,32.9,41.0,1.7,10.0,0,77,1,A01188,A01188_2020-04-27,0,2020-04-27
93.7,65.3,584.0,3.63,10.4,31.1,0.8,0.0,14.4,5.9,1.7,11.3,23.5,0.2,9.0,0.3,33.2,34.0,2.1,9.2,0,70,0,A01177,A01177_2020-04-28,0,2020-04-28
74.0,80.3,380.0,4.27,10.6,21.1,1.2,0.2,22.0,19.0,8.2,9.0,5.4,1.9,23.6,0.9,28.5,31.6,1.3,5.2,1,69,1,A01129,A01129_2020-04-28,0,2020-04-28
97.6,56.3,262.0,4.13,10.9,32.2,0.6,0.0,14.4,4.3,1.6,13.3,34.2,0.1,7.7,0.4,33.0,40.3,2.6,7.5,0,50,0,A01215,A01215_2020-04-28,0,2020-04-28
89.8,77.1,72.0,2.84,9.7,29.9,0.2,0.0,21.2,2.1,0.0,8.5,14.3,0.0,2.7,0.0,33.3,25.5,0.4,8.6,0,62,0,A00896,A00896_2020-04-28,0,2020-04-28
88.7,60.4,448.0,3.82,10.9,28.3,1.0,0.1,14.5,5.0,2.0,10.8,24.2,0.2,8.2,0.9,31.9,33.9,2.0,12.5,0,56,1,A00717,A00717_2020-04-28,0,2020-04-28
66.2,62.6,264.0,4.88,,20.3,0.7,0.0,31.1,5.8,8.3,9.9,21.2,0.8,9.3,0.3,30.7,32.3,2.0,7.6,1,61,1,A00111,A00111_2020-04-28,0,2020-04-28
89.5,88.2,185.0,3.06,12.1,31.0,1.0,0.0,16.4,14.4,0.8,9.5,4.8,0.1,16.3,0.2,34.7,27.4,0.8,6.0,0,88,1,A01112,A01112_2020-04-28,0,2020-04-28
91.7,,70.0,2.53,12.3,31.6,,,14.2,,,8.0,,,11.9,,34.5,23.2,,,0,40,0,A01398,A01398_2020-04-28,0,2020-04-28
91.3,61.5,191.0,4.13,10.2,28.6,1.3,0.0,15.6,6.7,7.5,11.8,18.5,0.8,10.9,0.3,31.3,37.7,2.0,12.2,1,56,1,A00050,A00050_2020-04-28,0,2020-04-28
93.0,78.3,443.0,3.83,12.4,29.2,0.9,0.1,13.4,8.7,3.0,11.2,10.5,0.3,11.1,0.5,31.5,35.6,1.2,7.7,1,63,1,A01125,A01125_2020-04-28,0,2020-04-28
87.8,64.2,44.0,3.12,,27.6,0.1,0.0,25.0,1.1,5.5,8.6,20.6,0.1,1.7,1.2,31.4,27.4,0.4,8.5,0,26,1,A00811,A00811_2020-04-28,0,2020-04-28
95.39999999999999,,200.3333333333333,3.053333333333333,10.36666666666667,32.3,,,16.76666666666667,,,9.866666666666665,,,23.3,,33.86666666666667,29.13333333333334,,,1,79,1,A01577,A01577_2020-04-28,0,2020-04-28
90.2,72.2,224.0,5.18,11.0,30.9,1.4,0.0,13.7,8.3,1.9,16.0,13.2,0.2,11.5,0.3,34.3,46.7,1.5,12.4,0,72,1,A01134,A01134_2020-04-28,0,2020-04-28
,,,,,,,,,,,,,,,,,,,,0,70,0,A00439,A00439_2020-04-28,0,2020-04-28
88.8,76.8,745.0,4.66,8.8,28.5,1.3,0.0,13.5,10.8,0.9,13.3,13.2,0.1,14.0,0.1,32.1,41.4,1.8,9.0,1,34,1,A00241,A00241_2020-04-28,0,2020-04-28
84.2,59.3,163.0,4.93,10.5,28.0,0.5,0.0,12.7,2.1,0.3,13.8,25.7,0.0,3.6,0.3,33.3,41.5,0.9,14.4,0,65,1,A01462,A01462_2020-04-28,0,2020-04-28
95.3,67.9,286.0,3.84,10.4,32.3,0.6,0.0,12.3,4.1,3.3,12.4,18.5,0.2,6.0,0.3,33.9,36.6,1.1,10.0,0,79,0,A00174,A00174_2020-04-28,0,2020-04-28
98.8,88.3,490.0,3.29,11.6,31.0,0.7,0.1,19.8,16.4,0.2,10.2,7.4,0.0,18.6,0.5,31.4,32.5,1.4,3.6,1,63,1,A00252,A00252_2020-04-28,0,2020-04-28
96.1,64.0,235.0,3.31,10.4,31.4,0.6,0.0,19.6,3.7,2.7,10.4,23.0,0.2,5.8,0.5,32.7,31.8,1.3,9.8,0,61,1,A01628,A01628_2020-04-28,0,2020-04-28
76.9,53.7,168.0,4.15,,23.6,0.3,0.0,22.4,2.5,1.8,9.8,36.3,0.1,4.6,0.7,30.7,31.9,1.7,7.5,0,69,1,A01412,A01412_2020-04-28,0,2020-04-28
75.4,77.7,198.0,3.98,10.3,22.9,0.9,0.0,23.5,8.6,0.1,9.1,14.0,0.0,11.1,0.3,30.3,30.0,1.6,7.9,0,88,0,A01493,A01493_2020-04-28,0,2020-04-28
85.2,76.7,533.0,4.79,11.7,27.6,1.0,0.0,13.1,7.5,0.4,13.2,12.8,0.0,9.8,0.3,32.4,40.8,1.3,9.8,1,55,1,A00785,A00785_2020-04-28,0,2020-04-28
87.0,76.0,553.0,3.92,9.2,28.8,0.4,0.1,13.6,6.1,1.6,11.3,16.2,0.1,8.0,0.8,33.1,34.1,1.3,5.4,0,70,0,A00376,A00376_2020-04-28,0,2020-04-28
88.1,,156.0,3.88,11.9,28.9,,,14.3,,,11.2,,,9.9,,32.7,34.2,,,1,63,1,A01216,A01216_2020-04-28,0,2020-04-28
95.1,49.9,328.0,3.06,9.4,32.4,0.4,0.1,14.6,1.6,1.9,9.9,33.9,0.1,3.2,2.2,34.0,29.1,1.1,12.1,0,55,1,A00992,A00992_2020-04-28,0,2020-04-28
104.4,80.2,121.0,2.93,11.6,34.5,0.6,0.0,13.4,5.3,0.2,10.1,10.2,0.0,6.6,0.3,33.0,30.6,0.7,9.1,1,72,0,A00371,A00371_2020-04-28,0,2020-04-28
91.5,64.9,394.0,4.02,12.0,29.1,0.5,0.1,14.3,4.3,4.0,11.7,21.8,0.3,6.6,1.1,31.8,36.8,1.4,8.2,0,82,0,A00395,A00395_2020-04-28,0,2020-04-28
92.3,91.8,16.0,3.25,,30.5,0.4,0.1,16.7,10.7,0.0,9.9,4.0,0.0,11.7,0.9,33.0,30.0,0.5,3.3,1,80,1,A00341,A00341_2020-04-28,1,2020-04-28
84.7,80.5,178.0,4.44,12.0,23.6,0.9,0.0,19.1,7.6,1.0,10.5,9.2,0.1,9.5,0.1,27.9,37.6,0.9,9.2,0,89,1,A00290,A00290_2020-04-28,0,2020-04-28
88.4,63.8,291.0,4.93,10.0,31.2,1.0,0.0,13.1,4.7,1.1,15.4,21.0,0.1,7.4,0.4,35.3,43.6,1.6,13.7,0,78,1,A00670,A00670_2020-04-28,0,2020-04-28
87.3,55.7,153.0,4.42,13.3,28.7,1.0,0.0,15.7,4.6,4.2,12.7,27.0,0.3,8.3,0.5,32.9,38.6,2.2,12.6,0,93,0,A00224,A00224_2020-04-28,0,2020-04-28
89.2,63.4,276.0,4.07,9.8,29.7,1.0,0.1,14.1,4.8,2.8,12.1,20.2,0.2,7.6,0.7,33.3,36.3,1.5,12.9,0,74,1,A01272,A01272_2020-04-28,0,2020-04-28
94.5,81.9,300.0,3.99,9.8,30.6,0.5,0.0,15.9,12.6,5.5,12.2,8.9,0.8,15.4,0.3,32.4,37.7,1.4,3.4,1,74,1,A00632,A00632_2020-04-28,0,2020-04-28
88.0,61.7,254.0,2.74,11.2,26.6,0.6,0.1,15.0,3.6,2.5,7.3,25.0,0.1,5.9,1.2,30.3,24.1,1.5,9.6,0,75,0,A00587,A00587_2020-04-28,0,2020-04-28
95.4,89.3,235.0,3.48,10.7,29.9,0.3,0.1,15.2,12.5,1.9,10.4,5.9,0.3,14.0,0.5,31.3,33.2,0.8,2.4,1,62,0,A01611,A01611_2020-04-28,1,2020-04-28
97.25,91.0,165.0,4.625,9.350000000000001,34.35,1.6,0.0,12.15,18.6,0.0,15.9,1.2,0.0,18.05,0.1,35.34999999999999,45.0,0.2,7.7,1,79,1,A01250,A01250_2020-04-28,0,2020-04-28
89.9,44.3,147.0,4.06,9.0,30.8,0.5,0.0,14.2,1.6,4.6,12.5,37.2,0.2,3.5,0.9,34.2,36.5,1.3,13.0,0,60,1,A00774,A00774_2020-04-28,0,2020-04-28
91.8,54.2,219.0,3.89,10.8,30.8,0.7,0.0,13.2,2.3,2.3,12.0,26.2,0.1,4.3,0.5,33.6,35.7,1.1,16.8,0,70,1,A00825,A00825_2020-04-28,0,2020-04-28
88.8,75.1,287.0,3.4,10.5,29.1,1.0,0.0,15.4,6.3,2.1,9.9,10.7,0.2,8.4,0.2,32.8,30.2,0.9,11.9,0,82,1,A01324,A01324_2020-04-28,0,2020-04-28
89.5,63.0,403.0,3.24,9.5,30.6,0.6,0.0,14.4,4.3,3.9,9.9,24.8,0.3,6.9,0.3,34.1,29.0,1.7,8.0,0,51,1,A00051,A00051_2020-04-28,0,2020-04-28
87.7,64.0,697.0,4.79,9.2,29.4,0.9,0.0,12.7,4.9,1.7,14.1,22.1,0.1,7.7,0.6,33.6,42.0,1.7,11.6,0,61,1,A00769,A00769_2020-04-28,0,2020-04-28
85.5,55.9,379.0,3.25,10.8,28.0,0.5,0.0,15.4,2.5,2.0,9.1,28.8,0.1,4.4,1.1,32.7,27.8,1.3,12.2,0,94,0,A01003,A01003_2020-04-28,0,2020-04-28
90.2,72.2,232.0,4.27,11.7,32.3,0.7,0.1,12.7,6.4,2.3,13.8,17.1,0.2,8.8,0.9,35.8,38.5,1.5,7.5,0,72,1,A01040,A01040_2020-04-28,0,2020-04-28
86.3,77.0,502.0,4.51,9.1,28.4,0.7,0.0,13.1,7.4,0.3,12.8,14.6,0.0,9.6,0.5,32.9,38.9,1.4,7.6,1,49,1,A00590,A00590_2020-04-28,0,2020-04-28
79.23333333333333,68.6,109.3333333333333,4.273333333333333,11.6,24.43333333333334,0.5,0.0,17.0,4.5,5.6,10.43333333333333,18.2,0.4,7.233333333333333,0.5,30.83333333333333,33.86666666666667,1.2,7.1,0,84,1,A01224,A01224_2020-04-28,0,2020-04-28
87.7,82.4,366.0,4.65,8.6,30.3,0.5,0.1,12.0,8.9,1.8,14.1,10.7,0.2,10.8,0.5,34.6,40.8,1.2,4.6,1,58,1,A01632,A01632_2020-04-28,0,2020-04-28
90.7,43.7,231.0,4.32,10.4,31.0,0.5,0.1,14.9,2.8,3.9,13.4,43.9,0.3,6.5,0.9,34.2,39.2,2.9,7.6,0,89,0,A00638,A00638_2020-04-28,0,2020-04-28
83.0,72.2,274.0,4.05,11.0,27.7,0.3,0.0,15.0,4.3,3.6,11.2,19.0,0.2,5.9,0.5,33.3,33.6,1.1,4.7,1,72,1,A00317,A00317_2020-04-28,0,2020-04-28
83.6,69.7,363.0,4.33,10.5,26.6,0.6,0.1,16.5,5.9,1.8,11.5,20.8,0.2,8.5,0.6,31.8,36.2,1.8,7.1,0,62,0,A01352,A01352_2020-04-29,0,2020-04-29
94.1,73.7,442.0,3.53,12.0,29.7,1.2,0.0,13.8,8.1,2.2,10.5,13.1,0.2,11.0,0.4,31.6,33.2,1.4,10.6,1,63,1,A01125,A01125_2020-04-29,0,2020-04-29
86.3,49.1,185.0,4.01,10.7,28.2,0.7,0.0,15.2,3.2,5.8,11.3,33.3,0.4,6.5,0.3,32.7,34.6,2.2,11.5,0,72,1,A00428,A00428_2020-04-29,0,2020-04-29
88.0,93.05,89.0,3.58,12.45,29.7,0.2,0.0,15.9,6.2,0.0,10.65,4.2,0.0,6.65,0.0,33.8,31.5,0.25,2.75,0,73,1,A00295,A00295_2020-04-29,0,2020-04-29
88.2,80.6,415.0,4.56,9.1,30.3,0.5,0.1,12.2,8.9,3.7,13.8,10.5,0.4,11.0,0.7,34.3,40.2,1.2,4.5,1,58,1,A01632,A01632_2020-04-29,0,2020-04-29
97.25,,222.0,3.125,10.2,32.45,,,16.6,,,10.15,,,25.1,,33.34999999999999,30.4,,,1,79,1,A01577,A01577_2020-04-29,0,2020-04-29
89.5,60.3,88.0,3.23,12.4,29.1,0.6,0.0,17.0,3.3,5.6,9.4,22.8,0.3,5.4,0.4,32.5,28.9,1.2,10.9,0,79,1,A01169,A01169_2020-04-29,0,2020-04-29
88.1,76.5,721.0,5.14,9.1,28.0,1.5,0.1,13.6,11.5,1.0,14.4,11.9,0.2,15.0,0.5,31.8,45.3,1.8,10.1,0,34,1,A00241,A00241_2020-04-29,0,2020-04-29
91.1,79.1,225.0,3.14,11.8,29.0,0.9,0.1,15.3,8.5,5.3,9.1,7.1,0.6,10.7,0.5,31.8,28.6,0.8,8.0,0,81,0,A00316,A00316_2020-04-29,0,2020-04-29
96.2,91.5,143.0,4.73,9.9,34.2,1.2,0.0,11.9,15.6,0.0,16.2,1.1,0.0,17.1,0.1,35.6,45.5,0.2,7.3,0,79,1,A01250,A01250_2020-04-29,0,2020-04-29
100.4,87.8,5.0,2.83,9.7,30.0,0.5,0.1,17.5,9.7,0.1,8.5,7.1,0.0,11.0,0.7,29.9,28.4,0.8,4.3,1,80,1,A00341,A00341_2020-04-29,1,2020-04-29
104.6,90.75,438.5,2.835,11.1,31.75,1.1,0.05,20.55,24.2,0.45,9.0,4.55,0.1,26.7,0.25,30.4,29.65,1.25,4.0,1,63,1,A00252,A00252_2020-04-29,0,2020-04-29
95.4,75.4,300.0,3.905,9.850000000000001,30.2,0.4,0.1,16.45,10.7,11.3,11.8,10.0,1.6,14.75,0.4,31.7,37.25,1.4,2.9,1,74,1,A00632,A00632_2020-04-29,0,2020-04-29
80.0,,248.5,4.385,9.45,29.15,,,11.35,,,12.8,,,17.85,,36.5,35.1,,,1,31,1,A00356,A00356_2020-04-29,0,2020-04-29
97.6,78.5,146.0,4.9,11.6,32.2,0.3,0.0,12.2,3.9,0.0,15.8,16.3,0.0,5.0,0.2,33.1,47.8,0.8,5.0,0,87,1,A00754,A00754_2020-04-29,0,2020-04-29
89.3,79.7,168.0,5.03,11.6,29.8,0.7,0.0,14.9,5.3,0.0,15.0,10.2,0.0,6.7,0.2,33.4,44.9,0.7,9.9,0,81,0,A01558,A01558_2020-04-29,0,2020-04-29
84.6,79.3,248.0,3.96,10.2,27.0,0.4,0.0,12.7,4.0,0.0,10.7,13.4,0.0,5.1,0.2,31.9,33.5,0.7,7.1,0,80,1,A00614,A00614_2020-04-29,0,2020-04-29
67.44999999999999,60.25,226.5,4.455,,20.75,0.8,0.0,30.9,5.1,7.85,9.25,22.45,0.6499999999999999,8.399999999999999,0.35,30.8,30.05,1.85,9.100000000000001,1,61,1,A00111,A00111_2020-04-29,0,2020-04-29
95.3,62.5,218.0,3.82,10.5,29.1,1.3,0.1,15.9,7.1,6.3,11.1,18.5,0.7,11.4,0.9,30.5,36.4,2.1,11.8,1,56,1,A00050,A00050_2020-04-29,0,2020-04-29
90.1,43.8,177.0,3.35,10.7,29.0,0.4,0.0,18.1,3.5,2.5,9.7,47.7,0.2,8.1,0.5,32.1,30.2,3.9,5.5,0,77,1,A00647,A00647_2020-04-29,0,2020-04-29
91.9,55.8,128.0,3.83,10.3,30.3,0.6,0.0,15.0,3.7,1.6,11.6,33.5,0.1,6.7,0.3,33.0,35.2,2.2,8.8,0,81,1,A00650,A00650_2020-04-29,0,2020-04-29
95.8,55.2,292.0,4.51,11.4,31.9,1.2,0.1,13.0,5.6,3.2,14.4,29.3,0.3,10.1,0.6,33.3,43.2,3.0,11.7,0,86,1,A01226,A01226_2020-04-29,0,2020-04-29
86.3,29.5,171.0,4.17,11.1,28.5,0.5,0.0,13.7,1.3,5.5,11.9,53.1,0.2,4.4,0.5,33.1,36.0,2.3,11.4,0,31,0,A01534,A01534_2020-04-29,0,2020-04-29
87.4,67.9,240.0,4.2,11.4,31.2,0.3,0.0,12.4,3.5,0.6,13.1,25.6,0.0,5.1,0.4,35.7,36.7,1.3,5.5,0,29,0,A00620,A00620_2020-04-29,0,2020-04-29
89.6,77.45,76.0,2.65,12.15,30.95,0.7,0.0,14.1,11.3,0.65,8.2,17.2,0.1,14.6,0.2,34.5,23.75,2.5,4.5,0,40,0,A01398,A01398_2020-04-29,0,2020-04-29
88.9,,175.0,3.51,11.1,29.3,,,14.1,,,10.3,,,11.7,,33.0,31.2,,,1,63,1,A01216,A01216_2020-04-29,0,2020-04-29
88.6,72.1,160.0,3.59,9.8,29.8,0.9,0.0,15.8,6.5,4.8,10.7,12.5,0.4,9.0,0.4,33.6,31.8,1.1,10.2,0,76,1,A00982,A00982_2020-04-29,0,2020-04-29
74.9,77.6,376.0,4.18,10.9,21.3,1.4,0.2,22.1,17.8,7.3,8.9,8.2,1.7,23.0,0.8,28.4,31.3,1.9,6.1,1,69,1,A01129,A01129_2020-04-29,0,2020-04-29
85.5,80.3,243.0,4.29,10.9,28.4,0.9,0.0,12.0,10.0,0.0,12.2,12.8,0.0,12.5,0.1,33.2,36.7,1.6,6.8,0,59,1,A00983,A00983_2020-04-29,0,2020-04-29
71.2,88.5,356.0,4.73,10.7,20.9,0.6,0.0,21.1,10.1,0.0,9.9,6.1,0.0,11.4,0.1,29.4,33.7,0.7,5.3,0,65,1,A00075,A00075_2020-04-29,0,2020-04-29
89.1,57.5,271.0,4.86,9.6,30.5,0.9,0.0,13.2,4.4,1.8,14.8,28.0,0.1,7.7,0.4,34.2,43.3,2.2,12.3,0,78,1,A00670,A00670_2020-04-29,0,2020-04-29
88.4,54.6,241.0,2.93,10.8,30.0,0.6,0.1,14.6,3.0,4.2,8.8,28.4,0.2,5.5,1.4,34.0,25.9,1.6,11.4,0,75,0,A00587,A00587_2020-04-29,0,2020-04-29
86.8,84.9,296.0,4.08,9.3,29.4,0.4,0.0,12.7,7.1,1.7,12.0,8.4,0.1,8.4,0.0,33.9,35.4,0.7,5.0,0,70,1,A00837,A00837_2020-04-29,0,2020-04-29
79.7,67.7,105.0,4.063333333333333,11.26666666666667,24.53333333333333,0.7,0.0,17.06666666666667,5.0,4.2,9.966666666666667,18.0,0.3,7.7,0.4,30.8,32.36666666666667,1.3,9.7,0,84,1,A01224,A01224_2020-04-29,0,2020-04-29
96.8,74.2,312.0,3.75,12.1,32.0,0.6,0.0,13.9,6.3,0.5,12.0,17.5,0.0,8.5,0.5,33.1,36.3,1.5,7.3,0,34,1,A01367,A01367_2020-04-29,0,2020-04-29
90.1,72.1,283.0,3.92,11.0,28.3,0.5,0.0,15.9,5.7,3.8,11.1,17.3,0.3,7.9,0.4,31.4,35.3,1.4,6.4,1,72,1,A00317,A00317_2020-04-29,0,2020-04-29
88.4,72.4,407.0,4.32,9.0,28.5,0.4,0.0,12.9,6.9,1.2,12.3,21.7,0.1,9.5,0.5,32.2,38.2,2.1,4.2,1,49,1,A00590,A00590_2020-04-29,0,2020-04-29
91.2,85.2,587.0,5.34,10.8,29.6,0.9,0.1,15.6,12.8,0.1,15.8,8.2,0.0,15.0,0.4,32.4,48.7,1.2,6.1,0,79,1,A00760,A00760_2020-04-29,0,2020-04-29
88.1,80.6,168.0,4.52,11.5,29.9,0.7,0.0,12.9,6.8,0.0,13.5,11.1,0.0,8.4,0.5,33.9,39.8,0.9,7.8,1,89,1,A00248,A00248_2020-04-29,0,2020-04-29
88.3,71.4,156.0,4.96,11.3,26.0,0.7,0.0,18.0,4.1,0.0,12.9,15.9,0.0,5.7,0.5,29.5,43.8,0.9,12.2,0,89,0,A00909,A00909_2020-04-29,0,2020-04-29
88.1,74.0,323.0,3.61,10.4,28.0,1.0,0.0,15.2,5.9,2.5,10.1,11.0,0.2,8.0,0.3,31.8,31.8,0.9,12.2,0,82,1,A01324,A01324_2020-04-29,0,2020-04-29
98.85,82.4,378.0,3.455,10.35,33.40000000000001,0.6,0.1,16.8,9.95,0.8,11.55,11.4,0.1,12.05,0.55,33.8,34.15000000000001,1.35,4.85,0,36,1,A00977,A00977_2020-04-29,0,2020-04-29
92.3,87.2,40.0,3.13,14.2,31.9,0.2,0.0,13.9,3.7,0.0,10.0,8.6,0.0,4.3,0.5,34.6,28.9,0.4,3.7,0,79,1,A01382,A01382_2020-04-29,0,2020-04-29
87.1,67.5,446.0,4.17,10.2,27.8,1.0,0.1,15.7,4.9,2.9,11.6,15.3,0.2,7.3,0.7,32.0,36.3,1.1,13.6,0,91,1,A00743,A00743_2020-04-30,0,2020-04-30
88.5,64.0,705.0,4.85,9.2,28.9,0.9,0.1,12.5,4.9,1.5,14.0,22.3,0.1,7.6,0.9,32.6,42.9,1.7,11.3,0,61,1,A00769,A00769_2020-04-30,0,2020-04-30
91.2,73.6,183.0,3.29,10.6,31.6,0.5,0.0,13.8,4.9,4.8,10.4,14.0,0.3,6.6,0.5,34.7,30.0,0.9,7.1,0,93,1,A00735,A00735_2020-04-30,0,2020-04-30
87.6,83.7,247.0,3.86,11.1,28.0,0.3,0.0,15.9,6.3,1.6,10.8,10.4,0.1,7.5,0.3,32.0,33.8,0.8,4.0,1,72,1,A00317,A00317_2020-04-30,0,2020-04-30
90.9,56.3,350.0,3.29,10.2,29.2,1.0,0.1,15.1,4.0,3.4,9.6,25.6,0.2,7.1,0.8,32.1,29.9,1.8,13.9,0,77,1,A00586,A00586_2020-04-30,0,2020-04-30
85.2,70.8,450.0,4.99,11.9,28.5,1.2,0.0,12.8,6.6,0.1,14.2,15.8,0.0,9.3,0.5,33.4,42.5,1.5,12.8,0,55,1,A00785,A00785_2020-04-30,0,2020-04-30
76.9,65.7,191.0,3.99,10.4,22.8,1.0,0.0,24.0,7.0,1.9,9.1,22.6,0.2,10.6,0.3,29.6,30.7,2.4,9.5,0,88,0,A01493,A01493_2020-04-30,0,2020-04-30
94.9,86.7,132.0,4.75,11.2,32.6,0.2,0.0,12.0,5.3,0.0,15.5,9.8,0.0,6.1,0.2,34.4,45.1,0.6,3.3,0,87,1,A00754,A00754_2020-04-30,0,2020-04-30
81.53333333333333,64.5,129.6666666666667,3.88,11.66666666666667,25.1,0.8,0.0,17.6,5.0,3.2,9.733333333333333,21.2,0.2,8.033333333333333,0.6,30.76666666666667,31.63333333333334,1.6,10.5,0,84,1,A01224,A01224_2020-04-30,0,2020-04-30
71.0,75.3,400.0,3.93,10.9,20.4,1.5,0.2,22.1,18.2,7.8,8.0,9.8,1.9,24.2,0.7,28.7,27.9,2.4,6.4,1,69,1,A01129,A01129_2020-04-30,0,2020-04-30
84.4,41.9,183.0,4.67,10.3,28.5,0.6,0.1,14.6,2.6,20.0,13.3,26.9,1.2,6.2,1.0,33.8,39.4,1.7,10.2,0,60,1,A00382,A00382_2020-04-30,0,2020-04-30
89.3,65.9,235.0,4.84,10.1,28.9,0.7,0.0,17.7,5.1,3.0,14.0,21.7,0.2,7.7,0.4,32.4,43.2,1.7,9.0,0,77,1,A01188,A01188_2020-04-30,0,2020-04-30
89.69999999999999,90.95,193.0,3.16,11.85,31.0,0.6,0.0,17.4,12.8,0.15,9.8,4.75,0.0,14.1,0.15,34.55,28.35,0.65,4.0,0,88,1,A01112,A01112_2020-04-30,0,2020-04-30
89.6,85.0,50.0,3.28,,28.4,0.0,0.0,,1.5,1.0,9.3,12.0,0.0,1.8,0.0,31.6,29.4,0.2,2.0,0,26,1,A00811,A00811_2020-04-30,0,2020-04-30
90.1,55.7,273.0,3.74,10.2,30.2,1.0,0.1,14.1,4.1,3.1,11.3,27.5,0.2,7.4,0.8,33.5,33.7,2.0,12.9,0,74,1,A01272,A01272_2020-04-30,0,2020-04-30
83.8,52.7,150.0,4.14,14.2,26.1,0.5,0.1,14.8,5.5,5.3,10.8,36.3,0.6,10.4,0.5,31.1,34.7,3.8,5.2,0,93,1,A00792,A00792_2020-04-30,0,2020-04-30
88.9,53.8,151.0,3.7,11.2,27.6,0.3,0.0,15.6,1.8,2.4,10.2,34.5,0.1,3.3,0.6,31.0,32.9,1.1,8.7,0,75,1,A00692,A00692_2020-04-30,0,2020-04-30
90.6,56.0,92.0,3.31,12.5,29.9,0.3,0.0,14.0,1.8,5.2,9.9,29.1,0.2,3.3,0.3,33.0,30.0,1.0,9.4,0,78,0,A00485,A00485_2020-04-30,0,2020-04-30
92.2,84.9,44.0,3.35,13.2,31.3,0.2,0.0,14.4,3.4,0.0,10.5,9.4,0.0,4.0,0.2,34.0,30.9,0.4,5.5,0,79,1,A01382,A01382_2020-04-30,0,2020-04-30
80.7,,280.0,4.2,10.1,28.8,,,11.8,,,12.1,,,18.1,,35.7,33.9,,,1,31,1,A00356,A00356_2020-04-30,0,2020-04-30
98.69999999999999,90.8,344.5,3.01,11.05,31.3,0.8,0.0,21.2,20.4,0.2,9.4,5.2,0.0,22.8,0.1,31.75,29.5,1.2,3.7,1,63,1,A00252,A00252_2020-04-30,0,2020-04-30
92.7,50.7,198.0,3.44,11.6,30.8,0.4,0.0,13.5,2.1,1.7,10.6,36.6,0.1,4.2,0.5,33.2,31.9,1.5,10.5,0,57,0,A01260,A01260_2020-04-30,0,2020-04-30
87.1,86.5,273.0,3.96,10.3,30.6,0.7,0.0,16.4,8.0,0.0,12.1,6.1,0.0,9.3,0.2,35.1,34.5,0.6,7.2,0,69,1,A00362,A00362_2020-04-30,0,2020-04-30
94.0,70.2,363.0,3.32,11.7,28.9,1.2,0.0,13.5,6.7,1.9,9.6,15.2,0.2,9.6,0.3,30.8,31.2,1.5,12.4,1,63,1,A01125,A01125_2020-04-30,0,2020-04-30
87.9,74.9,609.0,5.27,9.3,27.5,1.2,0.1,13.3,9.6,1.3,14.5,14.1,0.2,12.8,0.4,31.3,46.3,1.8,9.3,0,34,1,A00241,A00241_2020-04-30,0,2020-04-30
64.7,63.7,244.0,6.0,11.1,19.8,1.2,0.0,15.9,6.2,3.8,11.9,19.6,0.4,9.7,0.5,30.7,38.8,1.9,12.4,0,83,1,A00969,A00969_2020-04-30,0,2020-04-30
94.9,50.6,192.0,3.12,9.0,30.4,0.4,0.1,15.7,2.4,4.4,9.5,34.9,0.2,4.8,1.1,32.1,29.6,1.7,9.0,0,78,0,A00931,A00931_2020-04-30,0,2020-04-30
84.5,80.9,150.0,4.27,12.0,24.1,0.9,0.0,19.5,7.7,1.1,10.3,8.4,0.1,9.5,0.1,28.5,36.1,0.8,9.5,0,89,1,A00290,A00290_2020-04-30,0,2020-04-30
94.1,50.5,606.0,3.54,10.0,31.1,0.8,0.0,14.1,3.4,2.7,11.0,35.0,0.2,6.7,0.6,33.0,33.3,2.3,11.2,0,70,0,A01177,A01177_2020-04-30,0,2020-04-30
87.0,65.2,280.0,4.15,10.6,27.5,0.5,0.0,18.6,5.0,0.5,11.4,26.7,0.0,7.6,0.5,31.6,36.1,2.0,7.1,0,54,1,A00145,A00145_2020-04-30,0,2020-04-30
85.7,79.0,495.0,4.84,8.9,30.6,0.5,0.1,11.9,8.2,3.9,14.8,11.2,0.4,10.4,1.1,35.7,41.5,1.2,4.8,1,58,1,A01632,A01632_2020-04-30,0,2020-04-30
88.8,,223.0,4.21,11.3,28.0,,,13.9,,,11.8,,,14.3,,31.6,37.4,,,1,63,1,A01216,A01216_2020-04-30,0,2020-04-30
91.2,55.0,351.0,3.73,10.3,30.3,0.4,0.0,14.1,4.8,2.2,11.3,37.2,0.2,8.7,0.5,33.2,34.0,3.2,5.1,0,54,1,A01478,A01478_2020-04-30,0,2020-04-30
94.2,,230.0,3.26,10.6,30.7,,,17.6,,,10.0,,,21.5,,32.6,30.7,,,1,79,1,A01577,A01577_2020-04-30,0,2020-04-30
95.3,64.3,257.0,3.6,10.2,28.6,0.9,0.1,15.9,6.7,8.4,10.3,17.9,0.9,10.4,0.7,30.0,34.3,1.9,8.7,1,56,1,A00050,A00050_2020-04-30,0,2020-04-30
96.85,71.3,299.5,3.66,9.85,29.95,0.6,0.0,16.8,11.4,14.2,10.95,10.6,2.3,13.0,0.3,30.95,35.40000000000001,1.7,3.6,1,74,1,A00632,A00632_2020-04-30,0,2020-04-30
90.3,,359.0,4.72,9.1,30.5,,,13.9,,,14.4,,,10.9,,33.8,42.6,,,0,53,1,A00501,A00501_2020-04-30,0,2020-04-30
87.7,73.7,411.0,4.31,9.0,28.5,1.0,0.0,13.2,10.5,0.7,12.3,18.5,0.1,14.3,0.3,32.5,37.8,2.6,6.8,0,49,1,A00590,A00590_2020-04-30,0,2020-04-30
96.6,71.5,181.0,4.09,10.3,30.6,0.3,0.0,16.0,4.4,2.1,12.5,20.5,0.1,6.2,0.8,31.6,39.5,1.3,5.1,0,85,1,A00294,A00294_2020-04-30,0,2020-04-30
90.8,72.2,343.0,3.49,10.0,29.2,0.8,0.0,15.4,5.3,3.1,10.2,13.0,0.2,7.4,0.4,32.2,31.7,1.0,11.3,0,82,1,A01324,A01324_2020-04-30,0,2020-04-30
102.45,74.1,115.5,2.92,11.7,35.09999999999999,0.6,0.0,13.35,4.0,1.3,10.25,12.9,0.1,5.15,0.2,34.25,29.9,0.7,11.5,1,72,0,A00371,A00371_2020-04-30,0,2020-04-30
84.3,73.0,159.0,4.53,10.4,28.3,0.1,0.0,12.8,1.5,0.0,12.8,20.5,0.0,2.0,0.0,33.5,38.2,0.4,6.5,0,65,1,A01462,A01462_2020-04-30,0,2020-04-30
72.6,74.6,484.0,4.13,11.2,21.3,1.3,0.2,22.6,17.5,9.7,8.8,9.3,2.3,23.4,0.9,29.3,30.0,2.2,5.5,1,69,1,A01129,A01129_2020-05-01,1,2020-05-01
84.8,74.3,245.0,3.62,9.9,29.6,1.6,0.0,11.6,10.8,0.1,10.7,14.1,0.0,14.5,0.3,34.9,30.7,2.0,11.2,0,31,1,A00356,A00356_2020-05-01,0,2020-05-01
88.7,87.6,268.0,4.43,11.4,28.7,0.9,0.0,13.8,13.4,1.6,12.7,4.8,0.2,15.3,0.3,32.3,39.3,0.7,5.7,0,63,1,A01216,A01216_2020-05-01,0,2020-05-01
87.1,54.2,316.0,3.1,10.6,28.4,0.6,0.1,14.9,3.8,6.3,8.8,29.9,0.4,7.0,1.6,32.6,27.0,2.1,8.0,0,75,0,A00587,A00587_2020-05-01,0,2020-05-01
93.0,52.4,100.0,3.3,11.6,28.8,0.7,0.0,16.9,3.2,8.1,9.5,27.0,0.5,6.1,0.5,30.9,30.7,1.6,12.0,0,79,1,A01169,A01169_2020-05-01,0,2020-05-01
98.3,88.4,321.0,3.56,11.4,30.6,0.7,0.0,21.7,17.6,1.9,10.9,6.0,0.4,19.9,0.2,31.1,35.0,1.2,3.5,1,63,1,A00252,A00252_2020-05-01,0,2020-05-01
92.3,,259.0,4.28,9.8,32.0,,,12.9,,,13.7,,,9.0,,34.7,39.5,,,0,72,1,A01040,A01040_2020-05-01,0,2020-05-01
84.5,84.4,191.0,4.39,10.3,29.4,0.5,0.0,12.5,7.2,0.0,12.9,9.1,0.0,8.5,0.1,34.8,37.1,0.8,6.4,0,65,1,A01462,A01462_2020-05-01,0,2020-05-01
84.3,63.2,195.0,4.0,10.1,26.0,0.6,0.0,12.9,3.8,2.0,10.4,24.2,0.1,6.0,0.2,30.9,33.7,1.5,10.4,0,80,1,A00614,A00614_2020-05-01,0,2020-05-01
84.6,72.0,360.0,4.35,10.0,27.4,1.1,0.0,12.6,7.6,1.4,11.9,15.4,0.1,10.5,0.4,32.3,36.8,1.6,10.8,0,34,1,A00241,A00241_2020-05-01,0,2020-05-01
97.1,92.7,178.0,4.9,9.8,33.9,0.9,0.0,12.1,15.1,0.0,16.6,1.7,0.0,16.3,0.1,34.9,47.6,0.3,5.5,0,79,1,A01250,A01250_2020-05-01,0,2020-05-01
100.0,84.4,382.0,3.38,10.5,33.7,0.6,0.1,16.5,10.6,0.8,11.4,9.1,0.1,12.5,0.6,33.7,33.8,1.1,5.1,0,36,1,A00977,A00977_2020-05-01,0,2020-05-01
82.4,79.9,381.0,4.5,12.1,27.8,1.3,0.1,12.5,8.5,0.3,12.5,7.2,0.0,10.7,0.5,33.7,37.1,0.8,12.1,0,55,1,A00785,A00785_2020-05-01,0,2020-05-01
88.4,79.0,696.0,3.2,9.6,26.9,0.6,0.1,16.1,7.7,1.2,8.6,12.4,0.1,9.7,0.7,30.4,28.3,1.2,6.7,0,70,1,A01334,A01334_2020-05-01,0,2020-05-01
86.9,88.8,264.0,4.36,10.7,27.5,0.4,0.0,18.3,11.6,0.0,12.0,7.6,0.0,13.1,0.2,31.7,37.9,1.0,3.4,0,54,1,A00145,A00145_2020-05-01,0,2020-05-01
102.5,71.9,115.0,2.85,11.4,34.7,0.5,0.0,13.3,3.2,0.9,9.9,14.6,0.0,4.4,0.5,33.9,29.2,0.6,12.1,1,72,0,A00371,A00371_2020-05-01,0,2020-05-01
91.1,46.4,261.0,4.27,9.8,31.1,0.4,0.1,15.0,2.9,2.8,13.3,42.8,0.2,6.3,0.9,34.2,38.9,2.7,7.1,0,89,0,A00638,A00638_2020-05-01,0,2020-05-01
89.1,61.5,609.0,5.13,9.2,29.2,0.9,0.1,12.4,4.7,1.1,15.0,24.0,0.1,7.6,1.3,32.8,45.7,1.8,12.1,0,61,1,A00769,A00769_2020-05-01,0,2020-05-01
87.6,66.2,337.5,4.045,9.2,29.15,0.75,0.0,12.95,6.449999999999999,1.1,11.8,25.25,0.1,9.75,0.25,33.25,35.45,2.5,7.2,0,49,1,A00590,A00590_2020-05-01,0,2020-05-01
90.6,50.6,119.0,3.81,10.4,29.9,0.9,0.0,15.3,4.4,1.3,11.4,37.9,0.1,8.7,0.3,33.0,34.5,3.3,9.9,0,81,1,A00650,A00650_2020-05-01,0,2020-05-01
93.1,72.7,368.0,3.48,11.2,29.9,1.2,0.0,13.3,7.3,2.3,10.4,12.9,0.2,10.0,0.4,32.1,32.4,1.3,11.7,1,63,1,A01125,A01125_2020-05-01,0,2020-05-01
84.1,70.8,398.0,4.39,10.9,27.1,0.8,0.0,16.2,7.2,1.8,11.9,19.7,0.2,10.2,0.2,32.2,36.9,2.0,7.5,0,62,0,A01352,A01352_2020-05-01,0,2020-05-01
97.6,78.7,291.0,3.32,10.6,31.9,2.5,0.1,17.8,15.7,1.3,10.6,7.0,0.3,20.0,0.5,32.7,32.4,1.4,12.5,1,79,1,A01577,A01577_2020-05-01,0,2020-05-01
99.7,72.4,296.0,3.44,10.1,29.4,0.9,0.1,15.9,7.5,0.5,10.1,18.2,0.1,10.4,0.6,29.4,34.3,1.9,8.3,1,56,1,A00050,A00050_2020-05-01,0,2020-05-01
85.6,70.7,455.0,4.45,10.3,28.1,1.0,0.0,15.6,5.5,1.9,12.5,14.1,0.1,7.8,0.6,32.8,38.1,1.1,12.7,0,91,1,A00743,A00743_2020-05-01,0,2020-05-01
95.4,70.44999999999999,262.5,2.92,10.0,30.15,0.6,0.0,18.4,11.35,14.9,8.8,10.85,2.4,16.1,0.2,31.6,27.85,1.8,3.6,1,74,1,A00632,A00632_2020-05-01,0,2020-05-01
87.7,76.3,494.0,4.65,9.2,30.3,0.6,0.1,12.1,7.8,4.2,14.1,12.9,0.4,10.2,1.1,34.6,40.8,1.3,5.5,1,58,1,A01632,A01632_2020-05-01,0,2020-05-01
98.2,82.3,116.0,3.9,11.8,34.1,0.3,0.0,12.2,6.2,0.0,13.3,13.0,0.0,7.5,0.1,34.7,38.3,1.0,4.6,0,87,1,A00754,A00754_2020-05-01,0,2020-05-01
91.5,72.9,242.0,3.89,11.2,28.5,0.8,0.1,15.8,7.1,2.3,11.1,15.9,0.2,9.8,0.6,31.2,35.6,1.6,8.3,1,72,1,A00317,A00317_2020-05-01,1,2020-05-01
92.3,70.0,241.0,3.38,10.4,31.7,0.5,0.0,13.5,4.3,4.4,10.7,16.4,0.3,6.1,0.7,34.3,31.2,1.0,8.5,0,93,1,A00735,A00735_2020-05-01,0,2020-05-01
89.0,87.0,418.0,4.12,9.3,29.9,0.6,0.0,12.65,10.55,0.15,12.3,7.8,0.0,12.15,0.15,33.55,36.65000000000001,0.95,4.9,0,70,1,A00837,A00837_2020-05-01,0,2020-05-01
90.3,75.3,358.0,3.39,10.0,28.9,0.8,0.0,15.6,6.2,2.8,9.8,11.8,0.2,8.2,0.2,32.0,30.6,1.0,9.9,0,82,1,A01324,A01324_2020-05-01,0,2020-05-01
91.7,75.9,100.0,2.65,12.0,30.9,0.8,0.1,14.2,12.5,2.7,8.2,15.9,0.4,16.5,0.6,33.7,24.3,2.6,4.9,0,40,0,A01398,A01398_2020-05-01,0,2020-05-01
89.9,85.3,246.0,4.75,10.8,29.5,0.6,0.0,14.9,7.5,0.2,14.0,7.7,0.0,8.8,0.1,32.8,42.7,0.7,6.7,0,81,0,A01558,A01558_2020-05-01,0,2020-05-01
83.17499999999998,61.2,147.0,3.8225,11.2,25.325,0.9,0.05,17.55,5.15,3.3,9.675,24.4,0.25,8.549999999999999,0.65,30.425,31.8,2.05,10.45,0,84,1,A01224,A01224_2020-05-01,0,2020-05-01
87.0,65.5,307.0,4.24,9.9,28.5,0.8,0.1,13.9,5.0,3.4,12.1,19.7,0.3,7.6,0.7,32.8,36.9,1.5,10.7,0,74,1,A01272,A01272_2020-05-01,0,2020-05-01
91.6,70.1,253.0,3.45,11.4,27.8,0.8,0.0,14.9,5.2,5.4,9.6,13.5,0.4,7.4,0.5,30.4,31.6,1.0,10.5,0,81,0,A00316,A00316_2020-05-02,0,2020-05-02
85.6,61.2,143.0,4.03,12.6,28.8,0.6,0.0,13.5,4.0,4.0,11.6,24.7,0.3,6.5,0.6,33.6,34.5,1.6,9.5,0,78,0,A01417,A01417_2020-05-02,0,2020-05-02
93.1,49.6,162.0,3.89,10.7,31.1,0.5,0.0,13.3,1.8,3.7,12.1,30.9,0.1,3.6,0.6,33.4,36.2,1.1,15.2,0,70,1,A00825,A00825_2020-05-02,0,2020-05-02
100.3,84.8,291.0,3.33,10.5,30.9,0.7,0.0,21.3,16.4,4.3,10.3,7.2,0.8,19.3,0.2,30.8,33.4,1.4,3.5,1,63,1,A00252,A00252_2020-05-02,0,2020-05-02
89.0,72.7,207.0,4.73,10.1,28.5,0.8,0.1,17.5,6.8,2.6,13.5,15.9,0.2,9.4,0.6,32.1,42.1,1.5,8.2,0,77,1,A01188,A01188_2020-05-02,0,2020-05-02
98.3,70.1,327.0,3.43,11.3,29.4,0.9,0.0,12.9,5.2,1.9,10.1,15.2,0.1,7.4,0.5,30.0,33.7,1.1,12.3,1,63,1,A01125,A01125_2020-05-02,0,2020-05-02
91.2,62.7,95.0,3.31,12.3,31.1,0.2,0.0,14.1,2.3,3.5,10.3,27.6,0.1,3.7,0.3,34.1,30.2,1.0,5.9,0,78,0,A00485,A00485_2020-05-02,0,2020-05-02
101.7,63.8,126.0,2.93,11.6,34.1,0.5,0.0,12.9,2.6,2.2,10.0,20.7,0.1,4.1,0.5,33.6,29.8,0.8,12.8,1,72,0,A00371,A00371_2020-05-02,0,2020-05-02
90.7,92.8,217.0,3.23,12.1,30.7,0.4,0.0,18.6,11.7,0.0,9.9,4.0,0.0,12.6,0.2,33.8,29.3,0.5,3.0,0,88,1,A01112,A01112_2020-05-02,0,2020-05-02
86.7,33.6,158.0,4.29,11.0,27.7,0.5,0.0,13.8,1.5,6.5,11.9,48.3,0.3,4.4,0.5,32.0,37.2,2.1,11.1,0,31,0,A01534,A01534_2020-05-02,0,2020-05-02
91.05,54.2,210.5,2.985,11.25,29.2,0.8500000000000001,0.0,18.0,6.300000000000001,0.5,8.7,37.65,0.05,11.65,0.3,32.05,27.1,4.35,7.35,0,77,1,A00647,A00647_2020-05-02,0,2020-05-02
83.4,76.2,255.0,3.55,9.7,28.5,1.1,0.0,11.4,8.7,0.4,10.1,13.6,0.0,11.4,0.4,34.1,29.6,1.6,9.4,0,31,1,A00356,A00356_2020-05-02,0,2020-05-02
90.0,69.7,223.0,3.9,11.0,27.7,0.9,0.1,16.1,6.6,2.5,10.8,17.3,0.2,9.5,0.6,30.8,35.1,1.6,9.9,1,72,1,A00317,A00317_2020-05-02,1,2020-05-02
84.8,83.8,175.0,4.01,10.9,28.4,0.8,0.0,12.7,8.1,0.0,11.4,8.3,0.0,9.7,0.1,33.5,34.0,0.8,7.8,0,65,1,A01462,A01462_2020-05-02,0,2020-05-02
88.5,48.3,321.0,3.75,9.7,28.8,0.7,0.0,14.1,3.1,2.2,10.8,37.2,0.1,6.4,0.6,32.5,33.2,2.4,11.7,0,42,0,A00467,A00467_2020-05-02,0,2020-05-02
71.4,82.2,529.0,4.2,10.2,21.2,1.0,0.1,23.0,19.3,3.8,8.9,9.3,0.9,23.5,0.5,29.7,30.0,2.2,4.2,1,69,1,A01129,A01129_2020-05-02,1,2020-05-02
88.5,76.5,520.0,4.79,8.6,30.7,0.6,0.1,12.0,8.4,4.3,14.7,12.5,0.5,11.0,1.3,34.7,42.4,1.4,5.4,1,58,1,A01632,A01632_2020-05-02,0,2020-05-02
87.8,84.5,262.0,5.07,12.2,27.6,0.9,0.1,13.8,12.7,2.5,14.0,6.3,0.4,15.0,0.4,31.5,44.5,0.9,6.3,0,63,1,A01216,A01216_2020-05-02,0,2020-05-02
88.0,59.8,232.0,4.58,10.3,29.9,0.4,0.0,12.9,4.0,3.0,13.7,30.5,0.2,6.7,0.5,34.0,40.3,2.0,6.2,0,48,0,A00494,A00494_2020-05-02,0,2020-05-02
85.7,52.4,143.0,3.98,13.9,26.9,0.5,0.1,15.2,5.5,5.9,10.7,36.2,0.6,10.5,0.5,31.4,34.1,3.8,5.0,0,93,1,A00792,A00792_2020-05-02,0,2020-05-02
71.2,84.8,260.0,4.75,11.1,20.4,1.2,0.0,21.9,12.5,0.1,9.7,6.7,0.0,14.7,0.1,28.7,33.8,1.0,8.3,0,65,1,A00075,A00075_2020-05-02,0,2020-05-02
85.7,58.1,290.0,4.75,11.2,28.6,0.5,0.0,12.5,5.2,1.0,13.6,35.3,0.1,8.9,0.4,33.4,40.7,3.1,5.2,0,37,0,A00192,A00192_2020-05-02,0,2020-05-02
94.90000000000002,73.9,280.0,2.9,10.03333333333333,30.6,0.7,0.1,18.13333333333334,14.7,13.45,8.866666666666665,8.85,2.7,19.8,0.35,32.23333333333333,27.5,1.75,3.45,1,74,1,A00632,A00632_2020-05-02,0,2020-05-02
86.2,99.6,138.0,3.84,12.8,30.5,0.0,0.0,18.3,10.2,0.0,11.7,0.1,0.0,10.2,0.1,35.3,33.1,0.0,0.2,0,69,1,A00362,A00362_2020-05-03,0,2020-05-03
84.7,66.7,279.0,3.93,10.4,28.2,0.9,0.0,12.9,5.0,2.5,11.1,18.6,0.2,7.5,0.4,33.3,33.3,1.4,11.8,0,34,1,A00241,A00241_2020-05-03,0,2020-05-03
104.35,76.25,111.0,2.64,11.95,34.45,0.3,0.0,13.05,2.85,0.8,9.1,14.1,0.0,3.7,0.25,33.0,27.55,0.5,8.6,1,72,0,A00371,A00371_2020-05-03,0,2020-05-03
88.9,77.6,173.0,3.16,9.4,30.7,0.4,0.0,20.5,3.0,0.0,9.7,13.0,0.0,3.9,0.0,34.5,28.1,0.5,9.4,0,62,0,A00896,A00896_2020-05-03,0,2020-05-03
90.8,87.8,293.0,4.0,12.1,28.8,0.8,0.1,13.8,15.5,2.4,11.5,4.9,0.4,17.6,0.4,31.7,36.3,0.9,4.5,0,63,1,A01216,A01216_2020-05-03,0,2020-05-03
70.7,83.6,580.0,4.2,10.3,21.0,1.1,0.1,23.0,20.1,4.3,8.8,7.1,1.0,24.0,0.5,29.6,29.7,1.7,4.5,1,69,1,A01129,A01129_2020-05-03,1,2020-05-03
96.2,68.2,319.0,3.9,11.9,31.3,0.8,0.0,14.1,5.1,0.4,12.2,20.8,0.0,7.5,0.5,32.5,37.5,1.6,10.1,0,34,1,A01367,A01367_2020-05-03,0,2020-05-03
77.2,60.1,204.0,3.82,10.8,22.8,0.9,0.1,24.3,6.3,2.6,8.7,27.8,0.3,10.5,0.6,29.5,29.5,2.9,8.9,0,88,0,A01493,A01493_2020-05-03,0,2020-05-03
96.0,66.0,140.0,3.75,10.6,31.2,0.3,0.0,16.0,3.0,1.8,11.7,25.4,0.1,4.6,0.7,32.5,36.0,1.2,6.1,0,85,1,A00294,A00294_2020-05-03,0,2020-05-03
101.3,88.3,259.0,3.14,10.8,31.2,0.5,0.0,20.7,17.5,4.8,9.8,4.4,1.0,19.8,0.2,30.8,31.8,0.9,2.3,1,63,1,A00252,A00252_2020-05-03,0,2020-05-03
95.4,86.5,380.0,3.69,10.7,31.4,2.1,0.1,18.0,25.1,0.5,11.6,5.4,0.1,29.0,0.3,33.0,35.2,1.6,7.3,1,79,1,A01577,A01577_2020-05-03,0,2020-05-03
93.4,74.6,301.0,3.48,10.0,30.5,0.7,0.1,18.1,16.8,14.0,10.6,8.0,3.2,22.5,0.5,32.6,32.5,1.8,2.9,1,74,1,A00632,A00632_2020-05-03,0,2020-05-03
83.6,59.1,269.0,4.46,9.6,28.3,0.6,0.1,12.7,5.7,0.8,12.6,32.9,0.1,9.7,0.7,33.8,37.3,3.2,6.5,0,49,1,A00590,A00590_2020-05-03,0,2020-05-03
89.4,74.6,543.0,4.89,9.2,31.3,0.6,0.1,12.3,8.5,5.8,15.3,13.4,0.7,11.4,1.0,35.0,43.7,1.5,5.2,1,58,1,A01632,A01632_2020-05-03,0,2020-05-03
99.1,82.5,450.0,3.39,10.0,33.6,0.9,0.1,16.5,10.8,0.9,11.4,9.4,0.1,13.1,0.5,33.9,33.6,1.2,6.7,0,36,1,A00977,A00977_2020-05-03,0,2020-05-03
91.6,65.2,202.0,3.8,10.4,28.4,0.9,0.0,16.2,5.2,3.1,10.8,20.5,0.2,8.0,0.5,31.0,34.8,1.6,10.7,1,72,1,A00317,A00317_2020-05-03,1,2020-05-03
93.5,50.1,221.0,3.07,8.9,30.6,0.8,0.0,16.0,3.4,3.8,9.4,33.8,0.3,6.8,0.7,32.8,28.7,2.3,11.6,0,78,0,A00931,A00931_2020-05-03,0,2020-05-03
89.8,88.9,135.0,4.6,12.7,30.0,0.7,0.0,16.0,13.2,0.5,13.8,5.3,0.1,14.8,0.3,33.4,41.3,0.8,5.0,0,78,1,A00893,A00893_2020-05-03,0,2020-05-03
87.8,85.5,287.0,3.68,10.2,30.7,2.0,0.0,16.7,17.9,0.2,11.3,4.7,0.0,20.9,0.1,35.0,32.3,1.0,9.5,0,56,1,A00530,A00530_2020-05-03,0,2020-05-03
91.5,52.3,136.0,3.28,11.1,29.0,0.7,0.0,16.6,2.9,10.1,9.5,25.4,0.6,5.6,0.5,31.7,30.0,1.4,11.7,0,79,1,A01169,A01169_2020-05-03,0,2020-05-03
96.7,24.0,114.5,3.21,10.0,33.2,0.35,0.0,14.1,0.7,2.5,10.65,60.8,0.1,2.8,0.2,34.34999999999999,31.05,1.7,12.5,0,69,1,A00227,A00227_2020-05-03,0,2020-05-03
82.6,79.8,349.0,4.48,13.1,27.5,1.0,0.0,12.9,7.3,0.8,12.3,7.8,0.1,9.1,0.5,33.2,37.0,0.7,11.1,0,55,1,A00785,A00785_2020-05-03,0,2020-05-03
81.7,63.6,203.0,4.05,11.7,25.2,0.9,0.1,17.4,6.4,2.5,10.2,24.0,0.3,10.1,0.8,30.8,33.1,2.4,9.1,0,84,1,A01224,A01224_2020-05-03,0,2020-05-03
91.5,61.9,202.5,4.295,10.1,32.0,1.2,0.1,13.3,6.8,7.1,13.75,19.6,0.8,10.2,0.9,35.0,39.3,2.2,10.5,0,72,1,A01040,A01040_2020-05-03,0,2020-05-03
103.7,68.1,129.0,2.72,12.1,34.6,0.4,0.0,13.2,2.7,1.8,9.4,19.2,0.1,4.0,0.5,33.3,28.2,0.8,10.4,1,72,0,A00371,A00371_2020-05-04,0,2020-05-04
90.5,55.7,453.0,4.84,9.5,29.5,1.0,0.1,12.5,4.0,1.1,14.3,28.0,0.1,7.2,1.2,32.6,43.8,2.0,14.0,0,61,1,A00769,A00769_2020-05-04,0,2020-05-04
96.9,80.8,418.0,3.21,11.0,34.3,1.0,0.1,15.8,11.3,1.4,11.0,10.2,0.2,14.0,0.8,35.4,31.1,1.4,6.8,0,36,1,A00977,A00977_2020-05-04,0,2020-05-04
91.9,56.7,184.0,3.58,10.7,27.9,1.0,0.1,16.1,4.1,4.4,10.0,24.9,0.3,7.3,0.7,30.4,32.9,1.8,13.3,1,72,1,A00317,A00317_2020-05-04,1,2020-05-04
86.4,52.8,183.0,4.94,13.5,28.7,1.0,0.0,15.0,4.7,2.9,14.2,32.9,0.3,8.9,0.4,33.3,42.7,2.9,11.0,0,93,0,A00224,A00224_2020-05-04,0,2020-05-04
100.7,86.1,285.0,2.95,10.6,31.2,0.6,0.0,20.2,14.7,4.7,9.2,5.7,0.8,17.1,0.2,31.0,29.7,1.0,3.3,1,63,1,A00252,A00252_2020-05-04,0,2020-05-04
87.2,82.8,357.0,3.91,9.4,29.4,0.8,0.0,12.4,10.4,0.3,11.5,10.3,0.0,12.6,0.1,33.7,34.1,1.3,6.5,0,70,1,A00837,A00837_2020-05-04,0,2020-05-04
88.3,62.0,362.0,3.93,10.3,29.0,0.6,0.1,14.6,4.1,3.5,11.4,24.9,0.2,6.6,1.2,32.9,34.7,1.6,8.4,0,70,0,A00376,A00376_2020-05-04,0,2020-05-04
87.9,72.3,524.0,4.78,8.9,30.8,0.6,0.1,12.5,8.3,7.0,14.7,14.8,0.8,11.5,0.8,35.0,42.0,1.7,5.1,1,58,1,A01632,A01632_2020-05-04,0,2020-05-04
85.2,66.5,171.0,4.12,10.4,27.9,0.8,0.0,12.7,4.9,0.3,11.5,21.8,0.0,7.3,0.0,32.8,35.1,1.6,11.4,0,65,1,A01462,A01462_2020-05-04,0,2020-05-04
89.3,34.2,277.0,4.4,11.1,30.2,0.6,0.1,14.2,2.0,2.0,13.3,51.8,0.1,5.9,1.5,33.8,39.3,3.1,10.5,0,63,1,A00911,A00911_2020-05-04,0,2020-05-04
90.4,49.8,113.0,3.84,10.5,30.2,0.8,0.0,16.1,3.7,0.7,11.6,38.7,0.1,7.5,0.4,33.4,34.7,2.9,10.4,0,81,1,A00650,A00650_2020-05-04,0,2020-05-04
85.0,82.75,268.5,2.905,10.55,27.7,0.2,0.0,16.15,4.9,1.0,8.05,13.3,0.0,5.9,0.35,32.6,24.7,0.75,2.6,0,86,1,A01437,A01437_2020-05-04,0,2020-05-04
89.7,77.3,417.0,3.4,10.5,28.2,0.9,0.0,15.7,7.0,3.4,9.6,9.1,0.3,9.1,0.4,31.5,30.5,0.8,9.8,0,82,1,A01324,A01324_2020-05-04,0,2020-05-04
91.0,71.9,48.0,3.34,,28.7,0.3,0.0,,2.1,4.2,9.6,14.2,0.1,2.9,1.0,31.6,30.4,0.4,8.7,0,26,1,A00811,A00811_2020-05-04,0,2020-05-04
91.0,42.1,221.0,4.32,9.0,31.0,0.5,0.1,14.5,1.6,2.4,13.4,40.0,0.1,3.7,1.4,34.1,39.3,1.5,14.1,0,60,1,A00774,A00774_2020-05-04,0,2020-05-04
90.3,59.3,107.0,3.2,12.3,29.7,0.3,0.0,13.8,2.0,3.9,9.5,26.9,0.1,3.3,0.3,32.9,28.9,0.9,9.6,0,78,0,A00485,A00485_2020-05-04,0,2020-05-04
92.7,59.0,303.0,3.27,10.3,30.3,0.7,0.1,15.9,4.1,1.9,9.9,27.6,0.1,6.9,0.9,32.7,30.3,1.9,10.6,0,77,1,A00586,A00586_2020-05-04,0,2020-05-04
96.7,60.8,316.0,4.52,11.4,30.3,1.2,0.0,12.9,6.3,1.8,13.7,25.4,0.2,10.4,0.4,31.4,43.7,2.6,11.6,0,86,1,A01226,A01226_2020-05-04,0,2020-05-04
91.6,69.5,278.0,3.8,11.4,28.2,0.8,0.0,15.2,4.8,2.8,10.7,16.2,0.2,6.9,0.6,30.7,34.8,1.1,10.9,0,81,0,A00316,A00316_2020-05-04,0,2020-05-04
96.05000000000001,91.5,193.5,2.925,12.35,30.6,0.4,0.0,19.0,9.3,0.1,8.95,4.3,0.0,10.15,0.15,31.85,28.1,0.45,3.95,0,88,1,A01112,A01112_2020-05-04,0,2020-05-04
86.5,45.8,200.0,4.75,9.8,28.4,0.4,0.0,16.3,2.4,3.2,13.5,42.0,0.2,5.3,0.6,32.8,41.1,2.2,8.4,0,56,1,A00870,A00870_2020-05-04,0,2020-05-04
94.1,48.7,180.0,3.72,11.8,31.5,0.4,0.0,13.9,2.3,1.5,11.7,41.2,0.1,4.7,0.4,33.4,35.0,1.9,8.2,0,57,0,A01260,A01260_2020-05-04,0,2020-05-04
88.3,44.9,364.0,3.16,11.7,28.5,0.5,0.1,15.9,2.0,3.4,9.0,38.4,0.1,4.4,1.6,32.3,27.9,1.7,11.7,0,94,0,A01003,A01003_2020-05-04,0,2020-05-04
90.4,84.0,316.0,3.84,11.6,28.6,0.9,0.0,13.6,12.3,2.2,11.0,7.2,0.3,14.7,0.3,31.7,34.7,1.1,6.3,0,63,1,A01216,A01216_2020-05-04,0,2020-05-04
85.0,77.9,145.0,4.19,12.2,24.3,0.8,0.0,20.5,6.4,1.1,10.2,10.5,0.1,8.2,0.2,28.7,35.6,0.9,10.3,0,89,1,A00290,A00290_2020-05-04,0,2020-05-04
84.3,61.6,169.0,3.76,13.7,26.3,0.6,0.1,15.3,6.3,1.8,9.9,29.9,0.2,10.3,0.6,31.2,31.7,3.1,6.1,0,93,1,A00792,A00792_2020-05-04,0,2020-05-04
77.7,72.2,81.0,3.275,11.1,26.3,0.2,0.0,15.35,1.4,0.5,8.600000000000001,17.5,0.0,1.9,0.5,33.8,25.45,0.3,9.3,0,54,1,A01043,A01043_2020-05-04,0,2020-05-04
88.3,54.4,110.0,4.01,10.9,27.7,0.2,0.0,17.1,2.1,1.0,11.1,40.2,0.0,3.9,0.0,31.4,35.4,1.6,4.4,0,64,1,A00522,A00522_2020-05-04,0,2020-05-04
91.3,53.05,356.0,2.91,9.8,28.85,0.7,0.0,16.8,3.6,1.4,8.4,35.25,0.1,6.8,0.45,31.6,26.55,2.4,9.85,0,87,1,A01596,A01596_2020-05-04,0,2020-05-04
93.3,,301.0,3.71,10.3,29.9,,,18.1,,,11.1,,,20.1,,32.1,34.6,,,1,74,1,A00632,A00632_2020-05-04,0,2020-05-04
80.7,58.9,230.0,4.19,10.8,25.1,0.9,0.1,17.8,5.8,4.0,10.5,27.1,0.4,9.9,0.9,31.1,33.8,2.7,9.1,0,84,1,A01224,A01224_2020-05-04,0,2020-05-04
88.7,55.4,383.0,3.37,11.5,28.8,1.0,0.0,14.6,4.0,3.7,9.7,26.4,0.3,7.3,0.6,32.4,29.9,1.9,13.9,0,56,1,A00717,A00717_2020-05-04,0,2020-05-04
84.9,70.8,303.0,4.05,11.7,27.4,0.6,0.1,14.5,8.2,7.5,11.1,15.7,0.9,11.6,0.6,32.3,34.4,1.8,5.4,0,76,1,A00765,A00765_2020-05-04,0,2020-05-04
86.7,75.1,194.0,4.35,10.6,27.6,0.6,0.0,18.0,5.9,0.1,12.0,17.0,0.0,7.8,0.1,31.8,37.7,1.3,7.7,0,54,1,A00145,A00145_2020-05-04,0,2020-05-04
73.4,93.8,640.0,3.95,10.9,21.5,2.4,0.2,22.9,61.6,0.0,8.5,2.3,0.0,65.7,0.3,29.3,29.0,1.5,3.6,1,69,1,A01129,A01129_2020-05-04,1,2020-05-04
108.9,70.0,185.0,3.05,9.3,35.1,0.5,0.0,17.9,5.5,0.1,10.7,23.0,0.0,7.8,0.4,32.2,33.2,1.8,6.5,0,62,1,A00254,A00254_2020-05-04,0,2020-05-04
81.7,58.4,234.0,3.89,11.0,24.7,0.9,0.1,18.1,6.1,3.1,9.6,29.6,0.3,10.4,0.7,30.2,31.8,3.1,8.2,0,84,1,A01224,A01224_2020-05-05,0,2020-05-05
76.9,63.9,94.0,2.94,9.9,26.2,0.1,0.0,15.1,1.0,1.3,7.7,27.8,0.0,1.6,0.0,34.1,22.6,0.4,7.0,0,54,1,A01043,A01043_2020-05-05,0,2020-05-05
88.1,77.0,296.0,3.88,9.3,29.1,0.8,0.0,12.5,9.5,1.1,11.3,14.9,0.1,12.3,0.1,33.0,34.2,1.8,6.9,0,70,1,A00837,A00837_2020-05-05,0,2020-05-05
97.1,,360.0,3.14,10.8,31.5,,,18.5,,,9.9,,,28.9,,32.5,30.5,,,1,79,1,A01577,A01577_2020-05-05,0,2020-05-05
83.0,51.2,196.0,4.18,11.4,27.8,0.6,0.0,13.5,3.4,10.4,11.6,29.2,0.7,6.7,0.6,33.4,34.7,2.0,8.6,0,78,0,A01417,A01417_2020-05-05,0,2020-05-05
91.4,62.2,329.0,3.37,9.9,31.8,0.9,0.1,14.6,6.5,4.3,10.7,23.9,0.4,10.4,1.2,34.7,30.8,2.5,8.4,0,40,0,A01398,A01398_2020-05-05,0,2020-05-05
86.7,55.0,205.0,4.83,13.4,28.4,1.1,0.1,15.0,5.9,2.5,13.7,31.3,0.3,10.7,0.6,32.7,41.9,3.3,10.6,0,93,0,A00224,A00224_2020-05-05,0,2020-05-05
90.4,53.1,200.0,3.55,10.7,28.5,0.7,0.0,16.9,3.5,9.0,10.1,27.4,0.6,6.5,0.3,31.5,32.1,1.8,10.2,0,79,1,A01169,A01169_2020-05-05,0,2020-05-05
92.1,62.8,119.0,4.32,13.4,29.6,0.5,0.0,16.1,3.6,8.7,12.8,19.7,0.5,5.8,0.2,32.2,39.8,1.1,8.6,0,76,0,A00297,A00297_2020-05-05,0,2020-05-05
94.8,46.6,283.0,3.49,11.0,32.7,0.7,0.1,13.5,3.4,4.0,11.4,38.5,0.3,7.2,1.0,34.4,33.1,2.8,9.9,0,62,0,A01608,A01608_2020-05-05,0,2020-05-05
86.3,67.9,366.0,3.94,10.4,28.9,0.7,0.0,13.3,4.8,3.0,11.4,18.8,0.2,7.1,0.4,33.5,34.0,1.3,9.9,0,34,1,A00241,A00241_2020-05-05,0,2020-05-05
88.5,88.3,313.0,3.74,11.9,28.1,0.6,0.0,13.6,10.4,0.8,10.5,5.2,0.1,11.8,0.3,31.7,33.1,0.6,5.4,0,63,1,A01216,A01216_2020-05-05,0,2020-05-05
83.6,68.5,199.0,3.65,10.6,28.8,0.4,0.0,15.5,4.7,8.0,10.5,16.8,0.6,6.9,0.3,34.4,30.5,1.2,6.4,0,86,1,A01437,A01437_2020-05-05,0,2020-05-05
91.95,69.75,247.0,3.77,11.75,28.5,0.6499999999999999,0.0,15.2,4.449999999999999,4.15,10.75,15.35,0.25,6.4,0.6499999999999999,31.0,34.65,0.95,10.1,0,81,0,A00316,A00316_2020-05-05,0,2020-05-05
93.4,59.4,144.0,3.32,11.1,28.0,0.7,0.0,16.1,4.1,6.3,9.3,23.3,0.4,6.9,0.4,30.0,31.0,1.6,10.6,1,72,1,A00317,A00317_2020-05-05,1,2020-05-05
86.7,48.3,329.0,4.35,9.8,29.4,0.8,0.0,13.8,4.3,0.7,12.8,42.1,0.1,8.9,0.4,34.0,37.7,3.7,8.5,0,27,0,A01335,A01335_2020-05-05,0,2020-05-05
84.1,83.8,347.0,4.34,12.4,27.6,0.7,0.0,13.3,7.6,1.3,12.0,7.3,0.1,9.1,0.2,32.9,36.5,0.7,7.4,0,55,1,A00785,A00785_2020-05-05,0,2020-05-05
89.1,71.5,222.0,3.13,11.3,30.0,0.5,0.1,13.4,4.7,0.9,9.4,19.0,0.1,6.6,0.8,33.7,27.9,1.3,7.8,0,86,0,A00424,A00424_2020-05-05,0,2020-05-05
106.0,67.5,140.0,2.67,12.2,35.6,0.4,0.0,13.4,2.8,2.4,9.5,20.0,0.1,4.1,0.7,33.6,28.3,0.8,9.4,1,72,0,A00371,A00371_2020-05-05,0,2020-05-05
91.6,62.1,121.0,3.23,12.0,29.4,0.3,0.0,13.7,1.9,4.5,9.5,24.7,0.1,3.1,0.3,32.1,29.6,0.8,8.4,0,78,0,A00485,A00485_2020-05-05,0,2020-05-05
72.8,91.3,708.0,3.86,10.4,22.0,1.8,0.1,23.4,33.0,0.2,8.5,3.2,0.1,36.1,0.3,30.2,28.1,1.2,5.0,1,69,1,A01129,A01129_2020-05-05,1,2020-05-05
72.4,80.6,204.0,4.74,,21.1,1.1,0.0,23.3,9.6,0.7,10.0,9.6,0.1,11.9,0.1,29.2,34.3,1.1,9.0,0,65,1,A00075,A00075_2020-05-05,0,2020-05-05
88.1,65.8,214.0,4.7,10.4,28.1,0.8,0.0,17.2,5.1,2.4,13.2,20.3,0.2,7.7,0.5,31.9,41.4,1.6,11.0,0,77,1,A01188,A01188_2020-05-05,0,2020-05-05
97.6,79.7,311.0,3.74,10.2,30.2,0.7,0.1,17.6,14.4,9.3,11.3,7.1,1.7,18.1,0.3,31.0,36.5,1.3,3.6,1,74,1,A00632,A00632_2020-05-05,1,2020-05-05
89.4,74.5,369.0,3.02,10.0,28.5,0.9,0.0,15.9,5.1,2.6,8.6,10.1,0.2,6.9,0.3,31.9,27.0,0.7,12.5,0,82,1,A01324,A01324_2020-05-05,0,2020-05-05
89.8,42.6,149.0,4.1,11.1,28.8,0.5,0.0,14.0,2.0,6.7,11.8,39.0,0.3,4.8,0.4,32.1,36.8,1.9,11.3,0,31,0,A01534,A01534_2020-05-05,0,2020-05-05
75.2,57.3,262.0,4.12,10.9,22.3,1.0,0.1,24.9,6.4,2.2,9.2,31.1,0.2,11.2,0.5,29.7,31.0,3.5,8.9,0,88,0,A01493,A01493_2020-05-05,0,2020-05-05
105.3,84.9,327.0,2.81,10.6,31.7,0.5,0.0,20.8,12.1,5.6,8.9,5.4,0.8,14.3,0.3,30.1,29.6,0.8,3.8,1,63,1,A00252,A00252_2020-05-05,0,2020-05-05
96.9,56.5,224.0,3.58,11.6,31.0,0.4,0.0,13.6,2.0,1.9,11.1,29.8,0.1,3.6,0.8,32.0,34.7,1.1,11.0,0,34,1,A01367,A01367_2020-05-06,0,2020-05-06
78.8,65.6,253.0,6.13,11.4,26.4,1.7,0.0,13.6,7.7,0.4,16.2,19.6,0.0,11.8,0.3,33.5,48.3,2.3,14.1,0,63,1,A01055,A01055_2020-05-06,0,2020-05-06
95.2,88.2,449.0,3.36,10.7,33.3,1.0,0.1,15.9,17.1,0.2,11.2,6.1,0.0,19.4,0.6,35.0,32.0,1.2,4.9,0,36,1,A00977,A00977_2020-05-06,0,2020-05-06
84.6,75.1,193.0,4.055,10.6,28.0,1.0,0.0,12.55,6.949999999999999,0.7,11.35,13.6,0.05,9.25,0.1,33.09999999999999,34.3,1.25,10.5,0,65,1,A01462,A01462_2020-05-06,0,2020-05-06
88.75,50.35,338.5,4.785,9.65,29.35,0.8500000000000001,0.1,12.75,3.2,1.3,14.05,33.15,0.1,6.4,1.45,33.1,42.45,2.1,13.75,0,61,1,A00769,A00769_2020-05-06,0,2020-05-06
91.6,43.6,136.0,3.8,10.7,30.3,0.6,0.0,16.9,3.1,1.2,11.5,45.9,0.1,7.0,0.4,33.0,34.8,3.2,8.9,0,81,1,A00650,A00650_2020-05-06,0,2020-05-06
92.2,70.5,450.0,3.61,10.3,29.1,1.0,0.0,16.0,5.9,3.7,10.5,13.4,0.3,8.4,0.5,31.5,33.3,1.1,11.9,0,82,1,A01324,A01324_2020-05-06,0,2020-05-06
97.5,,335.0,3.053333333333333,10.76666666666667,31.4,,,18.5,,,9.6,,,27.23333333333333,,32.26666666666667,29.76666666666667,,,1,79,1,A01577,A01577_2020-05-06,0,2020-05-06
96.2,72.9,105.0,3.64,12.0,29.9,2.3,0.0,15.5,11.1,0.1,10.9,12.0,0.0,15.2,0.1,31.1,35.0,1.8,14.9,1,83,0,A00088,A00088_2020-05-06,0,2020-05-06
90.7,68.3,194.0,3.87,10.5,32.3,1.1,0.1,13.7,7.2,5.9,12.5,14.6,0.6,10.6,0.8,35.6,35.1,1.5,10.4,0,72,1,A01040,A01040_2020-05-06,0,2020-05-06
95.1,61.7,122.0,2.45,9.4,31.0,0.2,0.0,17.6,1.8,1.4,7.6,28.8,0.0,2.9,0.0,32.6,23.3,0.8,8.1,0,67,1,A00866,A00866_2020-05-06,0,2020-05-06
84.6,58.0,182.0,3.84,13.2,26.8,0.5,0.0,15.5,4.6,4.1,10.3,31.3,0.3,7.9,0.5,31.7,32.5,2.5,6.1,0,93,1,A00792,A00792_2020-05-06,0,2020-05-06
98.3,79.5,310.0,3.45,10.5,30.7,1.1,0.1,18.0,17.1,9.2,10.6,5.9,2.0,21.5,0.3,31.3,33.9,1.3,5.1,1,74,1,A00632,A00632_2020-05-06,1,2020-05-06
98.1,91.3,182.0,2.67,12.7,30.7,0.3,0.0,19.2,6.9,0.0,8.2,4.9,0.0,7.6,0.1,31.3,26.2,0.4,3.7,0,88,1,A01112,A01112_2020-05-06,0,2020-05-06
96.3,81.4,164.0,4.27,12.1,30.0,0.5,0.0,19.1,7.4,1.4,12.8,12.1,0.1,9.1,0.1,31.1,41.1,1.1,5.0,0,91,1,A00932,A00932_2020-05-06,0,2020-05-06
89.6,66.5,97.0,2.97,10.1,29.3,0.7,0.0,12.7,4.6,0.4,8.7,23.1,0.0,6.9,0.1,32.7,26.6,1.6,9.9,1,42,1,A00304,A00304_2020-05-06,0,2020-05-06
91.3,70.5,40.0,3.11,,30.2,0.3,0.0,22.5,2.2,3.6,9.4,13.8,0.1,3.1,1.0,33.1,28.4,0.4,11.1,0,26,1,A00811,A00811_2020-05-06,0,2020-05-06
105.95,91.4,345.5,2.675,10.25,32.0,0.7,0.0,20.7,13.5,0.9,8.55,3.1,0.1,13.4,0.2,30.2,28.35,0.5,4.4,1,63,1,A00252,A00252_2020-05-06,0,2020-05-06
81.3,68.2,246.0,3.75,10.6,25.3,0.6,0.1,18.4,5.7,1.8,9.5,22.4,0.2,8.4,0.6,31.1,30.5,1.9,7.0,0,84,1,A01224,A01224_2020-05-06,0,2020-05-06
99.7,72.4,297.0,3.21,10.7,30.5,1.2,0.1,18.3,18.2,16.1,9.8,6.6,4.0,25.1,0.2,30.6,32.0,1.7,4.7,1,74,1,A00632,A00632_2020-05-07,1,2020-05-07
86.3,51.9,211.0,4.1,11.1,29.0,0.7,0.1,14.1,3.5,7.5,11.9,29.9,0.5,6.7,0.8,33.6,35.4,2.0,9.9,0,78,0,A01417,A01417_2020-05-07,0,2020-05-07
72.8,75.2,143.0,4.63,11.6,22.2,1.0,0.0,24.3,10.1,2.2,10.3,14.8,0.3,13.4,0.1,30.6,33.7,2.0,7.7,0,65,1,A00075,A00075_2020-05-07,0,2020-05-07
80.5,,151.0,4.73,11.7,27.3,,,16.9,,,12.9,,,7.4,,33.9,38.1,,,0,39,1,A01387,A01387_2020-05-07,0,2020-05-07
90.0,86.2,299.0,3.3,11.6,28.8,0.7,0.0,13.4,9.4,1.8,9.5,5.3,0.2,10.9,0.2,32.0,29.7,0.6,6.5,0,63,1,A01216,A01216_2020-05-07,0,2020-05-07
79.8,54.9,116.0,3.61,9.1,26.3,0.1,0.0,15.2,0.9,2.4,9.5,33.7,0.0,1.7,0.6,33.0,28.8,0.6,8.4,0,54,1,A01043,A01043_2020-05-07,0,2020-05-07
82.9,81.7,136.0,4.28,11.2,24.8,0.7,0.0,20.6,5.6,0.9,10.6,7.4,0.1,6.9,0.3,29.9,35.5,0.5,9.7,0,89,1,A00290,A00290_2020-05-07,0,2020-05-07
90.7,63.7,200.0,3.88,12.2,28.4,0.5,0.0,15.3,3.2,5.0,11.0,20.1,0.3,5.0,0.6,31.3,35.2,1.0,10.6,0,81,0,A00316,A00316_2020-05-07,0,2020-05-07
85.1,66.9,199.0,4.78,12.0,26.6,1.0,0.1,18.6,5.6,0.0,12.7,20.3,0.0,8.3,0.8,31.2,40.7,1.7,12.0,0,89,0,A00909,A00909_2020-05-07,0,2020-05-07
106.4,82.0,390.0,2.67,10.0,31.8,0.8,0.0,21.7,9.6,5.7,8.5,4.9,0.7,11.7,0.3,29.9,28.4,0.6,7.1,1,63,1,A00252,A00252_2020-05-07,0,2020-05-07
83.5,84.4,320.0,4.19,12.1,27.9,0.6,0.0,13.3,8.6,1.6,11.7,7.7,0.2,10.2,0.3,33.4,35.0,0.8,6.0,0,55,1,A00785,A00785_2020-05-07,0,2020-05-07
91.5,88.0,153.0,2.59,10.3,30.5,0.7,0.0,16.2,8.9,0.0,7.9,5.4,0.0,10.1,0.1,33.3,23.7,0.5,6.5,0,56,1,A00530,A00530_2020-05-07,0,2020-05-07
97.33333333333333,,290.6666666666667,2.84,10.93333333333333,31.8,,,18.46666666666667,,,9.033333333333333,,,23.9,,32.7,27.63333333333334,,,1,79,1,A01577,A01577_2020-05-07,0,2020-05-07
83.2,70.2,281.0,3.98,9.9,25.9,1.0,0.0,16.6,6.5,1.7,10.3,17.0,0.2,9.3,0.3,31.1,33.1,1.6,10.8,0,70,0,A00284,A00284_2020-05-07,0,2020-05-07
86.3,68.2,339.0,3.8,10.1,28.4,0.5,0.0,13.4,4.1,4.3,10.8,19.2,0.3,6.0,0.3,32.9,32.8,1.2,8.0,0,34,1,A00241,A00241_2020-05-07,0,2020-05-07
106.9,69.3,149.0,2.6,12.5,35.0,0.4,0.0,14.1,3.0,2.1,9.1,18.7,0.1,4.3,0.7,32.7,27.8,0.8,9.2,1,72,0,A00371,A00371_2020-05-07,0,2020-05-07
83.8,46.2,221.0,4.07,10.2,27.8,0.4,0.0,15.2,2.4,8.6,11.3,36.0,0.4,5.1,0.6,33.1,34.1,1.8,8.6,0,86,1,A01437,A01437_2020-05-07,0,2020-05-07
88.0,66.6,219.0,4.66,10.6,28.8,0.8,0.1,16.9,5.7,2.1,13.4,21.1,0.2,8.5,0.7,32.7,41.0,1.8,9.5,0,77,1,A01188,A01188_2020-05-07,0,2020-05-07
81.8,69.2,280.0,4.0,10.6,25.3,0.7,0.1,18.7,6.0,1.1,10.1,20.9,0.1,8.7,0.8,30.9,32.7,1.8,8.0,0,84,1,A01224,A01224_2020-05-07,0,2020-05-07
74.5,58.3,331.0,4.12,11.2,22.8,1.1,0.1,24.1,7.1,2.4,9.4,29.2,0.3,12.1,0.7,30.6,30.7,3.5,9.4,0,88,0,A01493,A01493_2020-05-07,0,2020-05-07
87.6,72.2,103.0,2.9,10.1,29.7,0.4,0.0,12.5,4.3,0.5,8.6,20.4,0.0,6.0,0.3,33.9,25.4,1.2,6.6,1,42,1,A00304,A00304_2020-05-08,0,2020-05-08
91.0,65.4,117.0,3.11,11.8,29.6,0.2,0.0,13.4,2.0,5.0,9.2,21.3,0.2,3.0,0.7,32.5,28.3,0.6,7.6,0,78,0,A00485,A00485_2020-05-08,0,2020-05-08
100.0,75.4,306.0,3.58,10.3,30.2,1.2,0.1,18.6,17.6,12.0,10.8,7.2,2.8,23.3,0.3,30.2,35.8,1.7,5.1,1,74,1,A00632,A00632_2020-05-08,1,2020-05-08
94.2,,289.0,3.706666666666667,10.66666666666667,30.76666666666667,,,18.66666666666667,,,11.4,,,24.26666666666667,,32.66666666666666,34.9,,,1,79,1,A01577,A01577_2020-05-08,0,2020-05-08
106.0,83.5,395.0,3.16,9.9,30.7,1.0,0.0,22.6,10.4,3.4,9.7,4.8,0.4,12.5,0.3,29.0,33.5,0.6,8.0,1,63,1,A00252,A00252_2020-05-08,0,2020-05-08
79.7,66.1,280.0,4.03,10.6,25.6,0.8,0.1,18.3,6.2,1.4,10.3,23.6,0.1,9.4,0.7,32.1,32.1,2.2,8.2,0,84,1,A01224,A01224_2020-05-08,0,2020-05-08
86.8,59.3,255.0,3.34,12.2,28.4,0.5,0.1,16.3,3.0,2.2,9.5,26.5,0.1,5.0,1.6,32.8,29.0,1.3,10.4,0,94,0,A01003,A01003_2020-05-08,0,2020-05-08
100.7,73.6,122.0,2.96,13.6,31.1,0.3,0.0,19.6,4.3,0.2,9.2,20.2,0.0,5.8,0.0,30.9,29.8,1.2,6.0,0,75,1,A00358,A00358_2020-05-08,0,2020-05-08
89.7,71.0,37.0,3.31,,29.0,0.4,0.0,20.9,2.5,4.3,9.6,11.6,0.2,3.5,0.6,32.3,29.7,0.4,12.5,0,26,1,A00811,A00811_2020-05-08,0,2020-05-08
91.2,58.0,335.0,3.63,10.5,32.2,1.2,0.1,13.6,6.6,7.6,11.7,23.1,0.9,11.3,1.1,35.3,33.1,2.6,10.2,0,72,1,A01040,A01040_2020-05-08,0,2020-05-08
90.5,63.5,522.0,5.04,9.0,30.8,1.1,0.1,12.7,7.7,4.8,15.5,21.3,0.6,12.1,0.9,34.0,45.6,2.6,9.5,0,58,1,A01632,A01632_2020-05-08,0,2020-05-08
89.6,69.2,263.0,4.05,9.5,30.4,0.5,0.0,13.9,3.0,1.4,12.3,16.9,0.1,4.3,0.7,33.9,36.3,0.7,11.8,0,48,0,A00834,A00834_2020-05-08,0,2020-05-08
91.1,51.0,133.0,3.8,12.7,29.2,0.5,0.0,16.1,2.3,4.2,11.1,34.1,0.2,4.6,0.4,32.1,34.6,1.6,10.3,0,76,0,A00297,A00297_2020-05-08,0,2020-05-08
65.4,61.1,309.0,3.87,10.2,20.9,0.7,0.0,27.4,4.5,5.4,8.1,23.6,0.4,7.4,0.4,32.0,25.3,1.7,9.5,0,61,1,A00111,A00111_2020-05-08,0,2020-05-08
83.2,74.5,170.0,3.68,12.9,27.2,0.5,0.1,15.2,8.2,4.1,10.0,16.6,0.5,11.0,0.5,32.7,30.6,1.8,4.3,0,76,1,A00765,A00765_2020-05-08,0,2020-05-08
86.4,59.6,180.0,4.92,13.5,28.3,1.0,0.1,15.1,6.0,2.1,13.9,27.7,0.2,10.0,0.6,32.7,42.5,2.8,10.0,0,93,0,A00224,A00224_2020-05-08,0,2020-05-08
84.9,75.4,194.0,3.77,10.6,28.6,0.6,0.0,12.5,5.2,1.0,10.8,14.2,0.1,6.9,0.3,33.8,32.0,1.0,9.1,0,65,1,A01462,A01462_2020-05-08,0,2020-05-08
89.3,85.6,309.0,3.36,12.2,27.7,0.7,0.0,13.3,9.8,2.2,9.3,6.1,0.3,11.4,0.2,31.0,30.0,0.7,5.9,0,63,1,A01216,A01216_2020-05-08,0,2020-05-08
100.8,67.0,316.0,3.6,10.9,29.7,1.1,0.1,18.1,16.5,21.5,10.7,6.6,5.3,24.7,0.4,29.5,36.3,1.6,4.5,1,74,1,A00632,A00632_2020-05-09,1,2020-05-09
81.6,73.0,134.0,3.81,13.4,27.6,0.4,0.1,15.3,7.3,3.8,10.5,18.8,0.4,10.0,0.5,33.8,31.1,1.9,3.9,0,76,1,A00765,A00765_2020-05-09,0,2020-05-09
106.3,83.1,368.0,3.02,10.0,30.1,0.6,0.0,21.4,9.7,5.6,9.1,5.9,0.7,11.7,0.3,28.3,32.1,0.7,5.1,1,63,1,A00252,A00252_2020-05-09,0,2020-05-09
96.13333333333333,,223.3333333333333,3.52,10.53333333333333,31.43333333333334,,,19.06666666666667,,,11.06666666666667,,,23.76666666666667,,32.7,33.83333333333334,,,1,79,1,A01577,A01577_2020-05-09,0,2020-05-09
74.2,76.1,114.0,4.27,,22.5,1.0,0.0,25.2,8.3,1.3,9.6,13.2,0.1,10.9,0.3,30.3,31.7,1.4,9.1,0,65,1,A00075,A00075_2020-05-09,0,2020-05-09
91.2,52.9,162.0,3.77,13.2,27.3,0.5,0.0,15.8,2.4,9.0,10.3,26.4,0.4,4.5,1.1,29.9,34.4,1.2,10.6,0,81,0,A00316,A00316_2020-05-09,0,2020-05-09
89.5,91.1,284.0,3.32,12.1,28.3,0.8,0.0,13.2,16.8,2.1,9.4,2.2,0.4,18.4,0.2,31.6,29.7,0.4,4.4,0,63,1,A01216,A01216_2020-05-09,0,2020-05-09
85.8,53.6,179.0,3.74,12.7,27.0,0.6,0.1,15.7,3.9,4.4,10.1,33.5,0.3,7.2,0.7,31.5,32.1,2.4,7.8,0,93,1,A00792,A00792_2020-05-09,0,2020-05-09
90.1,54.7,191.0,3.52,11.3,31.8,0.4,0.0,13.6,3.0,0.7,11.2,36.3,0.0,5.5,0.2,35.3,31.7,2.0,8.1,0,57,0,A01260,A01260_2020-05-09,0,2020-05-09
96.6,87.1,419.0,3.5,11.3,32.6,1.0,0.1,15.9,19.9,0.3,11.4,7.7,0.1,22.9,0.6,33.7,33.8,1.8,4.3,0,36,1,A00977,A00977_2020-05-09,0,2020-05-09
103.7,72.5,152.0,2.72,11.4,34.2,0.5,0.0,14.0,3.8,1.7,9.3,15.9,0.1,5.2,0.8,33.0,28.2,0.8,9.1,1,72,0,A00371,A00371_2020-05-09,0,2020-05-09
91.0,63.0,46.0,3.12,,29.8,0.2,0.0,21.1,1.4,8.7,9.3,19.1,0.2,2.3,0.9,32.7,28.4,0.4,8.3,0,26,1,A00811,A00811_2020-05-09,0,2020-05-09
95.35,24.05,122.5,3.24,9.9,32.85,0.4,0.0,14.1,0.75,3.0,10.65,58.9,0.1,3.05,0.15,34.5,30.9,1.8,13.9,0,69,1,A00227,A00227_2020-05-10,0,2020-05-10
92.2,61.3,336.0,3.71,10.4,31.3,0.9,0.2,13.7,7.0,7.5,11.6,21.5,0.9,11.4,1.4,33.9,34.2,2.5,8.3,0,72,1,A01040,A01040_2020-05-10,0,2020-05-10
91.7,35.3,152.0,3.74,10.6,30.2,0.9,0.0,17.5,2.8,3.2,11.3,50.0,0.3,7.9,0.5,32.9,34.3,4.0,11.0,0,81,1,A00650,A00650_2020-05-10,0,2020-05-10
91.4,85.9,131.5,3.185,10.0,29.8,0.5,0.0,16.25,6.199999999999999,0.0,9.5,7.649999999999999,0.0,7.25,0.1,32.65,29.1,0.55,6.35,0,56,1,A00530,A00530_2020-05-10,0,2020-05-10
82.0,54.1,193.0,3.94,10.5,27.4,0.7,0.0,15.1,3.5,0.9,10.8,34.1,0.1,6.4,0.3,33.4,32.3,2.2,10.6,0,86,1,A01437,A01437_2020-05-10,0,2020-05-10
79.1,64.3,138.0,3.68,9.7,25.95,0.15,0.0,14.8,1.4,2.55,9.55,23.8,0.1,2.2,0.95,32.85,29.1,0.55,8.4,0,54,1,A01043,A01043_2020-05-10,0,2020-05-10
109.7,85.2,347.0,2.88,10.0,31.3,0.5,0.0,20.8,10.0,4.4,9.0,5.7,0.5,11.7,0.3,28.5,31.6,0.7,4.4,1,63,1,A00252,A00252_2020-05-10,0,2020-05-10
96.76666666666667,,190.6666666666667,3.303333333333333,10.7,31.6,,,18.86666666666666,,,10.43333333333334,,,25.03333333333333,,32.63333333333333,31.96666666666667,,,1,79,1,A01577,A01577_2020-05-10,0,2020-05-10
84.4,93.3,537.0,4.24,8.5,27.8,0.3,0.1,16.3,11.8,0.2,11.8,4.0,0.0,12.6,0.4,33.0,35.8,0.5,2.1,0,63,1,A00807,A00807_2020-05-10,0,2020-05-10
75.6,47.2,368.0,3.77,10.6,23.3,0.9,0.1,23.8,4.3,2.5,8.8,39.4,0.2,9.1,0.6,30.9,28.5,3.6,10.3,0,88,0,A01493,A01493_2020-05-10,0,2020-05-10
96.7,89.2,382.0,3.37,11.4,32.6,0.7,0.1,15.6,21.1,1.1,11.0,6.4,0.3,23.6,0.3,33.7,32.6,1.5,3.0,0,36,1,A00977,A00977_2020-05-10,0,2020-05-10
92.7,55.8,49.0,3.03,,30.4,0.2,0.0,21.2,0.8,8.2,9.2,22.4,0.1,1.5,1.4,32.7,28.1,0.3,12.2,0,26,1,A00811,A00811_2020-05-10,0,2020-05-10
88.95,74.44999999999999,177.5,2.865,10.2,30.0,0.5,0.0,22.05,3.4,0.55,8.600000000000001,13.9,0.0,4.550000000000001,0.1,33.7,25.5,0.6,11.0,0,62,0,A00896,A00896_2020-05-10,0,2020-05-10
87.1,65.8,191.0,3.79,9.7,30.6,0.7,0.0,12.4,5.9,2.7,11.6,23.2,0.2,9.0,0.3,35.2,33.0,2.1,8.0,0,70,1,A00837,A00837_2020-05-10,0,2020-05-10
107.4,67.8,158.0,2.85,11.8,33.7,0.5,0.0,13.9,2.6,1.3,9.6,18.8,0.1,3.9,0.5,31.4,30.6,0.7,11.6,1,72,0,A00371,A00371_2020-05-11,0,2020-05-11
90.4,33.7,218.0,3.74,9.5,28.3,0.4,0.1,14.6,1.9,2.3,10.6,55.5,0.1,5.6,0.9,31.4,33.8,3.1,7.6,0,56,0,A01266,A01266_2020-05-11,0,2020-05-11
88.2,60.9,188.0,4.85,10.4,28.0,0.8,0.1,16.8,4.9,2.5,13.6,25.5,0.2,8.0,0.9,31.8,42.8,2.0,10.2,0,77,1,A01188,A01188_2020-05-11,0,2020-05-11
90.55,51.6,136.0,3.77,13.65,28.4,0.6,0.05,16.05,3.0,17.25,10.7,20.8,1.0,5.85,0.7,31.3,34.15,1.2,9.65,0,81,0,A00316,A00316_2020-05-11,0,2020-05-11
89.0,89.6,250.0,2.91,12.6,28.2,0.6,0.0,13.2,12.4,1.8,8.2,4.2,0.2,13.8,0.1,31.7,25.9,0.6,4.3,0,63,1,A01216,A01216_2020-05-11,0,2020-05-11
87.1,83.6,207.0,3.02,13.7,28.1,0.7,0.0,13.0,8.7,1.8,8.5,7.9,0.2,10.4,0.2,32.3,26.3,0.8,6.5,0,63,1,A01216,A01216_2020-05-12,0,2020-05-12
83.9,68.4,52.0,3.29,,27.7,0.5,0.0,15.5,5.1,3.8,9.1,20.2,0.3,7.4,0.4,33.0,27.6,1.5,7.2,0,76,1,A00765,A00765_2020-05-12,0,2020-05-12
82.1,50.7,180.0,3.46,10.6,26.9,0.3,0.0,15.4,1.9,5.3,9.3,36.8,0.2,3.8,0.5,32.7,28.4,1.4,6.7,0,86,1,A01437,A01437_2020-05-12,0,2020-05-12
90.9,56.3,103.0,3.73,14.5,28.2,0.7,0.0,16.8,4.0,13.6,10.5,19.2,1.0,7.1,0.7,31.0,33.9,1.4,10.2,0,81,0,A00316,A00316_2020-05-13,0,2020-05-13
86.8,65.5,112.0,2.87,9.5,29.3,0.4,0.0,12.8,3.8,0.5,8.4,27.6,0.0,5.8,0.2,33.7,24.9,1.6,6.2,1,42,1,A00304,A00304_2020-05-13,0,2020-05-13
89.6,45.9,196.0,4.24,11.0,27.8,0.4,0.0,19.3,1.5,1.8,11.8,37.8,0.1,3.3,1.2,31.1,38.0,1.2,13.3,0,54,1,A00145,A00145_2020-05-13,0,2020-05-13
